
*** Running vivado
    with args -log top.vds -m64 -product Vivado -mode batch -messageDb vivado.pb -notrace -source top.tcl



****** Vivado v2023.1 (64-bit)
  **** SW Build 3865809 on Sun May  7 15:05:29 MDT 2023
  **** IP Build 3864474 on Sun May  7 20:36:21 MDT 2023
  **** SharedData Build 3865790 on Sun May 07 13:33:03 MDT 2023
    ** Copyright 1986-2022 Xilinx, Inc. All Rights Reserved.
    ** Copyright 2022-2023 Advanced Micro Devices, Inc. All Rights Reserved.

source top.tcl -notrace
create_project: Time (s): cpu = 00:00:04 ; elapsed = 00:00:07 . Memory (MB): peak = 1912.414 ; gain = 165.344
Command: read_checkpoint -auto_incremental -incremental C:/Users/Korisnik/Desktop/DSONG/projekat/project_1/project_1.srcs/utils_1/imports/synth_1/top.dcp
INFO: [Vivado 12-5825] Read reference checkpoint from C:/Users/Korisnik/Desktop/DSONG/projekat/project_1/project_1.srcs/utils_1/imports/synth_1/top.dcp for incremental synthesis
INFO: [Vivado 12-7989] Please ensure there are no constraint changes
Command: synth_design -top top -part xc7z020clg400-1
Starting synth_design
Attempting to get a license for feature 'Synthesis' and/or device 'xc7z020'
INFO: [Common 17-349] Got license for feature 'Synthesis' and/or device 'xc7z020'
INFO: [Device 21-403] Loading part xc7z020clg400-1
INFO: [Designutils 20-5440] No compile time benefit to using incremental synthesis; A full resynthesis will be run
INFO: [Designutils 20-4379] Flow is switching to default flow due to incremental criteria not met. If you would like to alter this behaviour and have the flow terminate instead, please set the following parameter config_implementation {autoIncr.Synth.RejectBehavior Terminate}
INFO: [Synth 8-7079] Multithreading enabled for synth_design using a maximum of 2 processes.
INFO: [Synth 8-7078] Launching helper process for spawning children vivado processes
INFO: [Synth 8-7075] Helper process launched with PID 21392
---------------------------------------------------------------------------------
Starting RTL Elaboration : Time (s): cpu = 00:00:03 ; elapsed = 00:00:04 . Memory (MB): peak = 2766.059 ; gain = 411.035
---------------------------------------------------------------------------------
WARNING: [Synth 8-9112] actual for formal port 'we' is neither a static name nor a globally static expression [C:/Users/Korisnik/Desktop/DSONG/projekat/hdl/top.vhd:131]
INFO: [Synth 8-638] synthesizing module 'top' [C:/Users/Korisnik/Desktop/DSONG/projekat/hdl/top.vhd:34]
INFO: [Synth 8-638] synthesizing module 'bram' [C:/Users/Korisnik/Desktop/DSONG/projekat/hdl/bram.vhd:19]
	Parameter RAM_WIDTH bound to: 24 - type: integer 
	Parameter RAM_DEPTH bound to: 4096 - type: integer 
	Parameter ADDR_SIZE bound to: 12 - type: integer 
INFO: [Synth 8-256] done synthesizing module 'bram' (0#1) [C:/Users/Korisnik/Desktop/DSONG/projekat/hdl/bram.vhd:19]
INFO: [Synth 8-638] synthesizing module 'replication' [C:/Users/Korisnik/Desktop/DSONG/projekat/hdl/replication.vhd:22]
	Parameter fir_ord bound to: 5 - type: integer 
	Parameter input_data_width bound to: 24 - type: integer 
	Parameter output_data_width bound to: 25 - type: integer 
	Parameter number_of_replication bound to: 7 - type: integer 
INFO: [Synth 8-638] synthesizing module 'two_fir_with_compare' [C:/Users/Korisnik/Desktop/DSONG/projekat/hdl/two_fir_with_compare.vhd:20]
	Parameter fir_ord bound to: 5 - type: integer 
	Parameter input_data_width bound to: 24 - type: integer 
	Parameter output_data_width bound to: 24 - type: integer 
INFO: [Synth 8-638] synthesizing module 'fir_param' [C:/Users/Korisnik/Desktop/DSONG/projekat/hdl/fir_param.vhd:19]
	Parameter fir_ord bound to: 5 - type: integer 
	Parameter input_data_width bound to: 24 - type: integer 
	Parameter output_data_width bound to: 24 - type: integer 
INFO: [Synth 8-638] synthesizing module 'mac' [C:/Users/Korisnik/Desktop/DSONG/projekat/hdl/mac.vhd:16]
	Parameter input_data_width bound to: 24 - type: integer 
INFO: [Synth 8-256] done synthesizing module 'mac' (0#1) [C:/Users/Korisnik/Desktop/DSONG/projekat/hdl/mac.vhd:16]
INFO: [Synth 8-256] done synthesizing module 'fir_param' (0#1) [C:/Users/Korisnik/Desktop/DSONG/projekat/hdl/fir_param.vhd:19]
INFO: [Synth 8-256] done synthesizing module 'two_fir_with_compare' (0#1) [C:/Users/Korisnik/Desktop/DSONG/projekat/hdl/two_fir_with_compare.vhd:20]
INFO: [Synth 8-256] done synthesizing module 'replication' (0#1) [C:/Users/Korisnik/Desktop/DSONG/projekat/hdl/replication.vhd:22]
WARNING: [Synth 8-614] signal 'addr_read_s' is read in the process but is not in the sensitivity list [C:/Users/Korisnik/Desktop/DSONG/projekat/hdl/top.vhd:147]
INFO: [Synth 8-256] done synthesizing module 'top' (0#1) [C:/Users/Korisnik/Desktop/DSONG/projekat/hdl/top.vhd:34]
WARNING: [Synth 8-7129] Port rst_i in module replication is either unconnected or has no load
---------------------------------------------------------------------------------
Finished RTL Elaboration : Time (s): cpu = 00:00:04 ; elapsed = 00:00:06 . Memory (MB): peak = 2857.906 ; gain = 502.883
---------------------------------------------------------------------------------
---------------------------------------------------------------------------------
Start Handling Custom Attributes
---------------------------------------------------------------------------------
---------------------------------------------------------------------------------
Finished Handling Custom Attributes : Time (s): cpu = 00:00:04 ; elapsed = 00:00:06 . Memory (MB): peak = 2875.832 ; gain = 520.809
---------------------------------------------------------------------------------
---------------------------------------------------------------------------------
Finished RTL Optimization Phase 1 : Time (s): cpu = 00:00:04 ; elapsed = 00:00:06 . Memory (MB): peak = 2875.832 ; gain = 520.809
---------------------------------------------------------------------------------
Netlist sorting complete. Time (s): cpu = 00:00:00 ; elapsed = 00:00:00.219 . Memory (MB): peak = 2887.891 ; gain = 0.000
INFO: [Project 1-570] Preparing netlist for logic optimization

Processing XDC Constraints
Initializing timing engine
Parsing XDC File [C:/Users/Korisnik/Desktop/DSONG/projekat/constraint/clock_constraint.xdc]
Finished Parsing XDC File [C:/Users/Korisnik/Desktop/DSONG/projekat/constraint/clock_constraint.xdc]
Completed Processing XDC Constraints

Netlist sorting complete. Time (s): cpu = 00:00:00 ; elapsed = 00:00:00.001 . Memory (MB): peak = 2988.543 ; gain = 0.000
INFO: [Project 1-111] Unisim Transformation Summary:
No Unisim elements were transformed.

Constraint Validation Runtime : Time (s): cpu = 00:00:00 ; elapsed = 00:00:00.087 . Memory (MB): peak = 2988.543 ; gain = 0.000
INFO: [Designutils 20-5440] No compile time benefit to using incremental synthesis; A full resynthesis will be run
INFO: [Designutils 20-4379] Flow is switching to default flow due to incremental criteria not met. If you would like to alter this behaviour and have the flow terminate instead, please set the following parameter config_implementation {autoIncr.Synth.RejectBehavior Terminate}
---------------------------------------------------------------------------------
Finished Constraint Validation : Time (s): cpu = 00:00:09 ; elapsed = 00:00:14 . Memory (MB): peak = 2988.543 ; gain = 633.520
---------------------------------------------------------------------------------
---------------------------------------------------------------------------------
Start Loading Part and Timing Information
---------------------------------------------------------------------------------
Loading part: xc7z020clg400-1
---------------------------------------------------------------------------------
Finished Loading Part and Timing Information : Time (s): cpu = 00:00:09 ; elapsed = 00:00:14 . Memory (MB): peak = 2988.543 ; gain = 633.520
---------------------------------------------------------------------------------
---------------------------------------------------------------------------------
Start Applying 'set_property' XDC Constraints
---------------------------------------------------------------------------------
---------------------------------------------------------------------------------
Finished applying 'set_property' XDC Constraints : Time (s): cpu = 00:00:09 ; elapsed = 00:00:14 . Memory (MB): peak = 2988.543 ; gain = 633.520
---------------------------------------------------------------------------------
---------------------------------------------------------------------------------
Finished RTL Optimization Phase 2 : Time (s): cpu = 00:00:09 ; elapsed = 00:00:14 . Memory (MB): peak = 2988.543 ; gain = 633.520
---------------------------------------------------------------------------------
---------------------------------------------------------------------------------
Start RTL Component Statistics 
---------------------------------------------------------------------------------
Detailed RTL Component Info : 
+---Adders : 
	   2 Input    8 Bit       Adders := 1     
	   2 Input    3 Bit       Adders := 1     
+---Registers : 
	               24 Bit    Registers := 277   
	               18 Bit    Registers := 84    
	                8 Bit    Registers := 1     
	                3 Bit    Registers := 3     
	                1 Bit    Registers := 10    
+---RAMs : 
	              96K Bit	(4096 X 24 bit)          RAMs := 2     
+---Muxes : 
	   2 Input   24 Bit        Muxes := 8     
	   2 Input   13 Bit        Muxes := 1     
	   2 Input    3 Bit        Muxes := 1     
	   2 Input    1 Bit        Muxes := 88    
---------------------------------------------------------------------------------
Finished RTL Component Statistics 
---------------------------------------------------------------------------------
---------------------------------------------------------------------------------
Start Part Resource Summary
---------------------------------------------------------------------------------
Part Resources:
DSPs: 220 (col length:60)
BRAMs: 280 (col length: RAMB18 60 RAMB36 30)
---------------------------------------------------------------------------------
Finished Part Resource Summary
---------------------------------------------------------------------------------
---------------------------------------------------------------------------------
Start Cross Boundary and Area Optimization
---------------------------------------------------------------------------------
WARNING: [Synth 8-7080] Parallel synthesis criteria is not met
DSP Report: Generating DSP reg_s1, operation Mode is: A2*B2.
DSP Report: register reg_s1 is absorbed into DSP reg_s1.
DSP Report: register reg_in1_reg is absorbed into DSP reg_s1.
DSP Report: operator reg_s1 is absorbed into DSP reg_s1.
DSP Report: operator reg_s1 is absorbed into DSP reg_s1.
DSP Report: Generating DSP reg_s1, operation Mode is: (PCIN>>17)+A2*B.
DSP Report: register reg_in1_reg is absorbed into DSP reg_s1.
DSP Report: operator reg_s1 is absorbed into DSP reg_s1.
DSP Report: operator reg_s1 is absorbed into DSP reg_s1.
DSP Report: Generating DSP reg_s_reg, operation Mode is: (C+A:B)'.
DSP Report: register reg_s_reg is absorbed into DSP reg_s_reg.
DSP Report: operator reg_s0 is absorbed into DSP reg_s_reg.
DSP Report: Generating DSP reg_s1, operation Mode is: A2*B2.
DSP Report: register reg_s1 is absorbed into DSP reg_s1.
DSP Report: register reg_in1_reg is absorbed into DSP reg_s1.
DSP Report: operator reg_s1 is absorbed into DSP reg_s1.
DSP Report: operator reg_s1 is absorbed into DSP reg_s1.
DSP Report: Generating DSP reg_s1, operation Mode is: (PCIN>>17)+A2*B.
DSP Report: register reg_in1_reg is absorbed into DSP reg_s1.
DSP Report: operator reg_s1 is absorbed into DSP reg_s1.
DSP Report: operator reg_s1 is absorbed into DSP reg_s1.
DSP Report: Generating DSP reg_s_reg, operation Mode is: (C+A:B)'.
DSP Report: register reg_s_reg is absorbed into DSP reg_s_reg.
DSP Report: operator reg_s0 is absorbed into DSP reg_s_reg.
DSP Report: Generating DSP reg_s1, operation Mode is: A2*B2.
DSP Report: register reg_s1 is absorbed into DSP reg_s1.
DSP Report: register reg_in1_reg is absorbed into DSP reg_s1.
DSP Report: operator reg_s1 is absorbed into DSP reg_s1.
DSP Report: operator reg_s1 is absorbed into DSP reg_s1.
DSP Report: Generating DSP reg_s1, operation Mode is: (PCIN>>17)+A2*B.
DSP Report: register reg_in1_reg is absorbed into DSP reg_s1.
DSP Report: operator reg_s1 is absorbed into DSP reg_s1.
DSP Report: operator reg_s1 is absorbed into DSP reg_s1.
DSP Report: Generating DSP reg_s_reg, operation Mode is: (C+A:B)'.
DSP Report: register reg_s_reg is absorbed into DSP reg_s_reg.
DSP Report: operator reg_s0 is absorbed into DSP reg_s_reg.
DSP Report: Generating DSP reg_s1, operation Mode is: A2*B2.
DSP Report: register reg_s1 is absorbed into DSP reg_s1.
DSP Report: register reg_in1_reg is absorbed into DSP reg_s1.
DSP Report: operator reg_s1 is absorbed into DSP reg_s1.
DSP Report: operator reg_s1 is absorbed into DSP reg_s1.
DSP Report: Generating DSP reg_s1, operation Mode is: (PCIN>>17)+A2*B.
DSP Report: register reg_in1_reg is absorbed into DSP reg_s1.
DSP Report: operator reg_s1 is absorbed into DSP reg_s1.
DSP Report: operator reg_s1 is absorbed into DSP reg_s1.
DSP Report: Generating DSP reg_s_reg, operation Mode is: (C+A:B)'.
DSP Report: register reg_s_reg is absorbed into DSP reg_s_reg.
DSP Report: operator reg_s0 is absorbed into DSP reg_s_reg.
DSP Report: Generating DSP reg_s1, operation Mode is: A2*B2.
DSP Report: register reg_s1 is absorbed into DSP reg_s1.
DSP Report: register reg_in1_reg is absorbed into DSP reg_s1.
DSP Report: operator reg_s1 is absorbed into DSP reg_s1.
DSP Report: operator reg_s1 is absorbed into DSP reg_s1.
DSP Report: Generating DSP reg_s1, operation Mode is: (PCIN>>17)+A2*B.
DSP Report: register reg_in1_reg is absorbed into DSP reg_s1.
DSP Report: operator reg_s1 is absorbed into DSP reg_s1.
DSP Report: operator reg_s1 is absorbed into DSP reg_s1.
DSP Report: Generating DSP reg_s_reg, operation Mode is: (C+A:B)'.
DSP Report: register reg_s_reg is absorbed into DSP reg_s_reg.
DSP Report: operator reg_s0 is absorbed into DSP reg_s_reg.
DSP Report: Generating DSP reg_s1, operation Mode is: A2*B2.
DSP Report: register reg_s1 is absorbed into DSP reg_s1.
DSP Report: register reg_in1_reg is absorbed into DSP reg_s1.
DSP Report: operator reg_s1 is absorbed into DSP reg_s1.
DSP Report: operator reg_s1 is absorbed into DSP reg_s1.
DSP Report: Generating DSP reg_s1, operation Mode is: (PCIN>>17)+A2*B.
DSP Report: register reg_in1_reg is absorbed into DSP reg_s1.
DSP Report: operator reg_s1 is absorbed into DSP reg_s1.
DSP Report: operator reg_s1 is absorbed into DSP reg_s1.
DSP Report: Generating DSP reg_s_reg, operation Mode is: (C+A:B)'.
DSP Report: register reg_s_reg is absorbed into DSP reg_s_reg.
DSP Report: operator reg_s0 is absorbed into DSP reg_s_reg.
DSP Report: Generating DSP reg_s1, operation Mode is: A2*B2.
DSP Report: register reg_s1 is absorbed into DSP reg_s1.
DSP Report: register reg_in1_reg is absorbed into DSP reg_s1.
DSP Report: operator reg_s1 is absorbed into DSP reg_s1.
DSP Report: operator reg_s1 is absorbed into DSP reg_s1.
DSP Report: Generating DSP reg_s1, operation Mode is: (PCIN>>17)+A2*B.
DSP Report: register reg_in1_reg is absorbed into DSP reg_s1.
DSP Report: operator reg_s1 is absorbed into DSP reg_s1.
DSP Report: operator reg_s1 is absorbed into DSP reg_s1.
DSP Report: Generating DSP reg_s_reg, operation Mode is: (C+A:B)'.
DSP Report: register reg_s_reg is absorbed into DSP reg_s_reg.
DSP Report: operator reg_s0 is absorbed into DSP reg_s_reg.
DSP Report: Generating DSP reg_s1, operation Mode is: A2*B2.
DSP Report: register reg_s1 is absorbed into DSP reg_s1.
DSP Report: register reg_in1_reg is absorbed into DSP reg_s1.
DSP Report: operator reg_s1 is absorbed into DSP reg_s1.
DSP Report: operator reg_s1 is absorbed into DSP reg_s1.
DSP Report: Generating DSP reg_s1, operation Mode is: (PCIN>>17)+A2*B.
DSP Report: register reg_in1_reg is absorbed into DSP reg_s1.
DSP Report: operator reg_s1 is absorbed into DSP reg_s1.
DSP Report: operator reg_s1 is absorbed into DSP reg_s1.
DSP Report: Generating DSP reg_s_reg, operation Mode is: (C+A:B)'.
DSP Report: register reg_s_reg is absorbed into DSP reg_s_reg.
DSP Report: operator reg_s0 is absorbed into DSP reg_s_reg.
DSP Report: Generating DSP reg_s1, operation Mode is: A2*B2.
DSP Report: register reg_s1 is absorbed into DSP reg_s1.
DSP Report: register reg_in1_reg is absorbed into DSP reg_s1.
DSP Report: operator reg_s1 is absorbed into DSP reg_s1.
DSP Report: operator reg_s1 is absorbed into DSP reg_s1.
DSP Report: Generating DSP reg_s1, operation Mode is: (PCIN>>17)+A2*B.
DSP Report: register reg_in1_reg is absorbed into DSP reg_s1.
DSP Report: operator reg_s1 is absorbed into DSP reg_s1.
DSP Report: operator reg_s1 is absorbed into DSP reg_s1.
DSP Report: Generating DSP reg_s_reg, operation Mode is: (C+A:B)'.
DSP Report: register reg_s_reg is absorbed into DSP reg_s_reg.
DSP Report: operator reg_s0 is absorbed into DSP reg_s_reg.
DSP Report: Generating DSP reg_s1, operation Mode is: A2*B2.
DSP Report: register reg_s1 is absorbed into DSP reg_s1.
DSP Report: register reg_in1_reg is absorbed into DSP reg_s1.
DSP Report: operator reg_s1 is absorbed into DSP reg_s1.
DSP Report: operator reg_s1 is absorbed into DSP reg_s1.
DSP Report: Generating DSP reg_s1, operation Mode is: (PCIN>>17)+A2*B.
DSP Report: register reg_in1_reg is absorbed into DSP reg_s1.
DSP Report: operator reg_s1 is absorbed into DSP reg_s1.
DSP Report: operator reg_s1 is absorbed into DSP reg_s1.
DSP Report: Generating DSP reg_s_reg, operation Mode is: (C+A:B)'.
DSP Report: register reg_s_reg is absorbed into DSP reg_s_reg.
DSP Report: operator reg_s0 is absorbed into DSP reg_s_reg.
DSP Report: Generating DSP reg_s1, operation Mode is: A2*B2.
DSP Report: register reg_s1 is absorbed into DSP reg_s1.
DSP Report: register reg_in1_reg is absorbed into DSP reg_s1.
DSP Report: operator reg_s1 is absorbed into DSP reg_s1.
DSP Report: operator reg_s1 is absorbed into DSP reg_s1.
DSP Report: Generating DSP reg_s1, operation Mode is: (PCIN>>17)+A2*B.
DSP Report: register reg_in1_reg is absorbed into DSP reg_s1.
DSP Report: operator reg_s1 is absorbed into DSP reg_s1.
DSP Report: operator reg_s1 is absorbed into DSP reg_s1.
DSP Report: Generating DSP reg_s_reg, operation Mode is: (C+A:B)'.
DSP Report: register reg_s_reg is absorbed into DSP reg_s_reg.
DSP Report: operator reg_s0 is absorbed into DSP reg_s_reg.
DSP Report: Generating DSP reg_s1, operation Mode is: A2*B2.
DSP Report: register reg_s1 is absorbed into DSP reg_s1.
DSP Report: register reg_in1_reg is absorbed into DSP reg_s1.
DSP Report: operator reg_s1 is absorbed into DSP reg_s1.
DSP Report: operator reg_s1 is absorbed into DSP reg_s1.
DSP Report: Generating DSP reg_s1, operation Mode is: (PCIN>>17)+A2*B.
DSP Report: register reg_in1_reg is absorbed into DSP reg_s1.
DSP Report: operator reg_s1 is absorbed into DSP reg_s1.
DSP Report: operator reg_s1 is absorbed into DSP reg_s1.
DSP Report: Generating DSP reg_s_reg, operation Mode is: (C+A:B)'.
DSP Report: register reg_s_reg is absorbed into DSP reg_s_reg.
DSP Report: operator reg_s0 is absorbed into DSP reg_s_reg.
DSP Report: Generating DSP reg_s1, operation Mode is: A2*B2.
DSP Report: register reg_s1 is absorbed into DSP reg_s1.
DSP Report: register reg_in1_reg is absorbed into DSP reg_s1.
DSP Report: operator reg_s1 is absorbed into DSP reg_s1.
DSP Report: operator reg_s1 is absorbed into DSP reg_s1.
DSP Report: Generating DSP reg_s1, operation Mode is: (PCIN>>17)+A2*B.
DSP Report: register reg_in1_reg is absorbed into DSP reg_s1.
DSP Report: operator reg_s1 is absorbed into DSP reg_s1.
DSP Report: operator reg_s1 is absorbed into DSP reg_s1.
DSP Report: Generating DSP reg_s_reg, operation Mode is: (C+A:B)'.
DSP Report: register reg_s_reg is absorbed into DSP reg_s_reg.
DSP Report: operator reg_s0 is absorbed into DSP reg_s_reg.
DSP Report: Generating DSP reg_s1, operation Mode is: A2*B2.
DSP Report: register reg_s1 is absorbed into DSP reg_s1.
DSP Report: register reg_in1_reg is absorbed into DSP reg_s1.
DSP Report: operator reg_s1 is absorbed into DSP reg_s1.
DSP Report: operator reg_s1 is absorbed into DSP reg_s1.
DSP Report: Generating DSP reg_s1, operation Mode is: (PCIN>>17)+A2*B.
DSP Report: register reg_in1_reg is absorbed into DSP reg_s1.
DSP Report: operator reg_s1 is absorbed into DSP reg_s1.
DSP Report: operator reg_s1 is absorbed into DSP reg_s1.
DSP Report: Generating DSP reg_s_reg, operation Mode is: (C+A:B)'.
DSP Report: register reg_s_reg is absorbed into DSP reg_s_reg.
DSP Report: operator reg_s0 is absorbed into DSP reg_s_reg.
DSP Report: Generating DSP reg_s1, operation Mode is: A2*B2.
DSP Report: register reg_s1 is absorbed into DSP reg_s1.
DSP Report: register reg_in1_reg is absorbed into DSP reg_s1.
DSP Report: operator reg_s1 is absorbed into DSP reg_s1.
DSP Report: operator reg_s1 is absorbed into DSP reg_s1.
DSP Report: Generating DSP reg_s1, operation Mode is: (PCIN>>17)+A2*B.
DSP Report: register reg_in1_reg is absorbed into DSP reg_s1.
DSP Report: operator reg_s1 is absorbed into DSP reg_s1.
DSP Report: operator reg_s1 is absorbed into DSP reg_s1.
DSP Report: Generating DSP reg_s_reg, operation Mode is: (C+A:B)'.
DSP Report: register reg_s_reg is absorbed into DSP reg_s_reg.
DSP Report: operator reg_s0 is absorbed into DSP reg_s_reg.
DSP Report: Generating DSP reg_s1, operation Mode is: A2*B2.
DSP Report: register reg_s1 is absorbed into DSP reg_s1.
DSP Report: register reg_in1_reg is absorbed into DSP reg_s1.
DSP Report: operator reg_s1 is absorbed into DSP reg_s1.
DSP Report: operator reg_s1 is absorbed into DSP reg_s1.
DSP Report: Generating DSP reg_s1, operation Mode is: (PCIN>>17)+A2*B.
DSP Report: register reg_in1_reg is absorbed into DSP reg_s1.
DSP Report: operator reg_s1 is absorbed into DSP reg_s1.
DSP Report: operator reg_s1 is absorbed into DSP reg_s1.
DSP Report: Generating DSP reg_s_reg, operation Mode is: (C+A:B)'.
DSP Report: register reg_s_reg is absorbed into DSP reg_s_reg.
DSP Report: operator reg_s0 is absorbed into DSP reg_s_reg.
DSP Report: Generating DSP reg_s1, operation Mode is: A2*B2.
DSP Report: register reg_s1 is absorbed into DSP reg_s1.
DSP Report: register reg_in1_reg is absorbed into DSP reg_s1.
DSP Report: operator reg_s1 is absorbed into DSP reg_s1.
DSP Report: operator reg_s1 is absorbed into DSP reg_s1.
DSP Report: Generating DSP reg_s1, operation Mode is: (PCIN>>17)+A2*B.
DSP Report: register reg_in1_reg is absorbed into DSP reg_s1.
DSP Report: operator reg_s1 is absorbed into DSP reg_s1.
DSP Report: operator reg_s1 is absorbed into DSP reg_s1.
DSP Report: Generating DSP reg_s_reg, operation Mode is: (C+A:B)'.
DSP Report: register reg_s_reg is absorbed into DSP reg_s_reg.
DSP Report: operator reg_s0 is absorbed into DSP reg_s_reg.
DSP Report: Generating DSP reg_s1, operation Mode is: A2*B2.
DSP Report: register reg_s1 is absorbed into DSP reg_s1.
DSP Report: register reg_in1_reg is absorbed into DSP reg_s1.
DSP Report: operator reg_s1 is absorbed into DSP reg_s1.
DSP Report: operator reg_s1 is absorbed into DSP reg_s1.
DSP Report: Generating DSP reg_s1, operation Mode is: (PCIN>>17)+A2*B.
DSP Report: register reg_in1_reg is absorbed into DSP reg_s1.
DSP Report: operator reg_s1 is absorbed into DSP reg_s1.
DSP Report: operator reg_s1 is absorbed into DSP reg_s1.
DSP Report: Generating DSP reg_s_reg, operation Mode is: (C+A:B)'.
DSP Report: register reg_s_reg is absorbed into DSP reg_s_reg.
DSP Report: operator reg_s0 is absorbed into DSP reg_s_reg.
DSP Report: Generating DSP reg_s1, operation Mode is: A2*B2.
DSP Report: register reg_s1 is absorbed into DSP reg_s1.
DSP Report: register reg_in1_reg is absorbed into DSP reg_s1.
DSP Report: operator reg_s1 is absorbed into DSP reg_s1.
DSP Report: operator reg_s1 is absorbed into DSP reg_s1.
DSP Report: Generating DSP reg_s1, operation Mode is: (PCIN>>17)+A2*B.
DSP Report: register reg_in1_reg is absorbed into DSP reg_s1.
DSP Report: operator reg_s1 is absorbed into DSP reg_s1.
DSP Report: operator reg_s1 is absorbed into DSP reg_s1.
DSP Report: Generating DSP reg_s_reg, operation Mode is: (C+A:B)'.
DSP Report: register reg_s_reg is absorbed into DSP reg_s_reg.
DSP Report: operator reg_s0 is absorbed into DSP reg_s_reg.
DSP Report: Generating DSP reg_s1, operation Mode is: A2*B2.
DSP Report: register reg_s1 is absorbed into DSP reg_s1.
DSP Report: register reg_in1_reg is absorbed into DSP reg_s1.
DSP Report: operator reg_s1 is absorbed into DSP reg_s1.
DSP Report: operator reg_s1 is absorbed into DSP reg_s1.
DSP Report: Generating DSP reg_s1, operation Mode is: (PCIN>>17)+A2*B.
DSP Report: register reg_in1_reg is absorbed into DSP reg_s1.
DSP Report: operator reg_s1 is absorbed into DSP reg_s1.
DSP Report: operator reg_s1 is absorbed into DSP reg_s1.
DSP Report: Generating DSP reg_s_reg, operation Mode is: (C+A:B)'.
DSP Report: register reg_s_reg is absorbed into DSP reg_s_reg.
DSP Report: operator reg_s0 is absorbed into DSP reg_s_reg.
DSP Report: Generating DSP reg_s1, operation Mode is: A2*B2.
DSP Report: register reg_s1 is absorbed into DSP reg_s1.
DSP Report: register reg_in1_reg is absorbed into DSP reg_s1.
DSP Report: operator reg_s1 is absorbed into DSP reg_s1.
DSP Report: operator reg_s1 is absorbed into DSP reg_s1.
DSP Report: Generating DSP reg_s1, operation Mode is: (PCIN>>17)+A2*B.
DSP Report: register reg_in1_reg is absorbed into DSP reg_s1.
DSP Report: operator reg_s1 is absorbed into DSP reg_s1.
DSP Report: operator reg_s1 is absorbed into DSP reg_s1.
DSP Report: Generating DSP reg_s_reg, operation Mode is: (C+A:B)'.
DSP Report: register reg_s_reg is absorbed into DSP reg_s_reg.
DSP Report: operator reg_s0 is absorbed into DSP reg_s_reg.
DSP Report: Generating DSP reg_s1, operation Mode is: A2*B2.
DSP Report: register reg_s1 is absorbed into DSP reg_s1.
DSP Report: register reg_in1_reg is absorbed into DSP reg_s1.
DSP Report: operator reg_s1 is absorbed into DSP reg_s1.
DSP Report: operator reg_s1 is absorbed into DSP reg_s1.
DSP Report: Generating DSP reg_s1, operation Mode is: (PCIN>>17)+A2*B.
DSP Report: register reg_in1_reg is absorbed into DSP reg_s1.
DSP Report: operator reg_s1 is absorbed into DSP reg_s1.
DSP Report: operator reg_s1 is absorbed into DSP reg_s1.
DSP Report: Generating DSP reg_s_reg, operation Mode is: (C+A:B)'.
DSP Report: register reg_s_reg is absorbed into DSP reg_s_reg.
DSP Report: operator reg_s0 is absorbed into DSP reg_s_reg.
DSP Report: Generating DSP reg_s1, operation Mode is: A2*B2.
DSP Report: register reg_s1 is absorbed into DSP reg_s1.
DSP Report: register reg_in1_reg is absorbed into DSP reg_s1.
DSP Report: operator reg_s1 is absorbed into DSP reg_s1.
DSP Report: operator reg_s1 is absorbed into DSP reg_s1.
DSP Report: Generating DSP reg_s1, operation Mode is: (PCIN>>17)+A2*B.
DSP Report: register reg_in1_reg is absorbed into DSP reg_s1.
DSP Report: operator reg_s1 is absorbed into DSP reg_s1.
DSP Report: operator reg_s1 is absorbed into DSP reg_s1.
DSP Report: Generating DSP reg_s_reg, operation Mode is: (C+A:B)'.
DSP Report: register reg_s_reg is absorbed into DSP reg_s_reg.
DSP Report: operator reg_s0 is absorbed into DSP reg_s_reg.
DSP Report: Generating DSP reg_s1, operation Mode is: A2*B2.
DSP Report: register reg_s1 is absorbed into DSP reg_s1.
DSP Report: register reg_in1_reg is absorbed into DSP reg_s1.
DSP Report: operator reg_s1 is absorbed into DSP reg_s1.
DSP Report: operator reg_s1 is absorbed into DSP reg_s1.
DSP Report: Generating DSP reg_s1, operation Mode is: (PCIN>>17)+A2*B.
DSP Report: register reg_in1_reg is absorbed into DSP reg_s1.
DSP Report: operator reg_s1 is absorbed into DSP reg_s1.
DSP Report: operator reg_s1 is absorbed into DSP reg_s1.
DSP Report: Generating DSP reg_s_reg, operation Mode is: (C+A:B)'.
DSP Report: register reg_s_reg is absorbed into DSP reg_s_reg.
DSP Report: operator reg_s0 is absorbed into DSP reg_s_reg.
DSP Report: Generating DSP reg_s1, operation Mode is: A2*B2.
DSP Report: register reg_s1 is absorbed into DSP reg_s1.
DSP Report: register reg_in1_reg is absorbed into DSP reg_s1.
DSP Report: operator reg_s1 is absorbed into DSP reg_s1.
DSP Report: operator reg_s1 is absorbed into DSP reg_s1.
DSP Report: Generating DSP reg_s1, operation Mode is: (PCIN>>17)+A2*B.
DSP Report: register reg_in1_reg is absorbed into DSP reg_s1.
DSP Report: operator reg_s1 is absorbed into DSP reg_s1.
DSP Report: operator reg_s1 is absorbed into DSP reg_s1.
DSP Report: Generating DSP reg_s_reg, operation Mode is: (C+A:B)'.
DSP Report: register reg_s_reg is absorbed into DSP reg_s_reg.
DSP Report: operator reg_s0 is absorbed into DSP reg_s_reg.
DSP Report: Generating DSP reg_s1, operation Mode is: A2*B2.
DSP Report: register reg_s1 is absorbed into DSP reg_s1.
DSP Report: register reg_in1_reg is absorbed into DSP reg_s1.
DSP Report: operator reg_s1 is absorbed into DSP reg_s1.
DSP Report: operator reg_s1 is absorbed into DSP reg_s1.
DSP Report: Generating DSP reg_s1, operation Mode is: (PCIN>>17)+A2*B.
DSP Report: register reg_in1_reg is absorbed into DSP reg_s1.
DSP Report: operator reg_s1 is absorbed into DSP reg_s1.
DSP Report: operator reg_s1 is absorbed into DSP reg_s1.
DSP Report: Generating DSP reg_s_reg, operation Mode is: (C+A:B)'.
DSP Report: register reg_s_reg is absorbed into DSP reg_s_reg.
DSP Report: operator reg_s0 is absorbed into DSP reg_s_reg.
DSP Report: Generating DSP reg_s1, operation Mode is: A2*B2.
DSP Report: register reg_s1 is absorbed into DSP reg_s1.
DSP Report: register reg_in1_reg is absorbed into DSP reg_s1.
DSP Report: operator reg_s1 is absorbed into DSP reg_s1.
DSP Report: operator reg_s1 is absorbed into DSP reg_s1.
DSP Report: Generating DSP reg_s1, operation Mode is: (PCIN>>17)+A2*B.
DSP Report: register reg_in1_reg is absorbed into DSP reg_s1.
DSP Report: operator reg_s1 is absorbed into DSP reg_s1.
DSP Report: operator reg_s1 is absorbed into DSP reg_s1.
DSP Report: Generating DSP reg_s_reg, operation Mode is: (C+A:B)'.
DSP Report: register reg_s_reg is absorbed into DSP reg_s_reg.
DSP Report: operator reg_s0 is absorbed into DSP reg_s_reg.
DSP Report: Generating DSP reg_s1, operation Mode is: A2*B2.
DSP Report: register reg_s1 is absorbed into DSP reg_s1.
DSP Report: register reg_in1_reg is absorbed into DSP reg_s1.
DSP Report: operator reg_s1 is absorbed into DSP reg_s1.
DSP Report: operator reg_s1 is absorbed into DSP reg_s1.
DSP Report: Generating DSP reg_s1, operation Mode is: (PCIN>>17)+A2*B.
DSP Report: register reg_in1_reg is absorbed into DSP reg_s1.
DSP Report: operator reg_s1 is absorbed into DSP reg_s1.
DSP Report: operator reg_s1 is absorbed into DSP reg_s1.
DSP Report: Generating DSP reg_s_reg, operation Mode is: (C+A:B)'.
DSP Report: register reg_s_reg is absorbed into DSP reg_s_reg.
DSP Report: operator reg_s0 is absorbed into DSP reg_s_reg.
DSP Report: Generating DSP reg_s1, operation Mode is: A2*B2.
DSP Report: register reg_s1 is absorbed into DSP reg_s1.
DSP Report: register reg_in1_reg is absorbed into DSP reg_s1.
DSP Report: operator reg_s1 is absorbed into DSP reg_s1.
DSP Report: operator reg_s1 is absorbed into DSP reg_s1.
DSP Report: Generating DSP reg_s1, operation Mode is: (PCIN>>17)+A2*B.
DSP Report: register reg_in1_reg is absorbed into DSP reg_s1.
DSP Report: operator reg_s1 is absorbed into DSP reg_s1.
DSP Report: operator reg_s1 is absorbed into DSP reg_s1.
DSP Report: Generating DSP reg_s_reg, operation Mode is: (C+A:B)'.
DSP Report: register reg_s_reg is absorbed into DSP reg_s_reg.
DSP Report: operator reg_s0 is absorbed into DSP reg_s_reg.
DSP Report: Generating DSP reg_s1, operation Mode is: A2*B2.
DSP Report: register reg_s1 is absorbed into DSP reg_s1.
DSP Report: register reg_in1_reg is absorbed into DSP reg_s1.
DSP Report: operator reg_s1 is absorbed into DSP reg_s1.
DSP Report: operator reg_s1 is absorbed into DSP reg_s1.
DSP Report: Generating DSP reg_s1, operation Mode is: (PCIN>>17)+A2*B.
DSP Report: register reg_in1_reg is absorbed into DSP reg_s1.
DSP Report: operator reg_s1 is absorbed into DSP reg_s1.
DSP Report: operator reg_s1 is absorbed into DSP reg_s1.
DSP Report: Generating DSP reg_s_reg, operation Mode is: (C+A:B)'.
DSP Report: register reg_s_reg is absorbed into DSP reg_s_reg.
DSP Report: operator reg_s0 is absorbed into DSP reg_s_reg.
DSP Report: Generating DSP reg_s1, operation Mode is: A2*B2.
DSP Report: register reg_s1 is absorbed into DSP reg_s1.
DSP Report: register reg_in1_reg is absorbed into DSP reg_s1.
DSP Report: operator reg_s1 is absorbed into DSP reg_s1.
DSP Report: operator reg_s1 is absorbed into DSP reg_s1.
DSP Report: Generating DSP reg_s1, operation Mode is: (PCIN>>17)+A2*B.
DSP Report: register reg_in1_reg is absorbed into DSP reg_s1.
DSP Report: operator reg_s1 is absorbed into DSP reg_s1.
DSP Report: operator reg_s1 is absorbed into DSP reg_s1.
DSP Report: Generating DSP reg_s_reg, operation Mode is: (C+A:B)'.
DSP Report: register reg_s_reg is absorbed into DSP reg_s_reg.
DSP Report: operator reg_s0 is absorbed into DSP reg_s_reg.
DSP Report: Generating DSP reg_s1, operation Mode is: A2*B2.
DSP Report: register reg_s1 is absorbed into DSP reg_s1.
DSP Report: register reg_in1_reg is absorbed into DSP reg_s1.
DSP Report: operator reg_s1 is absorbed into DSP reg_s1.
DSP Report: operator reg_s1 is absorbed into DSP reg_s1.
DSP Report: Generating DSP reg_s1, operation Mode is: (PCIN>>17)+A2*B.
DSP Report: register reg_in1_reg is absorbed into DSP reg_s1.
DSP Report: operator reg_s1 is absorbed into DSP reg_s1.
DSP Report: operator reg_s1 is absorbed into DSP reg_s1.
DSP Report: Generating DSP reg_s_reg, operation Mode is: (C+A:B)'.
DSP Report: register reg_s_reg is absorbed into DSP reg_s_reg.
DSP Report: operator reg_s0 is absorbed into DSP reg_s_reg.
DSP Report: Generating DSP reg_s1, operation Mode is: A2*B2.
DSP Report: register reg_s1 is absorbed into DSP reg_s1.
DSP Report: register reg_in1_reg is absorbed into DSP reg_s1.
DSP Report: operator reg_s1 is absorbed into DSP reg_s1.
DSP Report: operator reg_s1 is absorbed into DSP reg_s1.
DSP Report: Generating DSP reg_s1, operation Mode is: (PCIN>>17)+A2*B.
DSP Report: register reg_in1_reg is absorbed into DSP reg_s1.
DSP Report: operator reg_s1 is absorbed into DSP reg_s1.
DSP Report: operator reg_s1 is absorbed into DSP reg_s1.
DSP Report: Generating DSP reg_s_reg, operation Mode is: (C+A:B)'.
DSP Report: register reg_s_reg is absorbed into DSP reg_s_reg.
DSP Report: operator reg_s0 is absorbed into DSP reg_s_reg.
DSP Report: Generating DSP reg_s1, operation Mode is: A2*B2.
DSP Report: register reg_s1 is absorbed into DSP reg_s1.
DSP Report: register reg_in1_reg is absorbed into DSP reg_s1.
DSP Report: operator reg_s1 is absorbed into DSP reg_s1.
DSP Report: operator reg_s1 is absorbed into DSP reg_s1.
DSP Report: Generating DSP reg_s1, operation Mode is: (PCIN>>17)+A2*B.
DSP Report: register reg_in1_reg is absorbed into DSP reg_s1.
DSP Report: operator reg_s1 is absorbed into DSP reg_s1.
DSP Report: operator reg_s1 is absorbed into DSP reg_s1.
DSP Report: Generating DSP reg_s_reg, operation Mode is: (C+A:B)'.
DSP Report: register reg_s_reg is absorbed into DSP reg_s_reg.
DSP Report: operator reg_s0 is absorbed into DSP reg_s_reg.
DSP Report: Generating DSP reg_s1, operation Mode is: A2*B2.
DSP Report: register reg_s1 is absorbed into DSP reg_s1.
DSP Report: register reg_in1_reg is absorbed into DSP reg_s1.
DSP Report: operator reg_s1 is absorbed into DSP reg_s1.
DSP Report: operator reg_s1 is absorbed into DSP reg_s1.
DSP Report: Generating DSP reg_s1, operation Mode is: (PCIN>>17)+A2*B.
DSP Report: register reg_in1_reg is absorbed into DSP reg_s1.
DSP Report: operator reg_s1 is absorbed into DSP reg_s1.
DSP Report: operator reg_s1 is absorbed into DSP reg_s1.
DSP Report: Generating DSP reg_s_reg, operation Mode is: (C+A:B)'.
DSP Report: register reg_s_reg is absorbed into DSP reg_s_reg.
DSP Report: operator reg_s0 is absorbed into DSP reg_s_reg.
DSP Report: Generating DSP reg_s1, operation Mode is: A2*B2.
DSP Report: register reg_s1 is absorbed into DSP reg_s1.
DSP Report: register reg_in1_reg is absorbed into DSP reg_s1.
DSP Report: operator reg_s1 is absorbed into DSP reg_s1.
DSP Report: operator reg_s1 is absorbed into DSP reg_s1.
DSP Report: Generating DSP reg_s1, operation Mode is: (PCIN>>17)+A2*B.
DSP Report: register reg_in1_reg is absorbed into DSP reg_s1.
DSP Report: operator reg_s1 is absorbed into DSP reg_s1.
DSP Report: operator reg_s1 is absorbed into DSP reg_s1.
DSP Report: Generating DSP reg_s_reg, operation Mode is: (C+A:B)'.
DSP Report: register reg_s_reg is absorbed into DSP reg_s_reg.
DSP Report: operator reg_s0 is absorbed into DSP reg_s_reg.
DSP Report: Generating DSP reg_s1, operation Mode is: A2*B2.
DSP Report: register reg_s1 is absorbed into DSP reg_s1.
DSP Report: register reg_in1_reg is absorbed into DSP reg_s1.
DSP Report: operator reg_s1 is absorbed into DSP reg_s1.
DSP Report: operator reg_s1 is absorbed into DSP reg_s1.
DSP Report: Generating DSP reg_s1, operation Mode is: (PCIN>>17)+A2*B.
DSP Report: register reg_in1_reg is absorbed into DSP reg_s1.
DSP Report: operator reg_s1 is absorbed into DSP reg_s1.
DSP Report: operator reg_s1 is absorbed into DSP reg_s1.
DSP Report: Generating DSP reg_s_reg, operation Mode is: (C+A:B)'.
DSP Report: register reg_s_reg is absorbed into DSP reg_s_reg.
DSP Report: operator reg_s0 is absorbed into DSP reg_s_reg.
DSP Report: Generating DSP reg_s1, operation Mode is: A2*B2.
DSP Report: register reg_s1 is absorbed into DSP reg_s1.
DSP Report: register reg_in1_reg is absorbed into DSP reg_s1.
DSP Report: operator reg_s1 is absorbed into DSP reg_s1.
DSP Report: operator reg_s1 is absorbed into DSP reg_s1.
DSP Report: Generating DSP reg_s1, operation Mode is: (PCIN>>17)+A2*B.
DSP Report: register reg_in1_reg is absorbed into DSP reg_s1.
DSP Report: operator reg_s1 is absorbed into DSP reg_s1.
DSP Report: operator reg_s1 is absorbed into DSP reg_s1.
DSP Report: Generating DSP reg_s_reg, operation Mode is: (C+A:B)'.
DSP Report: register reg_s_reg is absorbed into DSP reg_s_reg.
DSP Report: operator reg_s0 is absorbed into DSP reg_s_reg.
DSP Report: Generating DSP reg_s1, operation Mode is: A2*B2.
DSP Report: register reg_s1 is absorbed into DSP reg_s1.
DSP Report: register reg_in1_reg is absorbed into DSP reg_s1.
DSP Report: operator reg_s1 is absorbed into DSP reg_s1.
DSP Report: operator reg_s1 is absorbed into DSP reg_s1.
DSP Report: Generating DSP reg_s1, operation Mode is: (PCIN>>17)+A2*B.
DSP Report: register reg_in1_reg is absorbed into DSP reg_s1.
DSP Report: operator reg_s1 is absorbed into DSP reg_s1.
DSP Report: operator reg_s1 is absorbed into DSP reg_s1.
DSP Report: Generating DSP reg_s_reg, operation Mode is: (C+A:B)'.
DSP Report: register reg_s_reg is absorbed into DSP reg_s_reg.
DSP Report: operator reg_s0 is absorbed into DSP reg_s_reg.
DSP Report: Generating DSP reg_s1, operation Mode is: A2*B2.
DSP Report: register reg_s1 is absorbed into DSP reg_s1.
DSP Report: register reg_in1_reg is absorbed into DSP reg_s1.
DSP Report: operator reg_s1 is absorbed into DSP reg_s1.
DSP Report: operator reg_s1 is absorbed into DSP reg_s1.
DSP Report: Generating DSP reg_s1, operation Mode is: (PCIN>>17)+A2*B.
DSP Report: register reg_in1_reg is absorbed into DSP reg_s1.
DSP Report: operator reg_s1 is absorbed into DSP reg_s1.
DSP Report: operator reg_s1 is absorbed into DSP reg_s1.
DSP Report: Generating DSP reg_s_reg, operation Mode is: (C+A:B)'.
DSP Report: register reg_s_reg is absorbed into DSP reg_s_reg.
DSP Report: operator reg_s0 is absorbed into DSP reg_s_reg.
DSP Report: Generating DSP reg_s1, operation Mode is: A2*B2.
DSP Report: register reg_s1 is absorbed into DSP reg_s1.
DSP Report: register reg_in1_reg is absorbed into DSP reg_s1.
DSP Report: operator reg_s1 is absorbed into DSP reg_s1.
DSP Report: operator reg_s1 is absorbed into DSP reg_s1.
DSP Report: Generating DSP reg_s1, operation Mode is: (PCIN>>17)+A2*B.
DSP Report: register reg_in1_reg is absorbed into DSP reg_s1.
DSP Report: operator reg_s1 is absorbed into DSP reg_s1.
DSP Report: operator reg_s1 is absorbed into DSP reg_s1.
DSP Report: Generating DSP reg_s_reg, operation Mode is: (C+A:B)'.
DSP Report: register reg_s_reg is absorbed into DSP reg_s_reg.
DSP Report: operator reg_s0 is absorbed into DSP reg_s_reg.
DSP Report: Generating DSP reg_s1, operation Mode is: A2*B2.
DSP Report: register reg_s1 is absorbed into DSP reg_s1.
DSP Report: register reg_in1_reg is absorbed into DSP reg_s1.
DSP Report: operator reg_s1 is absorbed into DSP reg_s1.
DSP Report: operator reg_s1 is absorbed into DSP reg_s1.
DSP Report: Generating DSP reg_s1, operation Mode is: (PCIN>>17)+A2*B.
DSP Report: register reg_in1_reg is absorbed into DSP reg_s1.
DSP Report: operator reg_s1 is absorbed into DSP reg_s1.
DSP Report: operator reg_s1 is absorbed into DSP reg_s1.
DSP Report: Generating DSP reg_s_reg, operation Mode is: (C+A:B)'.
DSP Report: register reg_s_reg is absorbed into DSP reg_s_reg.
DSP Report: operator reg_s0 is absorbed into DSP reg_s_reg.
DSP Report: Generating DSP reg_s1, operation Mode is: A2*B2.
DSP Report: register reg_s1 is absorbed into DSP reg_s1.
DSP Report: register reg_in1_reg is absorbed into DSP reg_s1.
DSP Report: operator reg_s1 is absorbed into DSP reg_s1.
DSP Report: operator reg_s1 is absorbed into DSP reg_s1.
DSP Report: Generating DSP reg_s1, operation Mode is: (PCIN>>17)+A2*B.
DSP Report: register reg_in1_reg is absorbed into DSP reg_s1.
DSP Report: operator reg_s1 is absorbed into DSP reg_s1.
DSP Report: operator reg_s1 is absorbed into DSP reg_s1.
DSP Report: Generating DSP reg_s_reg, operation Mode is: (C+A:B)'.
DSP Report: register reg_s_reg is absorbed into DSP reg_s_reg.
DSP Report: operator reg_s0 is absorbed into DSP reg_s_reg.
DSP Report: Generating DSP reg_s1, operation Mode is: A2*B2.
DSP Report: register reg_s1 is absorbed into DSP reg_s1.
DSP Report: register reg_in1_reg is absorbed into DSP reg_s1.
DSP Report: operator reg_s1 is absorbed into DSP reg_s1.
DSP Report: operator reg_s1 is absorbed into DSP reg_s1.
DSP Report: Generating DSP reg_s1, operation Mode is: (PCIN>>17)+A2*B.
DSP Report: register reg_in1_reg is absorbed into DSP reg_s1.
DSP Report: operator reg_s1 is absorbed into DSP reg_s1.
DSP Report: operator reg_s1 is absorbed into DSP reg_s1.
DSP Report: Generating DSP reg_s_reg, operation Mode is: (C+A:B)'.
DSP Report: register reg_s_reg is absorbed into DSP reg_s_reg.
DSP Report: operator reg_s0 is absorbed into DSP reg_s_reg.
DSP Report: Generating DSP reg_s1, operation Mode is: A2*B2.
DSP Report: register reg_s1 is absorbed into DSP reg_s1.
DSP Report: register reg_in1_reg is absorbed into DSP reg_s1.
DSP Report: operator reg_s1 is absorbed into DSP reg_s1.
DSP Report: operator reg_s1 is absorbed into DSP reg_s1.
DSP Report: Generating DSP reg_s1, operation Mode is: (PCIN>>17)+A2*B.
DSP Report: register reg_in1_reg is absorbed into DSP reg_s1.
DSP Report: operator reg_s1 is absorbed into DSP reg_s1.
DSP Report: operator reg_s1 is absorbed into DSP reg_s1.
DSP Report: Generating DSP reg_s_reg, operation Mode is: (C+A:B)'.
DSP Report: register reg_s_reg is absorbed into DSP reg_s_reg.
DSP Report: operator reg_s0 is absorbed into DSP reg_s_reg.
DSP Report: Generating DSP reg_s1, operation Mode is: A2*B2.
DSP Report: register reg_s1 is absorbed into DSP reg_s1.
DSP Report: register reg_in1_reg is absorbed into DSP reg_s1.
DSP Report: operator reg_s1 is absorbed into DSP reg_s1.
DSP Report: operator reg_s1 is absorbed into DSP reg_s1.
DSP Report: Generating DSP reg_s1, operation Mode is: (PCIN>>17)+A2*B.
DSP Report: register reg_in1_reg is absorbed into DSP reg_s1.
DSP Report: operator reg_s1 is absorbed into DSP reg_s1.
DSP Report: operator reg_s1 is absorbed into DSP reg_s1.
DSP Report: Generating DSP reg_s_reg, operation Mode is: (C+A:B)'.
DSP Report: register reg_s_reg is absorbed into DSP reg_s_reg.
DSP Report: operator reg_s0 is absorbed into DSP reg_s_reg.
DSP Report: Generating DSP reg_s1, operation Mode is: A2*B2.
DSP Report: register reg_s1 is absorbed into DSP reg_s1.
DSP Report: register reg_in1_reg is absorbed into DSP reg_s1.
DSP Report: operator reg_s1 is absorbed into DSP reg_s1.
DSP Report: operator reg_s1 is absorbed into DSP reg_s1.
DSP Report: Generating DSP reg_s1, operation Mode is: (PCIN>>17)+A2*B.
DSP Report: register reg_in1_reg is absorbed into DSP reg_s1.
DSP Report: operator reg_s1 is absorbed into DSP reg_s1.
DSP Report: operator reg_s1 is absorbed into DSP reg_s1.
DSP Report: Generating DSP reg_s_reg, operation Mode is: (C+A:B)'.
DSP Report: register reg_s_reg is absorbed into DSP reg_s_reg.
DSP Report: operator reg_s0 is absorbed into DSP reg_s_reg.
DSP Report: Generating DSP reg_s1, operation Mode is: A2*B2.
DSP Report: register reg_s1 is absorbed into DSP reg_s1.
DSP Report: register reg_in1_reg is absorbed into DSP reg_s1.
DSP Report: operator reg_s1 is absorbed into DSP reg_s1.
DSP Report: operator reg_s1 is absorbed into DSP reg_s1.
DSP Report: Generating DSP reg_s1, operation Mode is: (PCIN>>17)+A2*B.
DSP Report: register reg_in1_reg is absorbed into DSP reg_s1.
DSP Report: operator reg_s1 is absorbed into DSP reg_s1.
DSP Report: operator reg_s1 is absorbed into DSP reg_s1.
DSP Report: Generating DSP reg_s_reg, operation Mode is: (C+A:B)'.
DSP Report: register reg_s_reg is absorbed into DSP reg_s_reg.
DSP Report: operator reg_s0 is absorbed into DSP reg_s_reg.
DSP Report: Generating DSP reg_s1, operation Mode is: A2*B2.
DSP Report: register reg_s1 is absorbed into DSP reg_s1.
DSP Report: register reg_in1_reg is absorbed into DSP reg_s1.
DSP Report: operator reg_s1 is absorbed into DSP reg_s1.
DSP Report: operator reg_s1 is absorbed into DSP reg_s1.
DSP Report: Generating DSP reg_s1, operation Mode is: (PCIN>>17)+A2*B.
DSP Report: register reg_in1_reg is absorbed into DSP reg_s1.
DSP Report: operator reg_s1 is absorbed into DSP reg_s1.
DSP Report: operator reg_s1 is absorbed into DSP reg_s1.
DSP Report: Generating DSP reg_s_reg, operation Mode is: (C+A:B)'.
DSP Report: register reg_s_reg is absorbed into DSP reg_s_reg.
DSP Report: operator reg_s0 is absorbed into DSP reg_s_reg.
DSP Report: Generating DSP reg_s1, operation Mode is: A2*B2.
DSP Report: register reg_s1 is absorbed into DSP reg_s1.
DSP Report: register reg_in1_reg is absorbed into DSP reg_s1.
DSP Report: operator reg_s1 is absorbed into DSP reg_s1.
DSP Report: operator reg_s1 is absorbed into DSP reg_s1.
DSP Report: Generating DSP reg_s1, operation Mode is: (PCIN>>17)+A2*B.
DSP Report: register reg_in1_reg is absorbed into DSP reg_s1.
DSP Report: operator reg_s1 is absorbed into DSP reg_s1.
DSP Report: operator reg_s1 is absorbed into DSP reg_s1.
DSP Report: Generating DSP reg_s_reg, operation Mode is: (C+A:B)'.
DSP Report: register reg_s_reg is absorbed into DSP reg_s_reg.
DSP Report: operator reg_s0 is absorbed into DSP reg_s_reg.
DSP Report: Generating DSP reg_s1, operation Mode is: A2*B2.
DSP Report: register reg_s1 is absorbed into DSP reg_s1.
DSP Report: register reg_in1_reg is absorbed into DSP reg_s1.
DSP Report: operator reg_s1 is absorbed into DSP reg_s1.
DSP Report: operator reg_s1 is absorbed into DSP reg_s1.
DSP Report: Generating DSP reg_s1, operation Mode is: (PCIN>>17)+A2*B.
DSP Report: register reg_in1_reg is absorbed into DSP reg_s1.
DSP Report: operator reg_s1 is absorbed into DSP reg_s1.
DSP Report: operator reg_s1 is absorbed into DSP reg_s1.
DSP Report: Generating DSP reg_s_reg, operation Mode is: (C+A:B)'.
DSP Report: register reg_s_reg is absorbed into DSP reg_s_reg.
DSP Report: operator reg_s0 is absorbed into DSP reg_s_reg.
DSP Report: Generating DSP reg_s1, operation Mode is: A2*B2.
DSP Report: register reg_s1 is absorbed into DSP reg_s1.
DSP Report: register reg_in1_reg is absorbed into DSP reg_s1.
DSP Report: operator reg_s1 is absorbed into DSP reg_s1.
DSP Report: operator reg_s1 is absorbed into DSP reg_s1.
DSP Report: Generating DSP reg_s1, operation Mode is: (PCIN>>17)+A2*B.
DSP Report: register reg_in1_reg is absorbed into DSP reg_s1.
DSP Report: operator reg_s1 is absorbed into DSP reg_s1.
DSP Report: operator reg_s1 is absorbed into DSP reg_s1.
DSP Report: Generating DSP reg_s_reg, operation Mode is: (C+A:B)'.
DSP Report: register reg_s_reg is absorbed into DSP reg_s_reg.
DSP Report: operator reg_s0 is absorbed into DSP reg_s_reg.
DSP Report: Generating DSP reg_s1, operation Mode is: A2*B2.
DSP Report: register reg_s1 is absorbed into DSP reg_s1.
DSP Report: register reg_in1_reg is absorbed into DSP reg_s1.
DSP Report: operator reg_s1 is absorbed into DSP reg_s1.
DSP Report: operator reg_s1 is absorbed into DSP reg_s1.
DSP Report: Generating DSP reg_s1, operation Mode is: (PCIN>>17)+A2*B.
DSP Report: register reg_in1_reg is absorbed into DSP reg_s1.
DSP Report: operator reg_s1 is absorbed into DSP reg_s1.
DSP Report: operator reg_s1 is absorbed into DSP reg_s1.
DSP Report: Generating DSP reg_s_reg, operation Mode is: (C+A:B)'.
DSP Report: register reg_s_reg is absorbed into DSP reg_s_reg.
DSP Report: operator reg_s0 is absorbed into DSP reg_s_reg.
DSP Report: Generating DSP reg_s1, operation Mode is: A2*B2.
DSP Report: register reg_s1 is absorbed into DSP reg_s1.
DSP Report: register reg_in1_reg is absorbed into DSP reg_s1.
DSP Report: operator reg_s1 is absorbed into DSP reg_s1.
DSP Report: operator reg_s1 is absorbed into DSP reg_s1.
DSP Report: Generating DSP reg_s1, operation Mode is: (PCIN>>17)+A2*B.
DSP Report: register reg_in1_reg is absorbed into DSP reg_s1.
DSP Report: operator reg_s1 is absorbed into DSP reg_s1.
DSP Report: operator reg_s1 is absorbed into DSP reg_s1.
DSP Report: Generating DSP reg_s_reg, operation Mode is: (C+A:B)'.
DSP Report: register reg_s_reg is absorbed into DSP reg_s_reg.
DSP Report: operator reg_s0 is absorbed into DSP reg_s_reg.
DSP Report: Generating DSP reg_s1, operation Mode is: A2*B2.
DSP Report: register reg_s1 is absorbed into DSP reg_s1.
DSP Report: register reg_in1_reg is absorbed into DSP reg_s1.
DSP Report: operator reg_s1 is absorbed into DSP reg_s1.
DSP Report: operator reg_s1 is absorbed into DSP reg_s1.
DSP Report: Generating DSP reg_s1, operation Mode is: (PCIN>>17)+A2*B.
DSP Report: register reg_in1_reg is absorbed into DSP reg_s1.
DSP Report: operator reg_s1 is absorbed into DSP reg_s1.
DSP Report: operator reg_s1 is absorbed into DSP reg_s1.
DSP Report: Generating DSP reg_s_reg, operation Mode is: (C+A:B)'.
DSP Report: register reg_s_reg is absorbed into DSP reg_s_reg.
DSP Report: operator reg_s0 is absorbed into DSP reg_s_reg.
DSP Report: Generating DSP reg_s1, operation Mode is: A2*B2.
DSP Report: register reg_s1 is absorbed into DSP reg_s1.
DSP Report: register reg_in1_reg is absorbed into DSP reg_s1.
DSP Report: operator reg_s1 is absorbed into DSP reg_s1.
DSP Report: operator reg_s1 is absorbed into DSP reg_s1.
DSP Report: Generating DSP reg_s1, operation Mode is: (PCIN>>17)+A2*B.
DSP Report: register reg_in1_reg is absorbed into DSP reg_s1.
DSP Report: operator reg_s1 is absorbed into DSP reg_s1.
DSP Report: operator reg_s1 is absorbed into DSP reg_s1.
DSP Report: Generating DSP reg_s_reg, operation Mode is: (C+A:B)'.
DSP Report: register reg_s_reg is absorbed into DSP reg_s_reg.
DSP Report: operator reg_s0 is absorbed into DSP reg_s_reg.
DSP Report: Generating DSP reg_s1, operation Mode is: A2*B2.
DSP Report: register reg_s1 is absorbed into DSP reg_s1.
DSP Report: register reg_in1_reg is absorbed into DSP reg_s1.
DSP Report: operator reg_s1 is absorbed into DSP reg_s1.
DSP Report: operator reg_s1 is absorbed into DSP reg_s1.
DSP Report: Generating DSP reg_s1, operation Mode is: (PCIN>>17)+A2*B.
DSP Report: register reg_in1_reg is absorbed into DSP reg_s1.
DSP Report: operator reg_s1 is absorbed into DSP reg_s1.
DSP Report: operator reg_s1 is absorbed into DSP reg_s1.
DSP Report: Generating DSP reg_s_reg, operation Mode is: (C+A:B)'.
DSP Report: register reg_s_reg is absorbed into DSP reg_s_reg.
DSP Report: operator reg_s0 is absorbed into DSP reg_s_reg.
DSP Report: Generating DSP reg_s1, operation Mode is: A2*B2.
DSP Report: register reg_s1 is absorbed into DSP reg_s1.
DSP Report: register reg_in1_reg is absorbed into DSP reg_s1.
DSP Report: operator reg_s1 is absorbed into DSP reg_s1.
DSP Report: operator reg_s1 is absorbed into DSP reg_s1.
DSP Report: Generating DSP reg_s1, operation Mode is: (PCIN>>17)+A2*B.
DSP Report: register reg_in1_reg is absorbed into DSP reg_s1.
DSP Report: operator reg_s1 is absorbed into DSP reg_s1.
DSP Report: operator reg_s1 is absorbed into DSP reg_s1.
DSP Report: Generating DSP reg_s_reg, operation Mode is: (C+A:B)'.
DSP Report: register reg_s_reg is absorbed into DSP reg_s_reg.
DSP Report: operator reg_s0 is absorbed into DSP reg_s_reg.
DSP Report: Generating DSP reg_s1, operation Mode is: A2*B2.
DSP Report: register reg_s1 is absorbed into DSP reg_s1.
DSP Report: register reg_in1_reg is absorbed into DSP reg_s1.
DSP Report: operator reg_s1 is absorbed into DSP reg_s1.
DSP Report: operator reg_s1 is absorbed into DSP reg_s1.
DSP Report: Generating DSP reg_s1, operation Mode is: (PCIN>>17)+A2*B.
DSP Report: register reg_in1_reg is absorbed into DSP reg_s1.
DSP Report: operator reg_s1 is absorbed into DSP reg_s1.
DSP Report: operator reg_s1 is absorbed into DSP reg_s1.
DSP Report: Generating DSP reg_s_reg, operation Mode is: (C+A:B)'.
DSP Report: register reg_s_reg is absorbed into DSP reg_s_reg.
DSP Report: operator reg_s0 is absorbed into DSP reg_s_reg.
DSP Report: Generating DSP reg_s1, operation Mode is: A2*B2.
DSP Report: register reg_s1 is absorbed into DSP reg_s1.
DSP Report: register reg_in1_reg is absorbed into DSP reg_s1.
DSP Report: operator reg_s1 is absorbed into DSP reg_s1.
DSP Report: operator reg_s1 is absorbed into DSP reg_s1.
DSP Report: Generating DSP reg_s1, operation Mode is: (PCIN>>17)+A2*B.
DSP Report: register reg_in1_reg is absorbed into DSP reg_s1.
DSP Report: operator reg_s1 is absorbed into DSP reg_s1.
DSP Report: operator reg_s1 is absorbed into DSP reg_s1.
DSP Report: Generating DSP reg_s_reg, operation Mode is: (C+A:B)'.
DSP Report: register reg_s_reg is absorbed into DSP reg_s_reg.
DSP Report: operator reg_s0 is absorbed into DSP reg_s_reg.
DSP Report: Generating DSP reg_s1, operation Mode is: A2*B2.
DSP Report: register reg_s1 is absorbed into DSP reg_s1.
DSP Report: register reg_in1_reg is absorbed into DSP reg_s1.
DSP Report: operator reg_s1 is absorbed into DSP reg_s1.
DSP Report: operator reg_s1 is absorbed into DSP reg_s1.
DSP Report: Generating DSP reg_s1, operation Mode is: (PCIN>>17)+A2*B.
DSP Report: register reg_in1_reg is absorbed into DSP reg_s1.
DSP Report: operator reg_s1 is absorbed into DSP reg_s1.
DSP Report: operator reg_s1 is absorbed into DSP reg_s1.
DSP Report: Generating DSP reg_s_reg, operation Mode is: (C+A:B)'.
DSP Report: register reg_s_reg is absorbed into DSP reg_s_reg.
DSP Report: operator reg_s0 is absorbed into DSP reg_s_reg.
DSP Report: Generating DSP reg_s1, operation Mode is: A2*B2.
DSP Report: register reg_s1 is absorbed into DSP reg_s1.
DSP Report: register reg_in1_reg is absorbed into DSP reg_s1.
DSP Report: operator reg_s1 is absorbed into DSP reg_s1.
DSP Report: operator reg_s1 is absorbed into DSP reg_s1.
DSP Report: Generating DSP reg_s1, operation Mode is: (PCIN>>17)+A2*B.
DSP Report: register reg_in1_reg is absorbed into DSP reg_s1.
DSP Report: operator reg_s1 is absorbed into DSP reg_s1.
DSP Report: operator reg_s1 is absorbed into DSP reg_s1.
DSP Report: Generating DSP reg_s_reg, operation Mode is: (C+A:B)'.
DSP Report: register reg_s_reg is absorbed into DSP reg_s_reg.
DSP Report: operator reg_s0 is absorbed into DSP reg_s_reg.
DSP Report: Generating DSP reg_s1, operation Mode is: A2*B2.
DSP Report: register reg_s1 is absorbed into DSP reg_s1.
DSP Report: register reg_in1_reg is absorbed into DSP reg_s1.
DSP Report: operator reg_s1 is absorbed into DSP reg_s1.
DSP Report: operator reg_s1 is absorbed into DSP reg_s1.
DSP Report: Generating DSP reg_s1, operation Mode is: (PCIN>>17)+A2*B.
DSP Report: register reg_in1_reg is absorbed into DSP reg_s1.
DSP Report: operator reg_s1 is absorbed into DSP reg_s1.
DSP Report: operator reg_s1 is absorbed into DSP reg_s1.
DSP Report: Generating DSP reg_s_reg, operation Mode is: (C+A:B)'.
DSP Report: register reg_s_reg is absorbed into DSP reg_s_reg.
DSP Report: operator reg_s0 is absorbed into DSP reg_s_reg.
DSP Report: Generating DSP reg_s1, operation Mode is: A2*B2.
DSP Report: register reg_s1 is absorbed into DSP reg_s1.
DSP Report: register reg_in1_reg is absorbed into DSP reg_s1.
DSP Report: operator reg_s1 is absorbed into DSP reg_s1.
DSP Report: operator reg_s1 is absorbed into DSP reg_s1.
DSP Report: Generating DSP reg_s1, operation Mode is: (PCIN>>17)+A2*B.
DSP Report: register reg_in1_reg is absorbed into DSP reg_s1.
DSP Report: operator reg_s1 is absorbed into DSP reg_s1.
DSP Report: operator reg_s1 is absorbed into DSP reg_s1.
DSP Report: Generating DSP reg_s_reg, operation Mode is: (C+A:B)'.
DSP Report: register reg_s_reg is absorbed into DSP reg_s_reg.
DSP Report: operator reg_s0 is absorbed into DSP reg_s_reg.
DSP Report: Generating DSP reg_s1, operation Mode is: A2*B2.
DSP Report: register reg_s1 is absorbed into DSP reg_s1.
DSP Report: register reg_in1_reg is absorbed into DSP reg_s1.
DSP Report: operator reg_s1 is absorbed into DSP reg_s1.
DSP Report: operator reg_s1 is absorbed into DSP reg_s1.
DSP Report: Generating DSP reg_s1, operation Mode is: (PCIN>>17)+A2*B.
DSP Report: register reg_in1_reg is absorbed into DSP reg_s1.
DSP Report: operator reg_s1 is absorbed into DSP reg_s1.
DSP Report: operator reg_s1 is absorbed into DSP reg_s1.
DSP Report: Generating DSP reg_s_reg, operation Mode is: (C+A:B)'.
DSP Report: register reg_s_reg is absorbed into DSP reg_s_reg.
DSP Report: operator reg_s0 is absorbed into DSP reg_s_reg.
DSP Report: Generating DSP reg_s1, operation Mode is: A2*B2.
DSP Report: register reg_s1 is absorbed into DSP reg_s1.
DSP Report: register reg_in1_reg is absorbed into DSP reg_s1.
DSP Report: operator reg_s1 is absorbed into DSP reg_s1.
DSP Report: operator reg_s1 is absorbed into DSP reg_s1.
DSP Report: Generating DSP reg_s1, operation Mode is: (PCIN>>17)+A2*B.
DSP Report: register reg_in1_reg is absorbed into DSP reg_s1.
DSP Report: operator reg_s1 is absorbed into DSP reg_s1.
DSP Report: operator reg_s1 is absorbed into DSP reg_s1.
DSP Report: Generating DSP reg_s_reg, operation Mode is: (C+A:B)'.
DSP Report: register reg_s_reg is absorbed into DSP reg_s_reg.
DSP Report: operator reg_s0 is absorbed into DSP reg_s_reg.
DSP Report: Generating DSP reg_s1, operation Mode is: A2*B2.
DSP Report: register reg_s1 is absorbed into DSP reg_s1.
DSP Report: register reg_in1_reg is absorbed into DSP reg_s1.
DSP Report: operator reg_s1 is absorbed into DSP reg_s1.
DSP Report: operator reg_s1 is absorbed into DSP reg_s1.
DSP Report: Generating DSP reg_s1, operation Mode is: (PCIN>>17)+A2*B.
DSP Report: register reg_in1_reg is absorbed into DSP reg_s1.
DSP Report: operator reg_s1 is absorbed into DSP reg_s1.
DSP Report: operator reg_s1 is absorbed into DSP reg_s1.
DSP Report: Generating DSP reg_s_reg, operation Mode is: (C+A:B)'.
DSP Report: register reg_s_reg is absorbed into DSP reg_s_reg.
DSP Report: operator reg_s0 is absorbed into DSP reg_s_reg.
DSP Report: Generating DSP reg_s1, operation Mode is: A2*B2.
DSP Report: register reg_s1 is absorbed into DSP reg_s1.
DSP Report: register reg_in1_reg is absorbed into DSP reg_s1.
DSP Report: operator reg_s1 is absorbed into DSP reg_s1.
DSP Report: operator reg_s1 is absorbed into DSP reg_s1.
DSP Report: Generating DSP reg_s1, operation Mode is: (PCIN>>17)+A2*B.
DSP Report: register reg_in1_reg is absorbed into DSP reg_s1.
DSP Report: operator reg_s1 is absorbed into DSP reg_s1.
DSP Report: operator reg_s1 is absorbed into DSP reg_s1.
DSP Report: Generating DSP reg_s_reg, operation Mode is: (C+A:B)'.
DSP Report: register reg_s_reg is absorbed into DSP reg_s_reg.
DSP Report: operator reg_s0 is absorbed into DSP reg_s_reg.
DSP Report: Generating DSP reg_s1, operation Mode is: A2*B2.
DSP Report: register reg_s1 is absorbed into DSP reg_s1.
DSP Report: register reg_in1_reg is absorbed into DSP reg_s1.
DSP Report: operator reg_s1 is absorbed into DSP reg_s1.
DSP Report: operator reg_s1 is absorbed into DSP reg_s1.
DSP Report: Generating DSP reg_s1, operation Mode is: (PCIN>>17)+A2*B.
DSP Report: register reg_in1_reg is absorbed into DSP reg_s1.
DSP Report: operator reg_s1 is absorbed into DSP reg_s1.
DSP Report: operator reg_s1 is absorbed into DSP reg_s1.
DSP Report: Generating DSP reg_s_reg, operation Mode is: (C+A:B)'.
DSP Report: register reg_s_reg is absorbed into DSP reg_s_reg.
DSP Report: operator reg_s0 is absorbed into DSP reg_s_reg.
DSP Report: Generating DSP reg_s1, operation Mode is: A2*B2.
DSP Report: register reg_s1 is absorbed into DSP reg_s1.
DSP Report: register reg_in1_reg is absorbed into DSP reg_s1.
DSP Report: operator reg_s1 is absorbed into DSP reg_s1.
DSP Report: operator reg_s1 is absorbed into DSP reg_s1.
DSP Report: Generating DSP reg_s1, operation Mode is: (PCIN>>17)+A2*B.
DSP Report: register reg_in1_reg is absorbed into DSP reg_s1.
DSP Report: operator reg_s1 is absorbed into DSP reg_s1.
DSP Report: operator reg_s1 is absorbed into DSP reg_s1.
DSP Report: Generating DSP reg_s_reg, operation Mode is: (C+A:B)'.
DSP Report: register reg_s_reg is absorbed into DSP reg_s_reg.
DSP Report: operator reg_s0 is absorbed into DSP reg_s_reg.
DSP Report: Generating DSP reg_s1, operation Mode is: A2*B2.
DSP Report: register reg_s1 is absorbed into DSP reg_s1.
DSP Report: register reg_in1_reg is absorbed into DSP reg_s1.
DSP Report: operator reg_s1 is absorbed into DSP reg_s1.
DSP Report: operator reg_s1 is absorbed into DSP reg_s1.
DSP Report: Generating DSP reg_s1, operation Mode is: (PCIN>>17)+A2*B.
DSP Report: register reg_in1_reg is absorbed into DSP reg_s1.
DSP Report: operator reg_s1 is absorbed into DSP reg_s1.
DSP Report: operator reg_s1 is absorbed into DSP reg_s1.
DSP Report: Generating DSP reg_s_reg, operation Mode is: (C+A:B)'.
DSP Report: register reg_s_reg is absorbed into DSP reg_s_reg.
DSP Report: operator reg_s0 is absorbed into DSP reg_s_reg.
DSP Report: Generating DSP reg_s1, operation Mode is: A2*B2.
DSP Report: register reg_s1 is absorbed into DSP reg_s1.
DSP Report: register reg_in1_reg is absorbed into DSP reg_s1.
DSP Report: operator reg_s1 is absorbed into DSP reg_s1.
DSP Report: operator reg_s1 is absorbed into DSP reg_s1.
DSP Report: Generating DSP reg_s1, operation Mode is: (PCIN>>17)+A2*B.
DSP Report: register reg_in1_reg is absorbed into DSP reg_s1.
DSP Report: operator reg_s1 is absorbed into DSP reg_s1.
DSP Report: operator reg_s1 is absorbed into DSP reg_s1.
DSP Report: Generating DSP reg_s_reg, operation Mode is: (C+A:B)'.
DSP Report: register reg_s_reg is absorbed into DSP reg_s_reg.
DSP Report: operator reg_s0 is absorbed into DSP reg_s_reg.
DSP Report: Generating DSP reg_s1, operation Mode is: A2*B2.
DSP Report: register reg_s1 is absorbed into DSP reg_s1.
DSP Report: register reg_in1_reg is absorbed into DSP reg_s1.
DSP Report: operator reg_s1 is absorbed into DSP reg_s1.
DSP Report: operator reg_s1 is absorbed into DSP reg_s1.
DSP Report: Generating DSP reg_s1, operation Mode is: (PCIN>>17)+A2*B.
DSP Report: register reg_in1_reg is absorbed into DSP reg_s1.
DSP Report: operator reg_s1 is absorbed into DSP reg_s1.
DSP Report: operator reg_s1 is absorbed into DSP reg_s1.
DSP Report: Generating DSP reg_s_reg, operation Mode is: (C+A:B)'.
DSP Report: register reg_s_reg is absorbed into DSP reg_s_reg.
DSP Report: operator reg_s0 is absorbed into DSP reg_s_reg.
DSP Report: Generating DSP reg_s1, operation Mode is: A2*B2.
DSP Report: register reg_s1 is absorbed into DSP reg_s1.
DSP Report: register reg_in1_reg is absorbed into DSP reg_s1.
DSP Report: operator reg_s1 is absorbed into DSP reg_s1.
DSP Report: operator reg_s1 is absorbed into DSP reg_s1.
DSP Report: Generating DSP reg_s1, operation Mode is: (PCIN>>17)+A2*B.
DSP Report: register reg_in1_reg is absorbed into DSP reg_s1.
DSP Report: operator reg_s1 is absorbed into DSP reg_s1.
DSP Report: operator reg_s1 is absorbed into DSP reg_s1.
DSP Report: Generating DSP reg_s_reg, operation Mode is: (C+A:B)'.
DSP Report: register reg_s_reg is absorbed into DSP reg_s_reg.
DSP Report: operator reg_s0 is absorbed into DSP reg_s_reg.
DSP Report: Generating DSP reg_s1, operation Mode is: A2*B2.
DSP Report: register reg_s1 is absorbed into DSP reg_s1.
DSP Report: register reg_in1_reg is absorbed into DSP reg_s1.
DSP Report: operator reg_s1 is absorbed into DSP reg_s1.
DSP Report: operator reg_s1 is absorbed into DSP reg_s1.
DSP Report: Generating DSP reg_s1, operation Mode is: (PCIN>>17)+A2*B.
DSP Report: register reg_in1_reg is absorbed into DSP reg_s1.
DSP Report: operator reg_s1 is absorbed into DSP reg_s1.
DSP Report: operator reg_s1 is absorbed into DSP reg_s1.
DSP Report: Generating DSP reg_s_reg, operation Mode is: (C+A:B)'.
DSP Report: register reg_s_reg is absorbed into DSP reg_s_reg.
DSP Report: operator reg_s0 is absorbed into DSP reg_s_reg.
DSP Report: Generating DSP reg_s1, operation Mode is: A2*B2.
DSP Report: register reg_s1 is absorbed into DSP reg_s1.
DSP Report: register reg_in1_reg is absorbed into DSP reg_s1.
DSP Report: operator reg_s1 is absorbed into DSP reg_s1.
DSP Report: operator reg_s1 is absorbed into DSP reg_s1.
DSP Report: Generating DSP reg_s1, operation Mode is: (PCIN>>17)+A2*B.
DSP Report: register reg_in1_reg is absorbed into DSP reg_s1.
DSP Report: operator reg_s1 is absorbed into DSP reg_s1.
DSP Report: operator reg_s1 is absorbed into DSP reg_s1.
DSP Report: Generating DSP reg_s_reg, operation Mode is: (C+A:B)'.
DSP Report: register reg_s_reg is absorbed into DSP reg_s_reg.
DSP Report: operator reg_s0 is absorbed into DSP reg_s_reg.
DSP Report: Generating DSP reg_s1, operation Mode is: A2*B2.
DSP Report: register reg_s1 is absorbed into DSP reg_s1.
DSP Report: register reg_in1_reg is absorbed into DSP reg_s1.
DSP Report: operator reg_s1 is absorbed into DSP reg_s1.
DSP Report: operator reg_s1 is absorbed into DSP reg_s1.
DSP Report: Generating DSP reg_s1, operation Mode is: (PCIN>>17)+A2*B.
DSP Report: register reg_in1_reg is absorbed into DSP reg_s1.
DSP Report: operator reg_s1 is absorbed into DSP reg_s1.
DSP Report: operator reg_s1 is absorbed into DSP reg_s1.
DSP Report: Generating DSP reg_s_reg, operation Mode is: (C+A:B)'.
DSP Report: register reg_s_reg is absorbed into DSP reg_s_reg.
DSP Report: operator reg_s0 is absorbed into DSP reg_s_reg.
DSP Report: Generating DSP reg_s1, operation Mode is: A2*B2.
DSP Report: register reg_s1 is absorbed into DSP reg_s1.
DSP Report: register reg_in1_reg is absorbed into DSP reg_s1.
DSP Report: operator reg_s1 is absorbed into DSP reg_s1.
DSP Report: operator reg_s1 is absorbed into DSP reg_s1.
DSP Report: Generating DSP reg_s1, operation Mode is: (PCIN>>17)+A2*B.
DSP Report: register reg_in1_reg is absorbed into DSP reg_s1.
DSP Report: operator reg_s1 is absorbed into DSP reg_s1.
DSP Report: operator reg_s1 is absorbed into DSP reg_s1.
DSP Report: Generating DSP reg_s_reg, operation Mode is: (C+A:B)'.
DSP Report: register reg_s_reg is absorbed into DSP reg_s_reg.
DSP Report: operator reg_s0 is absorbed into DSP reg_s_reg.
DSP Report: Generating DSP reg_s1, operation Mode is: A2*B2.
DSP Report: register reg_s1 is absorbed into DSP reg_s1.
DSP Report: register reg_in1_reg is absorbed into DSP reg_s1.
DSP Report: operator reg_s1 is absorbed into DSP reg_s1.
DSP Report: operator reg_s1 is absorbed into DSP reg_s1.
DSP Report: Generating DSP reg_s1, operation Mode is: (PCIN>>17)+A2*B.
DSP Report: register reg_in1_reg is absorbed into DSP reg_s1.
DSP Report: operator reg_s1 is absorbed into DSP reg_s1.
DSP Report: operator reg_s1 is absorbed into DSP reg_s1.
DSP Report: Generating DSP reg_s_reg, operation Mode is: (C+A:B)'.
DSP Report: register reg_s_reg is absorbed into DSP reg_s_reg.
DSP Report: operator reg_s0 is absorbed into DSP reg_s_reg.
DSP Report: Generating DSP reg_s1, operation Mode is: A2*B2.
DSP Report: register reg_s1 is absorbed into DSP reg_s1.
DSP Report: register reg_in1_reg is absorbed into DSP reg_s1.
DSP Report: operator reg_s1 is absorbed into DSP reg_s1.
DSP Report: operator reg_s1 is absorbed into DSP reg_s1.
DSP Report: Generating DSP reg_s1, operation Mode is: (PCIN>>17)+A2*B.
DSP Report: register reg_in1_reg is absorbed into DSP reg_s1.
DSP Report: operator reg_s1 is absorbed into DSP reg_s1.
DSP Report: operator reg_s1 is absorbed into DSP reg_s1.
DSP Report: Generating DSP reg_s_reg, operation Mode is: (C+A:B)'.
DSP Report: register reg_s_reg is absorbed into DSP reg_s_reg.
DSP Report: operator reg_s0 is absorbed into DSP reg_s_reg.
DSP Report: Generating DSP reg_s1, operation Mode is: A2*B2.
DSP Report: register reg_s1 is absorbed into DSP reg_s1.
DSP Report: register reg_in1_reg is absorbed into DSP reg_s1.
DSP Report: operator reg_s1 is absorbed into DSP reg_s1.
DSP Report: operator reg_s1 is absorbed into DSP reg_s1.
DSP Report: Generating DSP reg_s1, operation Mode is: (PCIN>>17)+A2*B.
DSP Report: register reg_in1_reg is absorbed into DSP reg_s1.
DSP Report: operator reg_s1 is absorbed into DSP reg_s1.
DSP Report: operator reg_s1 is absorbed into DSP reg_s1.
DSP Report: Generating DSP reg_s_reg, operation Mode is: (C+A:B)'.
DSP Report: register reg_s_reg is absorbed into DSP reg_s_reg.
DSP Report: operator reg_s0 is absorbed into DSP reg_s_reg.
DSP Report: Generating DSP reg_s1, operation Mode is: A2*B2.
DSP Report: register reg_s1 is absorbed into DSP reg_s1.
DSP Report: register reg_in1_reg is absorbed into DSP reg_s1.
DSP Report: operator reg_s1 is absorbed into DSP reg_s1.
DSP Report: operator reg_s1 is absorbed into DSP reg_s1.
DSP Report: Generating DSP reg_s1, operation Mode is: (PCIN>>17)+A2*B.
DSP Report: register reg_in1_reg is absorbed into DSP reg_s1.
DSP Report: operator reg_s1 is absorbed into DSP reg_s1.
DSP Report: operator reg_s1 is absorbed into DSP reg_s1.
DSP Report: Generating DSP reg_s_reg, operation Mode is: (C+A:B)'.
DSP Report: register reg_s_reg is absorbed into DSP reg_s_reg.
DSP Report: operator reg_s0 is absorbed into DSP reg_s_reg.
DSP Report: Generating DSP reg_s1, operation Mode is: A2*B2.
DSP Report: register reg_s1 is absorbed into DSP reg_s1.
DSP Report: register reg_in1_reg is absorbed into DSP reg_s1.
DSP Report: operator reg_s1 is absorbed into DSP reg_s1.
DSP Report: operator reg_s1 is absorbed into DSP reg_s1.
DSP Report: Generating DSP reg_s1, operation Mode is: (PCIN>>17)+A2*B.
DSP Report: register reg_in1_reg is absorbed into DSP reg_s1.
DSP Report: operator reg_s1 is absorbed into DSP reg_s1.
DSP Report: operator reg_s1 is absorbed into DSP reg_s1.
DSP Report: Generating DSP reg_s_reg, operation Mode is: (C+A:B)'.
DSP Report: register reg_s_reg is absorbed into DSP reg_s_reg.
DSP Report: operator reg_s0 is absorbed into DSP reg_s_reg.
DSP Report: Generating DSP reg_s1, operation Mode is: A2*B2.
DSP Report: register reg_s1 is absorbed into DSP reg_s1.
DSP Report: register reg_in1_reg is absorbed into DSP reg_s1.
DSP Report: operator reg_s1 is absorbed into DSP reg_s1.
DSP Report: operator reg_s1 is absorbed into DSP reg_s1.
DSP Report: Generating DSP reg_s1, operation Mode is: (PCIN>>17)+A2*B.
DSP Report: register reg_in1_reg is absorbed into DSP reg_s1.
DSP Report: operator reg_s1 is absorbed into DSP reg_s1.
DSP Report: operator reg_s1 is absorbed into DSP reg_s1.
DSP Report: Generating DSP reg_s_reg, operation Mode is: (C+A:B)'.
DSP Report: register reg_s_reg is absorbed into DSP reg_s_reg.
DSP Report: operator reg_s0 is absorbed into DSP reg_s_reg.
WARNING: [Synth 8-7129] Port rst in module top is either unconnected or has no load
---------------------------------------------------------------------------------
Finished Cross Boundary and Area Optimization : Time (s): cpu = 00:00:12 ; elapsed = 00:00:20 . Memory (MB): peak = 2988.543 ; gain = 633.520
---------------------------------------------------------------------------------
WARNING: [Synth 8-3323] Resources of type DSP have been overutilized. Used = 252, Available = 220. Use report_utilization command for details.
DSP Report: Generating DSP reg_s1, operation Mode is (post resource management): A2*B2.
DSP Report: register reg_s1 is absorbed into DSP reg_s1.
DSP Report: register reg_in1_reg is absorbed into DSP reg_s1.
DSP Report: operator reg_s1 is absorbed into DSP reg_s1.
DSP Report: operator reg_s1 is absorbed into DSP reg_s1.
DSP Report: Generating DSP reg_s1, operation Mode is (post resource management): (PCIN>>17)+A2*B.
DSP Report: register reg_in1_reg is absorbed into DSP reg_s1.
DSP Report: operator reg_s1 is absorbed into DSP reg_s1.
DSP Report: operator reg_s1 is absorbed into DSP reg_s1.
DSP Report: Generating DSP reg_s1, operation Mode is (post resource management): A2*B2.
DSP Report: register reg_s1 is absorbed into DSP reg_s1.
DSP Report: register reg_in1_reg is absorbed into DSP reg_s1.
DSP Report: operator reg_s1 is absorbed into DSP reg_s1.
DSP Report: operator reg_s1 is absorbed into DSP reg_s1.
DSP Report: Generating DSP reg_s1, operation Mode is (post resource management): (PCIN>>17)+A2*B.
DSP Report: register reg_in1_reg is absorbed into DSP reg_s1.
DSP Report: operator reg_s1 is absorbed into DSP reg_s1.
DSP Report: operator reg_s1 is absorbed into DSP reg_s1.
DSP Report: Generating DSP reg_s1, operation Mode is (post resource management): A2*B2.
DSP Report: register reg_s1 is absorbed into DSP reg_s1.
DSP Report: register reg_in1_reg is absorbed into DSP reg_s1.
DSP Report: operator reg_s1 is absorbed into DSP reg_s1.
DSP Report: operator reg_s1 is absorbed into DSP reg_s1.
DSP Report: Generating DSP reg_s1, operation Mode is (post resource management): (PCIN>>17)+A2*B.
DSP Report: register reg_in1_reg is absorbed into DSP reg_s1.
DSP Report: operator reg_s1 is absorbed into DSP reg_s1.
DSP Report: operator reg_s1 is absorbed into DSP reg_s1.
DSP Report: Generating DSP reg_s1, operation Mode is (post resource management): A2*B2.
DSP Report: register reg_s1 is absorbed into DSP reg_s1.
DSP Report: register reg_in1_reg is absorbed into DSP reg_s1.
DSP Report: operator reg_s1 is absorbed into DSP reg_s1.
DSP Report: operator reg_s1 is absorbed into DSP reg_s1.
DSP Report: Generating DSP reg_s1, operation Mode is (post resource management): (PCIN>>17)+A2*B.
DSP Report: register reg_in1_reg is absorbed into DSP reg_s1.
DSP Report: operator reg_s1 is absorbed into DSP reg_s1.
DSP Report: operator reg_s1 is absorbed into DSP reg_s1.
DSP Report: Generating DSP reg_s1, operation Mode is (post resource management): A2*B2.
DSP Report: register reg_s1 is absorbed into DSP reg_s1.
DSP Report: register reg_in1_reg is absorbed into DSP reg_s1.
DSP Report: operator reg_s1 is absorbed into DSP reg_s1.
DSP Report: operator reg_s1 is absorbed into DSP reg_s1.
DSP Report: Generating DSP reg_s1, operation Mode is (post resource management): (PCIN>>17)+A2*B.
DSP Report: register reg_in1_reg is absorbed into DSP reg_s1.
DSP Report: operator reg_s1 is absorbed into DSP reg_s1.
DSP Report: operator reg_s1 is absorbed into DSP reg_s1.
WARNING: [Synth 8-3936] Found unconnected internal register 'reg_s_reg' and it is trimmed from '48' to '47' bits. [C:/Users/Korisnik/Desktop/DSONG/projekat/hdl/mac.vhd:30]
DSP Report: Generating DSP reg_s1, operation Mode is (post resource management): A2*B2.
DSP Report: register reg_s1 is absorbed into DSP reg_s1.
DSP Report: register reg_in1_reg is absorbed into DSP reg_s1.
DSP Report: operator reg_s1 is absorbed into DSP reg_s1.
DSP Report: operator reg_s1 is absorbed into DSP reg_s1.
DSP Report: Generating DSP reg_s1, operation Mode is (post resource management): (PCIN>>17)+A2*B.
DSP Report: register reg_in1_reg is absorbed into DSP reg_s1.
DSP Report: operator reg_s1 is absorbed into DSP reg_s1.
DSP Report: operator reg_s1 is absorbed into DSP reg_s1.
DSP Report: Generating DSP reg_s1, operation Mode is (post resource management): A2*B2.
DSP Report: register reg_s1 is absorbed into DSP reg_s1.
DSP Report: register reg_in1_reg is absorbed into DSP reg_s1.
DSP Report: operator reg_s1 is absorbed into DSP reg_s1.
DSP Report: operator reg_s1 is absorbed into DSP reg_s1.
DSP Report: Generating DSP reg_s1, operation Mode is (post resource management): (PCIN>>17)+A2*B.
DSP Report: register reg_in1_reg is absorbed into DSP reg_s1.
DSP Report: operator reg_s1 is absorbed into DSP reg_s1.
DSP Report: operator reg_s1 is absorbed into DSP reg_s1.
DSP Report: Generating DSP reg_s_reg, operation Mode is (post resource management): (C+A:B)'.
DSP Report: register reg_s_reg is absorbed into DSP reg_s_reg.
DSP Report: operator reg_s0 is absorbed into DSP reg_s_reg.
DSP Report: Generating DSP reg_s1, operation Mode is (post resource management): A2*B2.
DSP Report: register reg_s1 is absorbed into DSP reg_s1.
DSP Report: register reg_in1_reg is absorbed into DSP reg_s1.
DSP Report: operator reg_s1 is absorbed into DSP reg_s1.
DSP Report: operator reg_s1 is absorbed into DSP reg_s1.
DSP Report: Generating DSP reg_s1, operation Mode is (post resource management): (PCIN>>17)+A2*B.
DSP Report: register reg_in1_reg is absorbed into DSP reg_s1.
DSP Report: operator reg_s1 is absorbed into DSP reg_s1.
DSP Report: operator reg_s1 is absorbed into DSP reg_s1.
DSP Report: Generating DSP reg_s_reg, operation Mode is (post resource management): (C+A:B)'.
DSP Report: register reg_s_reg is absorbed into DSP reg_s_reg.
DSP Report: operator reg_s0 is absorbed into DSP reg_s_reg.
DSP Report: Generating DSP reg_s1, operation Mode is (post resource management): A2*B2.
DSP Report: register reg_s1 is absorbed into DSP reg_s1.
DSP Report: register reg_in1_reg is absorbed into DSP reg_s1.
DSP Report: operator reg_s1 is absorbed into DSP reg_s1.
DSP Report: operator reg_s1 is absorbed into DSP reg_s1.
DSP Report: Generating DSP reg_s1, operation Mode is (post resource management): (PCIN>>17)+A2*B.
DSP Report: register reg_in1_reg is absorbed into DSP reg_s1.
DSP Report: operator reg_s1 is absorbed into DSP reg_s1.
DSP Report: operator reg_s1 is absorbed into DSP reg_s1.
DSP Report: Generating DSP reg_s_reg, operation Mode is (post resource management): (C+A:B)'.
DSP Report: register reg_s_reg is absorbed into DSP reg_s_reg.
DSP Report: operator reg_s0 is absorbed into DSP reg_s_reg.
DSP Report: Generating DSP reg_s1, operation Mode is (post resource management): A2*B2.
DSP Report: register reg_s1 is absorbed into DSP reg_s1.
DSP Report: register reg_in1_reg is absorbed into DSP reg_s1.
DSP Report: operator reg_s1 is absorbed into DSP reg_s1.
DSP Report: operator reg_s1 is absorbed into DSP reg_s1.
DSP Report: Generating DSP reg_s1, operation Mode is (post resource management): (PCIN>>17)+A2*B.
DSP Report: register reg_in1_reg is absorbed into DSP reg_s1.
DSP Report: operator reg_s1 is absorbed into DSP reg_s1.
DSP Report: operator reg_s1 is absorbed into DSP reg_s1.
DSP Report: Generating DSP reg_s_reg, operation Mode is (post resource management): (C+A:B)'.
DSP Report: register reg_s_reg is absorbed into DSP reg_s_reg.
DSP Report: operator reg_s0 is absorbed into DSP reg_s_reg.
DSP Report: Generating DSP reg_s1, operation Mode is (post resource management): A2*B2.
DSP Report: register reg_s1 is absorbed into DSP reg_s1.
DSP Report: register reg_in1_reg is absorbed into DSP reg_s1.
DSP Report: operator reg_s1 is absorbed into DSP reg_s1.
DSP Report: operator reg_s1 is absorbed into DSP reg_s1.
DSP Report: Generating DSP reg_s1, operation Mode is (post resource management): (PCIN>>17)+A2*B.
DSP Report: register reg_in1_reg is absorbed into DSP reg_s1.
DSP Report: operator reg_s1 is absorbed into DSP reg_s1.
DSP Report: operator reg_s1 is absorbed into DSP reg_s1.
DSP Report: Generating DSP reg_s_reg, operation Mode is (post resource management): (C+A:B)'.
DSP Report: register reg_s_reg is absorbed into DSP reg_s_reg.
DSP Report: operator reg_s0 is absorbed into DSP reg_s_reg.
WARNING: [Synth 8-3936] Found unconnected internal register 'reg_s_reg' and it is trimmed from '48' to '47' bits. [C:/Users/Korisnik/Desktop/DSONG/projekat/hdl/mac.vhd:30]
DSP Report: Generating DSP reg_s1, operation Mode is (post resource management): A2*B2.
DSP Report: register reg_s1 is absorbed into DSP reg_s1.
DSP Report: register reg_in1_reg is absorbed into DSP reg_s1.
DSP Report: operator reg_s1 is absorbed into DSP reg_s1.
DSP Report: operator reg_s1 is absorbed into DSP reg_s1.
DSP Report: Generating DSP reg_s1, operation Mode is (post resource management): (PCIN>>17)+A2*B.
DSP Report: register reg_in1_reg is absorbed into DSP reg_s1.
DSP Report: operator reg_s1 is absorbed into DSP reg_s1.
DSP Report: operator reg_s1 is absorbed into DSP reg_s1.
DSP Report: Generating DSP reg_s_reg, operation Mode is (post resource management): (C+A:B)'.
DSP Report: register reg_s_reg is absorbed into DSP reg_s_reg.
DSP Report: operator reg_s0 is absorbed into DSP reg_s_reg.
DSP Report: Generating DSP reg_s1, operation Mode is (post resource management): A2*B2.
DSP Report: register reg_s1 is absorbed into DSP reg_s1.
DSP Report: register reg_in1_reg is absorbed into DSP reg_s1.
DSP Report: operator reg_s1 is absorbed into DSP reg_s1.
DSP Report: operator reg_s1 is absorbed into DSP reg_s1.
DSP Report: Generating DSP reg_s1, operation Mode is (post resource management): (PCIN>>17)+A2*B.
DSP Report: register reg_in1_reg is absorbed into DSP reg_s1.
DSP Report: operator reg_s1 is absorbed into DSP reg_s1.
DSP Report: operator reg_s1 is absorbed into DSP reg_s1.
DSP Report: Generating DSP reg_s_reg, operation Mode is (post resource management): (C+A:B)'.
DSP Report: register reg_s_reg is absorbed into DSP reg_s_reg.
DSP Report: operator reg_s0 is absorbed into DSP reg_s_reg.
DSP Report: Generating DSP reg_s1, operation Mode is (post resource management): A2*B2.
DSP Report: register reg_s1 is absorbed into DSP reg_s1.
DSP Report: register reg_in1_reg is absorbed into DSP reg_s1.
DSP Report: operator reg_s1 is absorbed into DSP reg_s1.
DSP Report: operator reg_s1 is absorbed into DSP reg_s1.
DSP Report: Generating DSP reg_s1, operation Mode is (post resource management): (PCIN>>17)+A2*B.
DSP Report: register reg_in1_reg is absorbed into DSP reg_s1.
DSP Report: operator reg_s1 is absorbed into DSP reg_s1.
DSP Report: operator reg_s1 is absorbed into DSP reg_s1.
DSP Report: Generating DSP reg_s_reg, operation Mode is (post resource management): (C+A:B)'.
DSP Report: register reg_s_reg is absorbed into DSP reg_s_reg.
DSP Report: operator reg_s0 is absorbed into DSP reg_s_reg.
DSP Report: Generating DSP reg_s1, operation Mode is (post resource management): A2*B2.
DSP Report: register reg_s1 is absorbed into DSP reg_s1.
DSP Report: register reg_in1_reg is absorbed into DSP reg_s1.
DSP Report: operator reg_s1 is absorbed into DSP reg_s1.
DSP Report: operator reg_s1 is absorbed into DSP reg_s1.
DSP Report: Generating DSP reg_s1, operation Mode is (post resource management): (PCIN>>17)+A2*B.
DSP Report: register reg_in1_reg is absorbed into DSP reg_s1.
DSP Report: operator reg_s1 is absorbed into DSP reg_s1.
DSP Report: operator reg_s1 is absorbed into DSP reg_s1.
DSP Report: Generating DSP reg_s_reg, operation Mode is (post resource management): (C+A:B)'.
DSP Report: register reg_s_reg is absorbed into DSP reg_s_reg.
DSP Report: operator reg_s0 is absorbed into DSP reg_s_reg.
DSP Report: Generating DSP reg_s1, operation Mode is (post resource management): A2*B2.
DSP Report: register reg_s1 is absorbed into DSP reg_s1.
DSP Report: register reg_in1_reg is absorbed into DSP reg_s1.
DSP Report: operator reg_s1 is absorbed into DSP reg_s1.
DSP Report: operator reg_s1 is absorbed into DSP reg_s1.
DSP Report: Generating DSP reg_s1, operation Mode is (post resource management): (PCIN>>17)+A2*B.
DSP Report: register reg_in1_reg is absorbed into DSP reg_s1.
DSP Report: operator reg_s1 is absorbed into DSP reg_s1.
DSP Report: operator reg_s1 is absorbed into DSP reg_s1.
DSP Report: Generating DSP reg_s_reg, operation Mode is (post resource management): (C+A:B)'.
DSP Report: register reg_s_reg is absorbed into DSP reg_s_reg.
DSP Report: operator reg_s0 is absorbed into DSP reg_s_reg.
DSP Report: Generating DSP reg_s1, operation Mode is (post resource management): A2*B2.
DSP Report: register reg_s1 is absorbed into DSP reg_s1.
DSP Report: register reg_in1_reg is absorbed into DSP reg_s1.
DSP Report: operator reg_s1 is absorbed into DSP reg_s1.
DSP Report: operator reg_s1 is absorbed into DSP reg_s1.
DSP Report: Generating DSP reg_s1, operation Mode is (post resource management): (PCIN>>17)+A2*B.
DSP Report: register reg_in1_reg is absorbed into DSP reg_s1.
DSP Report: operator reg_s1 is absorbed into DSP reg_s1.
DSP Report: operator reg_s1 is absorbed into DSP reg_s1.
DSP Report: Generating DSP reg_s_reg, operation Mode is (post resource management): (C+A:B)'.
DSP Report: register reg_s_reg is absorbed into DSP reg_s_reg.
DSP Report: operator reg_s0 is absorbed into DSP reg_s_reg.
WARNING: [Synth 8-3936] Found unconnected internal register 'reg_s_reg' and it is trimmed from '48' to '47' bits. [C:/Users/Korisnik/Desktop/DSONG/projekat/hdl/mac.vhd:30]
DSP Report: Generating DSP reg_s1, operation Mode is (post resource management): A2*B2.
DSP Report: register reg_s1 is absorbed into DSP reg_s1.
DSP Report: register reg_in1_reg is absorbed into DSP reg_s1.
DSP Report: operator reg_s1 is absorbed into DSP reg_s1.
DSP Report: operator reg_s1 is absorbed into DSP reg_s1.
DSP Report: Generating DSP reg_s1, operation Mode is (post resource management): (PCIN>>17)+A2*B.
DSP Report: register reg_in1_reg is absorbed into DSP reg_s1.
DSP Report: operator reg_s1 is absorbed into DSP reg_s1.
DSP Report: operator reg_s1 is absorbed into DSP reg_s1.
DSP Report: Generating DSP reg_s_reg, operation Mode is (post resource management): (C+A:B)'.
DSP Report: register reg_s_reg is absorbed into DSP reg_s_reg.
DSP Report: operator reg_s0 is absorbed into DSP reg_s_reg.
DSP Report: Generating DSP reg_s1, operation Mode is (post resource management): A2*B2.
DSP Report: register reg_s1 is absorbed into DSP reg_s1.
DSP Report: register reg_in1_reg is absorbed into DSP reg_s1.
DSP Report: operator reg_s1 is absorbed into DSP reg_s1.
DSP Report: operator reg_s1 is absorbed into DSP reg_s1.
DSP Report: Generating DSP reg_s1, operation Mode is (post resource management): (PCIN>>17)+A2*B.
DSP Report: register reg_in1_reg is absorbed into DSP reg_s1.
DSP Report: operator reg_s1 is absorbed into DSP reg_s1.
DSP Report: operator reg_s1 is absorbed into DSP reg_s1.
DSP Report: Generating DSP reg_s_reg, operation Mode is (post resource management): (C+A:B)'.
DSP Report: register reg_s_reg is absorbed into DSP reg_s_reg.
DSP Report: operator reg_s0 is absorbed into DSP reg_s_reg.
DSP Report: Generating DSP reg_s1, operation Mode is (post resource management): A2*B2.
DSP Report: register reg_s1 is absorbed into DSP reg_s1.
DSP Report: register reg_in1_reg is absorbed into DSP reg_s1.
DSP Report: operator reg_s1 is absorbed into DSP reg_s1.
DSP Report: operator reg_s1 is absorbed into DSP reg_s1.
DSP Report: Generating DSP reg_s1, operation Mode is (post resource management): (PCIN>>17)+A2*B.
DSP Report: register reg_in1_reg is absorbed into DSP reg_s1.
DSP Report: operator reg_s1 is absorbed into DSP reg_s1.
DSP Report: operator reg_s1 is absorbed into DSP reg_s1.
DSP Report: Generating DSP reg_s_reg, operation Mode is (post resource management): (C+A:B)'.
DSP Report: register reg_s_reg is absorbed into DSP reg_s_reg.
DSP Report: operator reg_s0 is absorbed into DSP reg_s_reg.
DSP Report: Generating DSP reg_s1, operation Mode is (post resource management): A2*B2.
DSP Report: register reg_s1 is absorbed into DSP reg_s1.
DSP Report: register reg_in1_reg is absorbed into DSP reg_s1.
DSP Report: operator reg_s1 is absorbed into DSP reg_s1.
DSP Report: operator reg_s1 is absorbed into DSP reg_s1.
DSP Report: Generating DSP reg_s1, operation Mode is (post resource management): (PCIN>>17)+A2*B.
DSP Report: register reg_in1_reg is absorbed into DSP reg_s1.
DSP Report: operator reg_s1 is absorbed into DSP reg_s1.
DSP Report: operator reg_s1 is absorbed into DSP reg_s1.
DSP Report: Generating DSP reg_s_reg, operation Mode is (post resource management): (C+A:B)'.
DSP Report: register reg_s_reg is absorbed into DSP reg_s_reg.
DSP Report: operator reg_s0 is absorbed into DSP reg_s_reg.
DSP Report: Generating DSP reg_s1, operation Mode is (post resource management): A2*B2.
DSP Report: register reg_s1 is absorbed into DSP reg_s1.
DSP Report: register reg_in1_reg is absorbed into DSP reg_s1.
DSP Report: operator reg_s1 is absorbed into DSP reg_s1.
DSP Report: operator reg_s1 is absorbed into DSP reg_s1.
DSP Report: Generating DSP reg_s1, operation Mode is (post resource management): (PCIN>>17)+A2*B.
DSP Report: register reg_in1_reg is absorbed into DSP reg_s1.
DSP Report: operator reg_s1 is absorbed into DSP reg_s1.
DSP Report: operator reg_s1 is absorbed into DSP reg_s1.
DSP Report: Generating DSP reg_s_reg, operation Mode is (post resource management): (C+A:B)'.
DSP Report: register reg_s_reg is absorbed into DSP reg_s_reg.
DSP Report: operator reg_s0 is absorbed into DSP reg_s_reg.
DSP Report: Generating DSP reg_s1, operation Mode is (post resource management): A2*B2.
DSP Report: register reg_s1 is absorbed into DSP reg_s1.
DSP Report: register reg_in1_reg is absorbed into DSP reg_s1.
DSP Report: operator reg_s1 is absorbed into DSP reg_s1.
DSP Report: operator reg_s1 is absorbed into DSP reg_s1.
DSP Report: Generating DSP reg_s1, operation Mode is (post resource management): (PCIN>>17)+A2*B.
DSP Report: register reg_in1_reg is absorbed into DSP reg_s1.
DSP Report: operator reg_s1 is absorbed into DSP reg_s1.
DSP Report: operator reg_s1 is absorbed into DSP reg_s1.
DSP Report: Generating DSP reg_s_reg, operation Mode is (post resource management): (C+A:B)'.
DSP Report: register reg_s_reg is absorbed into DSP reg_s_reg.
DSP Report: operator reg_s0 is absorbed into DSP reg_s_reg.
WARNING: [Synth 8-3936] Found unconnected internal register 'reg_s_reg' and it is trimmed from '48' to '47' bits. [C:/Users/Korisnik/Desktop/DSONG/projekat/hdl/mac.vhd:30]
DSP Report: Generating DSP reg_s1, operation Mode is (post resource management): A2*B2.
DSP Report: register reg_s1 is absorbed into DSP reg_s1.
DSP Report: register reg_in1_reg is absorbed into DSP reg_s1.
DSP Report: operator reg_s1 is absorbed into DSP reg_s1.
DSP Report: operator reg_s1 is absorbed into DSP reg_s1.
DSP Report: Generating DSP reg_s1, operation Mode is (post resource management): (PCIN>>17)+A2*B.
DSP Report: register reg_in1_reg is absorbed into DSP reg_s1.
DSP Report: operator reg_s1 is absorbed into DSP reg_s1.
DSP Report: operator reg_s1 is absorbed into DSP reg_s1.
DSP Report: Generating DSP reg_s_reg, operation Mode is (post resource management): (C+A:B)'.
DSP Report: register reg_s_reg is absorbed into DSP reg_s_reg.
DSP Report: operator reg_s0 is absorbed into DSP reg_s_reg.
DSP Report: Generating DSP reg_s1, operation Mode is (post resource management): A2*B2.
DSP Report: register reg_s1 is absorbed into DSP reg_s1.
DSP Report: register reg_in1_reg is absorbed into DSP reg_s1.
DSP Report: operator reg_s1 is absorbed into DSP reg_s1.
DSP Report: operator reg_s1 is absorbed into DSP reg_s1.
DSP Report: Generating DSP reg_s1, operation Mode is (post resource management): (PCIN>>17)+A2*B.
DSP Report: register reg_in1_reg is absorbed into DSP reg_s1.
DSP Report: operator reg_s1 is absorbed into DSP reg_s1.
DSP Report: operator reg_s1 is absorbed into DSP reg_s1.
DSP Report: Generating DSP reg_s_reg, operation Mode is (post resource management): (C+A:B)'.
DSP Report: register reg_s_reg is absorbed into DSP reg_s_reg.
DSP Report: operator reg_s0 is absorbed into DSP reg_s_reg.
DSP Report: Generating DSP reg_s1, operation Mode is (post resource management): A2*B2.
DSP Report: register reg_s1 is absorbed into DSP reg_s1.
DSP Report: register reg_in1_reg is absorbed into DSP reg_s1.
DSP Report: operator reg_s1 is absorbed into DSP reg_s1.
DSP Report: operator reg_s1 is absorbed into DSP reg_s1.
DSP Report: Generating DSP reg_s1, operation Mode is (post resource management): (PCIN>>17)+A2*B.
DSP Report: register reg_in1_reg is absorbed into DSP reg_s1.
DSP Report: operator reg_s1 is absorbed into DSP reg_s1.
DSP Report: operator reg_s1 is absorbed into DSP reg_s1.
DSP Report: Generating DSP reg_s_reg, operation Mode is (post resource management): (C+A:B)'.
DSP Report: register reg_s_reg is absorbed into DSP reg_s_reg.
DSP Report: operator reg_s0 is absorbed into DSP reg_s_reg.
DSP Report: Generating DSP reg_s1, operation Mode is (post resource management): A2*B2.
DSP Report: register reg_s1 is absorbed into DSP reg_s1.
DSP Report: register reg_in1_reg is absorbed into DSP reg_s1.
DSP Report: operator reg_s1 is absorbed into DSP reg_s1.
DSP Report: operator reg_s1 is absorbed into DSP reg_s1.
DSP Report: Generating DSP reg_s1, operation Mode is (post resource management): (PCIN>>17)+A2*B.
DSP Report: register reg_in1_reg is absorbed into DSP reg_s1.
DSP Report: operator reg_s1 is absorbed into DSP reg_s1.
DSP Report: operator reg_s1 is absorbed into DSP reg_s1.
DSP Report: Generating DSP reg_s_reg, operation Mode is (post resource management): (C+A:B)'.
DSP Report: register reg_s_reg is absorbed into DSP reg_s_reg.
DSP Report: operator reg_s0 is absorbed into DSP reg_s_reg.
DSP Report: Generating DSP reg_s1, operation Mode is (post resource management): A2*B2.
DSP Report: register reg_s1 is absorbed into DSP reg_s1.
DSP Report: register reg_in1_reg is absorbed into DSP reg_s1.
DSP Report: operator reg_s1 is absorbed into DSP reg_s1.
DSP Report: operator reg_s1 is absorbed into DSP reg_s1.
DSP Report: Generating DSP reg_s1, operation Mode is (post resource management): (PCIN>>17)+A2*B.
DSP Report: register reg_in1_reg is absorbed into DSP reg_s1.
DSP Report: operator reg_s1 is absorbed into DSP reg_s1.
DSP Report: operator reg_s1 is absorbed into DSP reg_s1.
DSP Report: Generating DSP reg_s_reg, operation Mode is (post resource management): (C+A:B)'.
DSP Report: register reg_s_reg is absorbed into DSP reg_s_reg.
DSP Report: operator reg_s0 is absorbed into DSP reg_s_reg.
DSP Report: Generating DSP reg_s1, operation Mode is (post resource management): A2*B2.
DSP Report: register reg_s1 is absorbed into DSP reg_s1.
DSP Report: register reg_in1_reg is absorbed into DSP reg_s1.
DSP Report: operator reg_s1 is absorbed into DSP reg_s1.
DSP Report: operator reg_s1 is absorbed into DSP reg_s1.
DSP Report: Generating DSP reg_s1, operation Mode is (post resource management): (PCIN>>17)+A2*B.
DSP Report: register reg_in1_reg is absorbed into DSP reg_s1.
DSP Report: operator reg_s1 is absorbed into DSP reg_s1.
DSP Report: operator reg_s1 is absorbed into DSP reg_s1.
DSP Report: Generating DSP reg_s_reg, operation Mode is (post resource management): (C+A:B)'.
DSP Report: register reg_s_reg is absorbed into DSP reg_s_reg.
DSP Report: operator reg_s0 is absorbed into DSP reg_s_reg.
WARNING: [Synth 8-3936] Found unconnected internal register 'reg_s_reg' and it is trimmed from '48' to '47' bits. [C:/Users/Korisnik/Desktop/DSONG/projekat/hdl/mac.vhd:30]
DSP Report: Generating DSP reg_s1, operation Mode is (post resource management): A2*B2.
DSP Report: register reg_s1 is absorbed into DSP reg_s1.
DSP Report: register reg_in1_reg is absorbed into DSP reg_s1.
DSP Report: operator reg_s1 is absorbed into DSP reg_s1.
DSP Report: operator reg_s1 is absorbed into DSP reg_s1.
DSP Report: Generating DSP reg_s1, operation Mode is (post resource management): (PCIN>>17)+A2*B.
DSP Report: register reg_in1_reg is absorbed into DSP reg_s1.
DSP Report: operator reg_s1 is absorbed into DSP reg_s1.
DSP Report: operator reg_s1 is absorbed into DSP reg_s1.
DSP Report: Generating DSP reg_s_reg, operation Mode is (post resource management): (C+A:B)'.
DSP Report: register reg_s_reg is absorbed into DSP reg_s_reg.
DSP Report: operator reg_s0 is absorbed into DSP reg_s_reg.
DSP Report: Generating DSP reg_s1, operation Mode is (post resource management): A2*B2.
DSP Report: register reg_s1 is absorbed into DSP reg_s1.
DSP Report: register reg_in1_reg is absorbed into DSP reg_s1.
DSP Report: operator reg_s1 is absorbed into DSP reg_s1.
DSP Report: operator reg_s1 is absorbed into DSP reg_s1.
DSP Report: Generating DSP reg_s1, operation Mode is (post resource management): (PCIN>>17)+A2*B.
DSP Report: register reg_in1_reg is absorbed into DSP reg_s1.
DSP Report: operator reg_s1 is absorbed into DSP reg_s1.
DSP Report: operator reg_s1 is absorbed into DSP reg_s1.
DSP Report: Generating DSP reg_s_reg, operation Mode is (post resource management): (C+A:B)'.
DSP Report: register reg_s_reg is absorbed into DSP reg_s_reg.
DSP Report: operator reg_s0 is absorbed into DSP reg_s_reg.
DSP Report: Generating DSP reg_s1, operation Mode is (post resource management): A2*B2.
DSP Report: register reg_s1 is absorbed into DSP reg_s1.
DSP Report: register reg_in1_reg is absorbed into DSP reg_s1.
DSP Report: operator reg_s1 is absorbed into DSP reg_s1.
DSP Report: operator reg_s1 is absorbed into DSP reg_s1.
DSP Report: Generating DSP reg_s1, operation Mode is (post resource management): (PCIN>>17)+A2*B.
DSP Report: register reg_in1_reg is absorbed into DSP reg_s1.
DSP Report: operator reg_s1 is absorbed into DSP reg_s1.
DSP Report: operator reg_s1 is absorbed into DSP reg_s1.
DSP Report: Generating DSP reg_s_reg, operation Mode is (post resource management): (C+A:B)'.
DSP Report: register reg_s_reg is absorbed into DSP reg_s_reg.
DSP Report: operator reg_s0 is absorbed into DSP reg_s_reg.
DSP Report: Generating DSP reg_s1, operation Mode is (post resource management): A2*B2.
DSP Report: register reg_s1 is absorbed into DSP reg_s1.
DSP Report: register reg_in1_reg is absorbed into DSP reg_s1.
DSP Report: operator reg_s1 is absorbed into DSP reg_s1.
DSP Report: operator reg_s1 is absorbed into DSP reg_s1.
DSP Report: Generating DSP reg_s1, operation Mode is (post resource management): (PCIN>>17)+A2*B.
DSP Report: register reg_in1_reg is absorbed into DSP reg_s1.
DSP Report: operator reg_s1 is absorbed into DSP reg_s1.
DSP Report: operator reg_s1 is absorbed into DSP reg_s1.
DSP Report: Generating DSP reg_s_reg, operation Mode is (post resource management): (C+A:B)'.
DSP Report: register reg_s_reg is absorbed into DSP reg_s_reg.
DSP Report: operator reg_s0 is absorbed into DSP reg_s_reg.
DSP Report: Generating DSP reg_s1, operation Mode is (post resource management): A2*B2.
DSP Report: register reg_s1 is absorbed into DSP reg_s1.
DSP Report: register reg_in1_reg is absorbed into DSP reg_s1.
DSP Report: operator reg_s1 is absorbed into DSP reg_s1.
DSP Report: operator reg_s1 is absorbed into DSP reg_s1.
DSP Report: Generating DSP reg_s1, operation Mode is (post resource management): (PCIN>>17)+A2*B.
DSP Report: register reg_in1_reg is absorbed into DSP reg_s1.
DSP Report: operator reg_s1 is absorbed into DSP reg_s1.
DSP Report: operator reg_s1 is absorbed into DSP reg_s1.
DSP Report: Generating DSP reg_s_reg, operation Mode is (post resource management): (C+A:B)'.
DSP Report: register reg_s_reg is absorbed into DSP reg_s_reg.
DSP Report: operator reg_s0 is absorbed into DSP reg_s_reg.
DSP Report: Generating DSP reg_s1, operation Mode is (post resource management): A2*B2.
DSP Report: register reg_s1 is absorbed into DSP reg_s1.
DSP Report: register reg_in1_reg is absorbed into DSP reg_s1.
DSP Report: operator reg_s1 is absorbed into DSP reg_s1.
DSP Report: operator reg_s1 is absorbed into DSP reg_s1.
DSP Report: Generating DSP reg_s1, operation Mode is (post resource management): (PCIN>>17)+A2*B.
DSP Report: register reg_in1_reg is absorbed into DSP reg_s1.
DSP Report: operator reg_s1 is absorbed into DSP reg_s1.
DSP Report: operator reg_s1 is absorbed into DSP reg_s1.
DSP Report: Generating DSP reg_s_reg, operation Mode is (post resource management): (C+A:B)'.
DSP Report: register reg_s_reg is absorbed into DSP reg_s_reg.
DSP Report: operator reg_s0 is absorbed into DSP reg_s_reg.
WARNING: [Synth 8-3936] Found unconnected internal register 'reg_s_reg' and it is trimmed from '48' to '47' bits. [C:/Users/Korisnik/Desktop/DSONG/projekat/hdl/mac.vhd:30]
DSP Report: Generating DSP reg_s1, operation Mode is (post resource management): A2*B2.
DSP Report: register reg_s1 is absorbed into DSP reg_s1.
DSP Report: register reg_in1_reg is absorbed into DSP reg_s1.
DSP Report: operator reg_s1 is absorbed into DSP reg_s1.
DSP Report: operator reg_s1 is absorbed into DSP reg_s1.
DSP Report: Generating DSP reg_s1, operation Mode is (post resource management): (PCIN>>17)+A2*B.
DSP Report: register reg_in1_reg is absorbed into DSP reg_s1.
DSP Report: operator reg_s1 is absorbed into DSP reg_s1.
DSP Report: operator reg_s1 is absorbed into DSP reg_s1.
DSP Report: Generating DSP reg_s_reg, operation Mode is (post resource management): (C+A:B)'.
DSP Report: register reg_s_reg is absorbed into DSP reg_s_reg.
DSP Report: operator reg_s0 is absorbed into DSP reg_s_reg.
DSP Report: Generating DSP reg_s1, operation Mode is (post resource management): A2*B2.
DSP Report: register reg_s1 is absorbed into DSP reg_s1.
DSP Report: register reg_in1_reg is absorbed into DSP reg_s1.
DSP Report: operator reg_s1 is absorbed into DSP reg_s1.
DSP Report: operator reg_s1 is absorbed into DSP reg_s1.
DSP Report: Generating DSP reg_s1, operation Mode is (post resource management): (PCIN>>17)+A2*B.
DSP Report: register reg_in1_reg is absorbed into DSP reg_s1.
DSP Report: operator reg_s1 is absorbed into DSP reg_s1.
DSP Report: operator reg_s1 is absorbed into DSP reg_s1.
DSP Report: Generating DSP reg_s_reg, operation Mode is (post resource management): (C+A:B)'.
DSP Report: register reg_s_reg is absorbed into DSP reg_s_reg.
DSP Report: operator reg_s0 is absorbed into DSP reg_s_reg.
DSP Report: Generating DSP reg_s1, operation Mode is (post resource management): A2*B2.
DSP Report: register reg_s1 is absorbed into DSP reg_s1.
DSP Report: register reg_in1_reg is absorbed into DSP reg_s1.
DSP Report: operator reg_s1 is absorbed into DSP reg_s1.
DSP Report: operator reg_s1 is absorbed into DSP reg_s1.
DSP Report: Generating DSP reg_s1, operation Mode is (post resource management): (PCIN>>17)+A2*B.
DSP Report: register reg_in1_reg is absorbed into DSP reg_s1.
DSP Report: operator reg_s1 is absorbed into DSP reg_s1.
DSP Report: operator reg_s1 is absorbed into DSP reg_s1.
DSP Report: Generating DSP reg_s_reg, operation Mode is (post resource management): (C+A:B)'.
DSP Report: register reg_s_reg is absorbed into DSP reg_s_reg.
DSP Report: operator reg_s0 is absorbed into DSP reg_s_reg.
DSP Report: Generating DSP reg_s1, operation Mode is (post resource management): A2*B2.
DSP Report: register reg_s1 is absorbed into DSP reg_s1.
DSP Report: register reg_in1_reg is absorbed into DSP reg_s1.
DSP Report: operator reg_s1 is absorbed into DSP reg_s1.
DSP Report: operator reg_s1 is absorbed into DSP reg_s1.
DSP Report: Generating DSP reg_s1, operation Mode is (post resource management): (PCIN>>17)+A2*B.
DSP Report: register reg_in1_reg is absorbed into DSP reg_s1.
DSP Report: operator reg_s1 is absorbed into DSP reg_s1.
DSP Report: operator reg_s1 is absorbed into DSP reg_s1.
DSP Report: Generating DSP reg_s_reg, operation Mode is (post resource management): (C+A:B)'.
DSP Report: register reg_s_reg is absorbed into DSP reg_s_reg.
DSP Report: operator reg_s0 is absorbed into DSP reg_s_reg.
DSP Report: Generating DSP reg_s1, operation Mode is (post resource management): A2*B2.
DSP Report: register reg_s1 is absorbed into DSP reg_s1.
DSP Report: register reg_in1_reg is absorbed into DSP reg_s1.
DSP Report: operator reg_s1 is absorbed into DSP reg_s1.
DSP Report: operator reg_s1 is absorbed into DSP reg_s1.
DSP Report: Generating DSP reg_s1, operation Mode is (post resource management): (PCIN>>17)+A2*B.
DSP Report: register reg_in1_reg is absorbed into DSP reg_s1.
DSP Report: operator reg_s1 is absorbed into DSP reg_s1.
DSP Report: operator reg_s1 is absorbed into DSP reg_s1.
DSP Report: Generating DSP reg_s_reg, operation Mode is (post resource management): (C+A:B)'.
DSP Report: register reg_s_reg is absorbed into DSP reg_s_reg.
DSP Report: operator reg_s0 is absorbed into DSP reg_s_reg.
DSP Report: Generating DSP reg_s1, operation Mode is (post resource management): A2*B2.
DSP Report: register reg_s1 is absorbed into DSP reg_s1.
DSP Report: register reg_in1_reg is absorbed into DSP reg_s1.
DSP Report: operator reg_s1 is absorbed into DSP reg_s1.
DSP Report: operator reg_s1 is absorbed into DSP reg_s1.
DSP Report: Generating DSP reg_s1, operation Mode is (post resource management): (PCIN>>17)+A2*B.
DSP Report: register reg_in1_reg is absorbed into DSP reg_s1.
DSP Report: operator reg_s1 is absorbed into DSP reg_s1.
DSP Report: operator reg_s1 is absorbed into DSP reg_s1.
DSP Report: Generating DSP reg_s_reg, operation Mode is (post resource management): (C+A:B)'.
DSP Report: register reg_s_reg is absorbed into DSP reg_s_reg.
DSP Report: operator reg_s0 is absorbed into DSP reg_s_reg.
WARNING: [Synth 8-3936] Found unconnected internal register 'reg_s_reg' and it is trimmed from '48' to '47' bits. [C:/Users/Korisnik/Desktop/DSONG/projekat/hdl/mac.vhd:30]
DSP Report: Generating DSP reg_s1, operation Mode is (post resource management): A2*B2.
DSP Report: register reg_s1 is absorbed into DSP reg_s1.
DSP Report: register reg_in1_reg is absorbed into DSP reg_s1.
DSP Report: operator reg_s1 is absorbed into DSP reg_s1.
DSP Report: operator reg_s1 is absorbed into DSP reg_s1.
DSP Report: Generating DSP reg_s1, operation Mode is (post resource management): (PCIN>>17)+A2*B.
DSP Report: register reg_in1_reg is absorbed into DSP reg_s1.
DSP Report: operator reg_s1 is absorbed into DSP reg_s1.
DSP Report: operator reg_s1 is absorbed into DSP reg_s1.
DSP Report: Generating DSP reg_s_reg, operation Mode is (post resource management): (C+A:B)'.
DSP Report: register reg_s_reg is absorbed into DSP reg_s_reg.
DSP Report: operator reg_s0 is absorbed into DSP reg_s_reg.
DSP Report: Generating DSP reg_s1, operation Mode is (post resource management): A2*B2.
DSP Report: register reg_s1 is absorbed into DSP reg_s1.
DSP Report: register reg_in1_reg is absorbed into DSP reg_s1.
DSP Report: operator reg_s1 is absorbed into DSP reg_s1.
DSP Report: operator reg_s1 is absorbed into DSP reg_s1.
DSP Report: Generating DSP reg_s1, operation Mode is (post resource management): (PCIN>>17)+A2*B.
DSP Report: register reg_in1_reg is absorbed into DSP reg_s1.
DSP Report: operator reg_s1 is absorbed into DSP reg_s1.
DSP Report: operator reg_s1 is absorbed into DSP reg_s1.
DSP Report: Generating DSP reg_s_reg, operation Mode is (post resource management): (C+A:B)'.
DSP Report: register reg_s_reg is absorbed into DSP reg_s_reg.
DSP Report: operator reg_s0 is absorbed into DSP reg_s_reg.
DSP Report: Generating DSP reg_s1, operation Mode is (post resource management): A2*B2.
DSP Report: register reg_s1 is absorbed into DSP reg_s1.
DSP Report: register reg_in1_reg is absorbed into DSP reg_s1.
DSP Report: operator reg_s1 is absorbed into DSP reg_s1.
DSP Report: operator reg_s1 is absorbed into DSP reg_s1.
DSP Report: Generating DSP reg_s1, operation Mode is (post resource management): (PCIN>>17)+A2*B.
DSP Report: register reg_in1_reg is absorbed into DSP reg_s1.
DSP Report: operator reg_s1 is absorbed into DSP reg_s1.
DSP Report: operator reg_s1 is absorbed into DSP reg_s1.
DSP Report: Generating DSP reg_s_reg, operation Mode is (post resource management): (C+A:B)'.
DSP Report: register reg_s_reg is absorbed into DSP reg_s_reg.
DSP Report: operator reg_s0 is absorbed into DSP reg_s_reg.
DSP Report: Generating DSP reg_s1, operation Mode is (post resource management): A2*B2.
DSP Report: register reg_s1 is absorbed into DSP reg_s1.
DSP Report: register reg_in1_reg is absorbed into DSP reg_s1.
DSP Report: operator reg_s1 is absorbed into DSP reg_s1.
DSP Report: operator reg_s1 is absorbed into DSP reg_s1.
DSP Report: Generating DSP reg_s1, operation Mode is (post resource management): (PCIN>>17)+A2*B.
DSP Report: register reg_in1_reg is absorbed into DSP reg_s1.
DSP Report: operator reg_s1 is absorbed into DSP reg_s1.
DSP Report: operator reg_s1 is absorbed into DSP reg_s1.
DSP Report: Generating DSP reg_s_reg, operation Mode is (post resource management): (C+A:B)'.
DSP Report: register reg_s_reg is absorbed into DSP reg_s_reg.
DSP Report: operator reg_s0 is absorbed into DSP reg_s_reg.
DSP Report: Generating DSP reg_s1, operation Mode is (post resource management): A2*B2.
DSP Report: register reg_s1 is absorbed into DSP reg_s1.
DSP Report: register reg_in1_reg is absorbed into DSP reg_s1.
DSP Report: operator reg_s1 is absorbed into DSP reg_s1.
DSP Report: operator reg_s1 is absorbed into DSP reg_s1.
DSP Report: Generating DSP reg_s1, operation Mode is (post resource management): (PCIN>>17)+A2*B.
DSP Report: register reg_in1_reg is absorbed into DSP reg_s1.
DSP Report: operator reg_s1 is absorbed into DSP reg_s1.
DSP Report: operator reg_s1 is absorbed into DSP reg_s1.
DSP Report: Generating DSP reg_s_reg, operation Mode is (post resource management): (C+A:B)'.
DSP Report: register reg_s_reg is absorbed into DSP reg_s_reg.
DSP Report: operator reg_s0 is absorbed into DSP reg_s_reg.
DSP Report: Generating DSP reg_s1, operation Mode is (post resource management): A2*B2.
DSP Report: register reg_s1 is absorbed into DSP reg_s1.
DSP Report: register reg_in1_reg is absorbed into DSP reg_s1.
DSP Report: operator reg_s1 is absorbed into DSP reg_s1.
DSP Report: operator reg_s1 is absorbed into DSP reg_s1.
DSP Report: Generating DSP reg_s1, operation Mode is (post resource management): (PCIN>>17)+A2*B.
DSP Report: register reg_in1_reg is absorbed into DSP reg_s1.
DSP Report: operator reg_s1 is absorbed into DSP reg_s1.
DSP Report: operator reg_s1 is absorbed into DSP reg_s1.
DSP Report: Generating DSP reg_s_reg, operation Mode is (post resource management): (C+A:B)'.
DSP Report: register reg_s_reg is absorbed into DSP reg_s_reg.
DSP Report: operator reg_s0 is absorbed into DSP reg_s_reg.
WARNING: [Synth 8-3936] Found unconnected internal register 'reg_s_reg' and it is trimmed from '48' to '47' bits. [C:/Users/Korisnik/Desktop/DSONG/projekat/hdl/mac.vhd:30]
DSP Report: Generating DSP reg_s1, operation Mode is (post resource management): A2*B2.
DSP Report: register reg_s1 is absorbed into DSP reg_s1.
DSP Report: register reg_in1_reg is absorbed into DSP reg_s1.
DSP Report: operator reg_s1 is absorbed into DSP reg_s1.
DSP Report: operator reg_s1 is absorbed into DSP reg_s1.
DSP Report: Generating DSP reg_s1, operation Mode is (post resource management): (PCIN>>17)+A2*B.
DSP Report: register reg_in1_reg is absorbed into DSP reg_s1.
DSP Report: operator reg_s1 is absorbed into DSP reg_s1.
DSP Report: operator reg_s1 is absorbed into DSP reg_s1.
DSP Report: Generating DSP reg_s_reg, operation Mode is (post resource management): (C+A:B)'.
DSP Report: register reg_s_reg is absorbed into DSP reg_s_reg.
DSP Report: operator reg_s0 is absorbed into DSP reg_s_reg.
DSP Report: Generating DSP reg_s1, operation Mode is (post resource management): A2*B2.
DSP Report: register reg_s1 is absorbed into DSP reg_s1.
DSP Report: register reg_in1_reg is absorbed into DSP reg_s1.
DSP Report: operator reg_s1 is absorbed into DSP reg_s1.
DSP Report: operator reg_s1 is absorbed into DSP reg_s1.
DSP Report: Generating DSP reg_s1, operation Mode is (post resource management): (PCIN>>17)+A2*B.
DSP Report: register reg_in1_reg is absorbed into DSP reg_s1.
DSP Report: operator reg_s1 is absorbed into DSP reg_s1.
DSP Report: operator reg_s1 is absorbed into DSP reg_s1.
DSP Report: Generating DSP reg_s_reg, operation Mode is (post resource management): (C+A:B)'.
DSP Report: register reg_s_reg is absorbed into DSP reg_s_reg.
DSP Report: operator reg_s0 is absorbed into DSP reg_s_reg.
DSP Report: Generating DSP reg_s1, operation Mode is (post resource management): A2*B2.
DSP Report: register reg_s1 is absorbed into DSP reg_s1.
DSP Report: register reg_in1_reg is absorbed into DSP reg_s1.
DSP Report: operator reg_s1 is absorbed into DSP reg_s1.
DSP Report: operator reg_s1 is absorbed into DSP reg_s1.
DSP Report: Generating DSP reg_s1, operation Mode is (post resource management): (PCIN>>17)+A2*B.
DSP Report: register reg_in1_reg is absorbed into DSP reg_s1.
DSP Report: operator reg_s1 is absorbed into DSP reg_s1.
DSP Report: operator reg_s1 is absorbed into DSP reg_s1.
DSP Report: Generating DSP reg_s_reg, operation Mode is (post resource management): (C+A:B)'.
DSP Report: register reg_s_reg is absorbed into DSP reg_s_reg.
DSP Report: operator reg_s0 is absorbed into DSP reg_s_reg.
DSP Report: Generating DSP reg_s1, operation Mode is (post resource management): A2*B2.
DSP Report: register reg_s1 is absorbed into DSP reg_s1.
DSP Report: register reg_in1_reg is absorbed into DSP reg_s1.
DSP Report: operator reg_s1 is absorbed into DSP reg_s1.
DSP Report: operator reg_s1 is absorbed into DSP reg_s1.
DSP Report: Generating DSP reg_s1, operation Mode is (post resource management): (PCIN>>17)+A2*B.
DSP Report: register reg_in1_reg is absorbed into DSP reg_s1.
DSP Report: operator reg_s1 is absorbed into DSP reg_s1.
DSP Report: operator reg_s1 is absorbed into DSP reg_s1.
DSP Report: Generating DSP reg_s_reg, operation Mode is (post resource management): (C+A:B)'.
DSP Report: register reg_s_reg is absorbed into DSP reg_s_reg.
DSP Report: operator reg_s0 is absorbed into DSP reg_s_reg.
DSP Report: Generating DSP reg_s1, operation Mode is (post resource management): A2*B2.
DSP Report: register reg_s1 is absorbed into DSP reg_s1.
DSP Report: register reg_in1_reg is absorbed into DSP reg_s1.
DSP Report: operator reg_s1 is absorbed into DSP reg_s1.
DSP Report: operator reg_s1 is absorbed into DSP reg_s1.
DSP Report: Generating DSP reg_s1, operation Mode is (post resource management): (PCIN>>17)+A2*B.
DSP Report: register reg_in1_reg is absorbed into DSP reg_s1.
DSP Report: operator reg_s1 is absorbed into DSP reg_s1.
DSP Report: operator reg_s1 is absorbed into DSP reg_s1.
DSP Report: Generating DSP reg_s_reg, operation Mode is (post resource management): (C+A:B)'.
DSP Report: register reg_s_reg is absorbed into DSP reg_s_reg.
DSP Report: operator reg_s0 is absorbed into DSP reg_s_reg.
DSP Report: Generating DSP reg_s1, operation Mode is (post resource management): A2*B2.
DSP Report: register reg_s1 is absorbed into DSP reg_s1.
DSP Report: register reg_in1_reg is absorbed into DSP reg_s1.
DSP Report: operator reg_s1 is absorbed into DSP reg_s1.
DSP Report: operator reg_s1 is absorbed into DSP reg_s1.
DSP Report: Generating DSP reg_s1, operation Mode is (post resource management): (PCIN>>17)+A2*B.
DSP Report: register reg_in1_reg is absorbed into DSP reg_s1.
DSP Report: operator reg_s1 is absorbed into DSP reg_s1.
DSP Report: operator reg_s1 is absorbed into DSP reg_s1.
DSP Report: Generating DSP reg_s_reg, operation Mode is (post resource management): (C+A:B)'.
DSP Report: register reg_s_reg is absorbed into DSP reg_s_reg.
DSP Report: operator reg_s0 is absorbed into DSP reg_s_reg.
WARNING: [Synth 8-3936] Found unconnected internal register 'reg_s_reg' and it is trimmed from '48' to '47' bits. [C:/Users/Korisnik/Desktop/DSONG/projekat/hdl/mac.vhd:30]
DSP Report: Generating DSP reg_s1, operation Mode is (post resource management): A2*B2.
DSP Report: register reg_s1 is absorbed into DSP reg_s1.
DSP Report: register reg_in1_reg is absorbed into DSP reg_s1.
DSP Report: operator reg_s1 is absorbed into DSP reg_s1.
DSP Report: operator reg_s1 is absorbed into DSP reg_s1.
DSP Report: Generating DSP reg_s1, operation Mode is (post resource management): (PCIN>>17)+A2*B.
DSP Report: register reg_in1_reg is absorbed into DSP reg_s1.
DSP Report: operator reg_s1 is absorbed into DSP reg_s1.
DSP Report: operator reg_s1 is absorbed into DSP reg_s1.
DSP Report: Generating DSP reg_s_reg, operation Mode is (post resource management): (C+A:B)'.
DSP Report: register reg_s_reg is absorbed into DSP reg_s_reg.
DSP Report: operator reg_s0 is absorbed into DSP reg_s_reg.
DSP Report: Generating DSP reg_s1, operation Mode is (post resource management): A2*B2.
DSP Report: register reg_s1 is absorbed into DSP reg_s1.
DSP Report: register reg_in1_reg is absorbed into DSP reg_s1.
DSP Report: operator reg_s1 is absorbed into DSP reg_s1.
DSP Report: operator reg_s1 is absorbed into DSP reg_s1.
DSP Report: Generating DSP reg_s1, operation Mode is (post resource management): (PCIN>>17)+A2*B.
DSP Report: register reg_in1_reg is absorbed into DSP reg_s1.
DSP Report: operator reg_s1 is absorbed into DSP reg_s1.
DSP Report: operator reg_s1 is absorbed into DSP reg_s1.
DSP Report: Generating DSP reg_s1, operation Mode is (post resource management): A2*B2.
DSP Report: register reg_s1 is absorbed into DSP reg_s1.
DSP Report: register reg_in1_reg is absorbed into DSP reg_s1.
DSP Report: operator reg_s1 is absorbed into DSP reg_s1.
DSP Report: operator reg_s1 is absorbed into DSP reg_s1.
DSP Report: Generating DSP reg_s1, operation Mode is (post resource management): (PCIN>>17)+A2*B.
DSP Report: register reg_in1_reg is absorbed into DSP reg_s1.
DSP Report: operator reg_s1 is absorbed into DSP reg_s1.
DSP Report: operator reg_s1 is absorbed into DSP reg_s1.
DSP Report: Generating DSP reg_s1, operation Mode is (post resource management): A2*B2.
DSP Report: register reg_s1 is absorbed into DSP reg_s1.
DSP Report: register reg_in1_reg is absorbed into DSP reg_s1.
DSP Report: operator reg_s1 is absorbed into DSP reg_s1.
DSP Report: operator reg_s1 is absorbed into DSP reg_s1.
DSP Report: Generating DSP reg_s1, operation Mode is (post resource management): (PCIN>>17)+A2*B.
DSP Report: register reg_in1_reg is absorbed into DSP reg_s1.
DSP Report: operator reg_s1 is absorbed into DSP reg_s1.
DSP Report: operator reg_s1 is absorbed into DSP reg_s1.
DSP Report: Generating DSP reg_s1, operation Mode is (post resource management): A2*B2.
DSP Report: register reg_s1 is absorbed into DSP reg_s1.
DSP Report: register reg_in1_reg is absorbed into DSP reg_s1.
DSP Report: operator reg_s1 is absorbed into DSP reg_s1.
DSP Report: operator reg_s1 is absorbed into DSP reg_s1.
DSP Report: Generating DSP reg_s1, operation Mode is (post resource management): (PCIN>>17)+A2*B.
DSP Report: register reg_in1_reg is absorbed into DSP reg_s1.
DSP Report: operator reg_s1 is absorbed into DSP reg_s1.
DSP Report: operator reg_s1 is absorbed into DSP reg_s1.
DSP Report: Generating DSP reg_s1, operation Mode is (post resource management): A2*B2.
DSP Report: register reg_s1 is absorbed into DSP reg_s1.
DSP Report: register reg_in1_reg is absorbed into DSP reg_s1.
DSP Report: operator reg_s1 is absorbed into DSP reg_s1.
DSP Report: operator reg_s1 is absorbed into DSP reg_s1.
DSP Report: Generating DSP reg_s1, operation Mode is (post resource management): (PCIN>>17)+A2*B.
DSP Report: register reg_in1_reg is absorbed into DSP reg_s1.
DSP Report: operator reg_s1 is absorbed into DSP reg_s1.
DSP Report: operator reg_s1 is absorbed into DSP reg_s1.
WARNING: [Synth 8-3936] Found unconnected internal register 'reg_s_reg' and it is trimmed from '48' to '47' bits. [C:/Users/Korisnik/Desktop/DSONG/projekat/hdl/mac.vhd:30]
DSP Report: Generating DSP reg_s1, operation Mode is (post resource management): A2*B2.
DSP Report: register reg_s1 is absorbed into DSP reg_s1.
DSP Report: register reg_in1_reg is absorbed into DSP reg_s1.
DSP Report: operator reg_s1 is absorbed into DSP reg_s1.
DSP Report: operator reg_s1 is absorbed into DSP reg_s1.
DSP Report: Generating DSP reg_s1, operation Mode is (post resource management): (PCIN>>17)+A2*B.
DSP Report: register reg_in1_reg is absorbed into DSP reg_s1.
DSP Report: operator reg_s1 is absorbed into DSP reg_s1.
DSP Report: operator reg_s1 is absorbed into DSP reg_s1.
DSP Report: Generating DSP reg_s1, operation Mode is (post resource management): A2*B2.
DSP Report: register reg_s1 is absorbed into DSP reg_s1.
DSP Report: register reg_in1_reg is absorbed into DSP reg_s1.
DSP Report: operator reg_s1 is absorbed into DSP reg_s1.
DSP Report: operator reg_s1 is absorbed into DSP reg_s1.
DSP Report: Generating DSP reg_s1, operation Mode is (post resource management): (PCIN>>17)+A2*B.
DSP Report: register reg_in1_reg is absorbed into DSP reg_s1.
DSP Report: operator reg_s1 is absorbed into DSP reg_s1.
DSP Report: operator reg_s1 is absorbed into DSP reg_s1.
DSP Report: Generating DSP reg_s1, operation Mode is (post resource management): A2*B2.
DSP Report: register reg_s1 is absorbed into DSP reg_s1.
DSP Report: register reg_in1_reg is absorbed into DSP reg_s1.
DSP Report: operator reg_s1 is absorbed into DSP reg_s1.
DSP Report: operator reg_s1 is absorbed into DSP reg_s1.
DSP Report: Generating DSP reg_s1, operation Mode is (post resource management): (PCIN>>17)+A2*B.
DSP Report: register reg_in1_reg is absorbed into DSP reg_s1.
DSP Report: operator reg_s1 is absorbed into DSP reg_s1.
DSP Report: operator reg_s1 is absorbed into DSP reg_s1.
DSP Report: Generating DSP reg_s1, operation Mode is (post resource management): A2*B2.
DSP Report: register reg_s1 is absorbed into DSP reg_s1.
DSP Report: register reg_in1_reg is absorbed into DSP reg_s1.
DSP Report: operator reg_s1 is absorbed into DSP reg_s1.
DSP Report: operator reg_s1 is absorbed into DSP reg_s1.
DSP Report: Generating DSP reg_s1, operation Mode is (post resource management): (PCIN>>17)+A2*B.
DSP Report: register reg_in1_reg is absorbed into DSP reg_s1.
DSP Report: operator reg_s1 is absorbed into DSP reg_s1.
DSP Report: operator reg_s1 is absorbed into DSP reg_s1.
DSP Report: Generating DSP reg_s1, operation Mode is (post resource management): A2*B2.
DSP Report: register reg_s1 is absorbed into DSP reg_s1.
DSP Report: register reg_in1_reg is absorbed into DSP reg_s1.
DSP Report: operator reg_s1 is absorbed into DSP reg_s1.
DSP Report: operator reg_s1 is absorbed into DSP reg_s1.
DSP Report: Generating DSP reg_s1, operation Mode is (post resource management): (PCIN>>17)+A2*B.
DSP Report: register reg_in1_reg is absorbed into DSP reg_s1.
DSP Report: operator reg_s1 is absorbed into DSP reg_s1.
DSP Report: operator reg_s1 is absorbed into DSP reg_s1.
DSP Report: Generating DSP reg_s1, operation Mode is (post resource management): A2*B2.
DSP Report: register reg_s1 is absorbed into DSP reg_s1.
DSP Report: register reg_in1_reg is absorbed into DSP reg_s1.
DSP Report: operator reg_s1 is absorbed into DSP reg_s1.
DSP Report: operator reg_s1 is absorbed into DSP reg_s1.
DSP Report: Generating DSP reg_s1, operation Mode is (post resource management): (PCIN>>17)+A2*B.
DSP Report: register reg_in1_reg is absorbed into DSP reg_s1.
DSP Report: operator reg_s1 is absorbed into DSP reg_s1.
DSP Report: operator reg_s1 is absorbed into DSP reg_s1.
WARNING: [Synth 8-3936] Found unconnected internal register 'reg_s_reg' and it is trimmed from '48' to '47' bits. [C:/Users/Korisnik/Desktop/DSONG/projekat/hdl/mac.vhd:30]
DSP Report: Generating DSP reg_s1, operation Mode is (post resource management): A2*B2.
DSP Report: register reg_s1 is absorbed into DSP reg_s1.
DSP Report: register reg_in1_reg is absorbed into DSP reg_s1.
DSP Report: operator reg_s1 is absorbed into DSP reg_s1.
DSP Report: operator reg_s1 is absorbed into DSP reg_s1.
DSP Report: Generating DSP reg_s1, operation Mode is (post resource management): (PCIN>>17)+A2*B.
DSP Report: register reg_in1_reg is absorbed into DSP reg_s1.
DSP Report: operator reg_s1 is absorbed into DSP reg_s1.
DSP Report: operator reg_s1 is absorbed into DSP reg_s1.
DSP Report: Generating DSP reg_s1, operation Mode is (post resource management): A2*B2.
DSP Report: register reg_s1 is absorbed into DSP reg_s1.
DSP Report: register reg_in1_reg is absorbed into DSP reg_s1.
DSP Report: operator reg_s1 is absorbed into DSP reg_s1.
DSP Report: operator reg_s1 is absorbed into DSP reg_s1.
DSP Report: Generating DSP reg_s1, operation Mode is (post resource management): (PCIN>>17)+A2*B.
DSP Report: register reg_in1_reg is absorbed into DSP reg_s1.
DSP Report: operator reg_s1 is absorbed into DSP reg_s1.
DSP Report: operator reg_s1 is absorbed into DSP reg_s1.
DSP Report: Generating DSP reg_s1, operation Mode is (post resource management): A2*B2.
DSP Report: register reg_s1 is absorbed into DSP reg_s1.
DSP Report: register reg_in1_reg is absorbed into DSP reg_s1.
DSP Report: operator reg_s1 is absorbed into DSP reg_s1.
DSP Report: operator reg_s1 is absorbed into DSP reg_s1.
DSP Report: Generating DSP reg_s1, operation Mode is (post resource management): (PCIN>>17)+A2*B.
DSP Report: register reg_in1_reg is absorbed into DSP reg_s1.
DSP Report: operator reg_s1 is absorbed into DSP reg_s1.
DSP Report: operator reg_s1 is absorbed into DSP reg_s1.
DSP Report: Generating DSP reg_s1, operation Mode is (post resource management): A2*B2.
DSP Report: register reg_s1 is absorbed into DSP reg_s1.
DSP Report: register reg_in1_reg is absorbed into DSP reg_s1.
DSP Report: operator reg_s1 is absorbed into DSP reg_s1.
DSP Report: operator reg_s1 is absorbed into DSP reg_s1.
DSP Report: Generating DSP reg_s1, operation Mode is (post resource management): (PCIN>>17)+A2*B.
DSP Report: register reg_in1_reg is absorbed into DSP reg_s1.
DSP Report: operator reg_s1 is absorbed into DSP reg_s1.
DSP Report: operator reg_s1 is absorbed into DSP reg_s1.
DSP Report: Generating DSP reg_s1, operation Mode is (post resource management): A2*B2.
DSP Report: register reg_s1 is absorbed into DSP reg_s1.
DSP Report: register reg_in1_reg is absorbed into DSP reg_s1.
DSP Report: operator reg_s1 is absorbed into DSP reg_s1.
DSP Report: operator reg_s1 is absorbed into DSP reg_s1.
DSP Report: Generating DSP reg_s1, operation Mode is (post resource management): (PCIN>>17)+A2*B.
DSP Report: register reg_in1_reg is absorbed into DSP reg_s1.
DSP Report: operator reg_s1 is absorbed into DSP reg_s1.
DSP Report: operator reg_s1 is absorbed into DSP reg_s1.
DSP Report: Generating DSP reg_s1, operation Mode is (post resource management): A2*B2.
DSP Report: register reg_s1 is absorbed into DSP reg_s1.
DSP Report: register reg_in1_reg is absorbed into DSP reg_s1.
DSP Report: operator reg_s1 is absorbed into DSP reg_s1.
DSP Report: operator reg_s1 is absorbed into DSP reg_s1.
DSP Report: Generating DSP reg_s1, operation Mode is (post resource management): (PCIN>>17)+A2*B.
DSP Report: register reg_in1_reg is absorbed into DSP reg_s1.
DSP Report: operator reg_s1 is absorbed into DSP reg_s1.
DSP Report: operator reg_s1 is absorbed into DSP reg_s1.
WARNING: [Synth 8-3936] Found unconnected internal register 'reg_s_reg' and it is trimmed from '48' to '47' bits. [C:/Users/Korisnik/Desktop/DSONG/projekat/hdl/mac.vhd:30]
DSP Report: Generating DSP reg_s1, operation Mode is (post resource management): A2*B2.
DSP Report: register reg_s1 is absorbed into DSP reg_s1.
DSP Report: register reg_in1_reg is absorbed into DSP reg_s1.
DSP Report: operator reg_s1 is absorbed into DSP reg_s1.
DSP Report: operator reg_s1 is absorbed into DSP reg_s1.
DSP Report: Generating DSP reg_s1, operation Mode is (post resource management): (PCIN>>17)+A2*B.
DSP Report: register reg_in1_reg is absorbed into DSP reg_s1.
DSP Report: operator reg_s1 is absorbed into DSP reg_s1.
DSP Report: operator reg_s1 is absorbed into DSP reg_s1.
DSP Report: Generating DSP reg_s1, operation Mode is (post resource management): A2*B2.
DSP Report: register reg_s1 is absorbed into DSP reg_s1.
DSP Report: register reg_in1_reg is absorbed into DSP reg_s1.
DSP Report: operator reg_s1 is absorbed into DSP reg_s1.
DSP Report: operator reg_s1 is absorbed into DSP reg_s1.
DSP Report: Generating DSP reg_s1, operation Mode is (post resource management): (PCIN>>17)+A2*B.
DSP Report: register reg_in1_reg is absorbed into DSP reg_s1.
DSP Report: operator reg_s1 is absorbed into DSP reg_s1.
DSP Report: operator reg_s1 is absorbed into DSP reg_s1.
DSP Report: Generating DSP reg_s1, operation Mode is (post resource management): A2*B2.
DSP Report: register reg_s1 is absorbed into DSP reg_s1.
DSP Report: register reg_in1_reg is absorbed into DSP reg_s1.
DSP Report: operator reg_s1 is absorbed into DSP reg_s1.
DSP Report: operator reg_s1 is absorbed into DSP reg_s1.
DSP Report: Generating DSP reg_s1, operation Mode is (post resource management): (PCIN>>17)+A2*B.
DSP Report: register reg_in1_reg is absorbed into DSP reg_s1.
DSP Report: operator reg_s1 is absorbed into DSP reg_s1.
DSP Report: operator reg_s1 is absorbed into DSP reg_s1.
DSP Report: Generating DSP reg_s1, operation Mode is (post resource management): A2*B2.
DSP Report: register reg_s1 is absorbed into DSP reg_s1.
DSP Report: register reg_in1_reg is absorbed into DSP reg_s1.
DSP Report: operator reg_s1 is absorbed into DSP reg_s1.
DSP Report: operator reg_s1 is absorbed into DSP reg_s1.
DSP Report: Generating DSP reg_s1, operation Mode is (post resource management): (PCIN>>17)+A2*B.
DSP Report: register reg_in1_reg is absorbed into DSP reg_s1.
DSP Report: operator reg_s1 is absorbed into DSP reg_s1.
DSP Report: operator reg_s1 is absorbed into DSP reg_s1.
DSP Report: Generating DSP reg_s1, operation Mode is (post resource management): A2*B2.
DSP Report: register reg_s1 is absorbed into DSP reg_s1.
DSP Report: register reg_in1_reg is absorbed into DSP reg_s1.
DSP Report: operator reg_s1 is absorbed into DSP reg_s1.
DSP Report: operator reg_s1 is absorbed into DSP reg_s1.
DSP Report: Generating DSP reg_s1, operation Mode is (post resource management): (PCIN>>17)+A2*B.
DSP Report: register reg_in1_reg is absorbed into DSP reg_s1.
DSP Report: operator reg_s1 is absorbed into DSP reg_s1.
DSP Report: operator reg_s1 is absorbed into DSP reg_s1.
DSP Report: Generating DSP reg_s1, operation Mode is (post resource management): A2*B2.
DSP Report: register reg_s1 is absorbed into DSP reg_s1.
DSP Report: register reg_in1_reg is absorbed into DSP reg_s1.
DSP Report: operator reg_s1 is absorbed into DSP reg_s1.
DSP Report: operator reg_s1 is absorbed into DSP reg_s1.
DSP Report: Generating DSP reg_s1, operation Mode is (post resource management): (PCIN>>17)+A2*B.
DSP Report: register reg_in1_reg is absorbed into DSP reg_s1.
DSP Report: operator reg_s1 is absorbed into DSP reg_s1.
DSP Report: operator reg_s1 is absorbed into DSP reg_s1.
WARNING: [Synth 8-3936] Found unconnected internal register 'reg_s_reg' and it is trimmed from '48' to '47' bits. [C:/Users/Korisnik/Desktop/DSONG/projekat/hdl/mac.vhd:30]
DSP Report: Generating DSP reg_s1, operation Mode is (post resource management): A2*B2.
DSP Report: register reg_s1 is absorbed into DSP reg_s1.
DSP Report: register reg_in1_reg is absorbed into DSP reg_s1.
DSP Report: operator reg_s1 is absorbed into DSP reg_s1.
DSP Report: operator reg_s1 is absorbed into DSP reg_s1.
DSP Report: Generating DSP reg_s1, operation Mode is (post resource management): (PCIN>>17)+A2*B.
DSP Report: register reg_in1_reg is absorbed into DSP reg_s1.
DSP Report: operator reg_s1 is absorbed into DSP reg_s1.
DSP Report: operator reg_s1 is absorbed into DSP reg_s1.
DSP Report: Generating DSP reg_s1, operation Mode is (post resource management): A2*B2.
DSP Report: register reg_s1 is absorbed into DSP reg_s1.
DSP Report: register reg_in1_reg is absorbed into DSP reg_s1.
DSP Report: operator reg_s1 is absorbed into DSP reg_s1.
DSP Report: operator reg_s1 is absorbed into DSP reg_s1.
DSP Report: Generating DSP reg_s1, operation Mode is (post resource management): (PCIN>>17)+A2*B.
DSP Report: register reg_in1_reg is absorbed into DSP reg_s1.
DSP Report: operator reg_s1 is absorbed into DSP reg_s1.
DSP Report: operator reg_s1 is absorbed into DSP reg_s1.
DSP Report: Generating DSP reg_s1, operation Mode is (post resource management): A2*B2.
DSP Report: register reg_s1 is absorbed into DSP reg_s1.
DSP Report: register reg_in1_reg is absorbed into DSP reg_s1.
DSP Report: operator reg_s1 is absorbed into DSP reg_s1.
DSP Report: operator reg_s1 is absorbed into DSP reg_s1.
DSP Report: Generating DSP reg_s1, operation Mode is (post resource management): (PCIN>>17)+A2*B.
DSP Report: register reg_in1_reg is absorbed into DSP reg_s1.
DSP Report: operator reg_s1 is absorbed into DSP reg_s1.
DSP Report: operator reg_s1 is absorbed into DSP reg_s1.
DSP Report: Generating DSP reg_s1, operation Mode is (post resource management): A2*B2.
DSP Report: register reg_s1 is absorbed into DSP reg_s1.
DSP Report: register reg_in1_reg is absorbed into DSP reg_s1.
DSP Report: operator reg_s1 is absorbed into DSP reg_s1.
DSP Report: operator reg_s1 is absorbed into DSP reg_s1.
DSP Report: Generating DSP reg_s1, operation Mode is (post resource management): (PCIN>>17)+A2*B.
DSP Report: register reg_in1_reg is absorbed into DSP reg_s1.
DSP Report: operator reg_s1 is absorbed into DSP reg_s1.
DSP Report: operator reg_s1 is absorbed into DSP reg_s1.
DSP Report: Generating DSP reg_s1, operation Mode is (post resource management): A2*B2.
DSP Report: register reg_s1 is absorbed into DSP reg_s1.
DSP Report: register reg_in1_reg is absorbed into DSP reg_s1.
DSP Report: operator reg_s1 is absorbed into DSP reg_s1.
DSP Report: operator reg_s1 is absorbed into DSP reg_s1.
DSP Report: Generating DSP reg_s1, operation Mode is (post resource management): (PCIN>>17)+A2*B.
DSP Report: register reg_in1_reg is absorbed into DSP reg_s1.
DSP Report: operator reg_s1 is absorbed into DSP reg_s1.
DSP Report: operator reg_s1 is absorbed into DSP reg_s1.
DSP Report: Generating DSP reg_s1, operation Mode is (post resource management): A2*B2.
DSP Report: register reg_s1 is absorbed into DSP reg_s1.
DSP Report: register reg_in1_reg is absorbed into DSP reg_s1.
DSP Report: operator reg_s1 is absorbed into DSP reg_s1.
DSP Report: operator reg_s1 is absorbed into DSP reg_s1.
DSP Report: Generating DSP reg_s1, operation Mode is (post resource management): (PCIN>>17)+A2*B.
DSP Report: register reg_in1_reg is absorbed into DSP reg_s1.
DSP Report: operator reg_s1 is absorbed into DSP reg_s1.
DSP Report: operator reg_s1 is absorbed into DSP reg_s1.
WARNING: [Synth 8-3936] Found unconnected internal register 'reg_s_reg' and it is trimmed from '48' to '47' bits. [C:/Users/Korisnik/Desktop/DSONG/projekat/hdl/mac.vhd:30]
DSP Report: Generating DSP reg_s1, operation Mode is (post resource management): A2*B2.
DSP Report: register reg_s1 is absorbed into DSP reg_s1.
DSP Report: register reg_in1_reg is absorbed into DSP reg_s1.
DSP Report: operator reg_s1 is absorbed into DSP reg_s1.
DSP Report: operator reg_s1 is absorbed into DSP reg_s1.
DSP Report: Generating DSP reg_s1, operation Mode is (post resource management): (PCIN>>17)+A2*B.
DSP Report: register reg_in1_reg is absorbed into DSP reg_s1.
DSP Report: operator reg_s1 is absorbed into DSP reg_s1.
DSP Report: operator reg_s1 is absorbed into DSP reg_s1.
---------------------------------------------------------------------------------
Start ROM, RAM, DSP, Shift Register and Retiming Reporting
---------------------------------------------------------------------------------

Block RAM: Preliminary Mapping Report (see note below)
+------------+------------------------+------------------------+---+---+------------------------+---+---+------------------+--------+--------+
|Module Name | RTL Object             | PORT A (Depth x Width) | W | R | PORT B (Depth x Width) | W | R | Ports driving FF | RAMB18 | RAMB36 | 
+------------+------------------------+------------------------+---+---+------------------------+---+---+------------------+--------+--------+
|top         | INPUT_bram/memory_reg  | 4 K x 24(READ_FIRST)   | W |   | 4 K x 24(WRITE_FIRST)  |   | R | Port A and B     | 0      | 3      | 
|top         | OUTPUT_bram/memory_reg | 4 K x 24(READ_FIRST)   | W |   | 4 K x 24(WRITE_FIRST)  |   | R | Port A and B     | 0      | 3      | 
+------------+------------------------+------------------------+---+---+------------------------+---+---+------------------+--------+--------+

Note: The table above is a preliminary report that shows the Block RAMs at the current stage of the synthesis flow. Some Block RAMs may be reimplemented as non Block RAM primitives later in the synthesis flow. Multiple instantiated Block RAMs are reported only once. 

DSP: Preliminary Mapping Report (see note below. The ' indicates corresponding REG is set)
+------------+-----------------+--------+--------+--------+--------+--------+------+------+------+------+-------+------+------+
|Module Name | DSP Mapping     | A Size | B Size | C Size | D Size | P Size | AREG | BREG | CREG | DREG | ADREG | MREG | PREG | 
+------------+-----------------+--------+--------+--------+--------+--------+------+------+------+------+-------+------+------+
|mac         | A2*B2           | 24     | 18     | -      | -      | 48     | 1    | 1    | -    | -    | -     | 0    | 0    | 
|mac         | (PCIN>>17)+A2*B | 24     | 7      | -      | -      | 31     | 1    | 0    | -    | -    | -     | 0    | 0    | 
|mac         | (C+A:B)'        | 30     | 18     | 48     | -      | 48     | 0    | 0    | 0    | -    | -     | 0    | 1    | 
|mac         | A2*B2           | 24     | 18     | -      | -      | 48     | 1    | 1    | -    | -    | -     | 0    | 0    | 
|mac         | (PCIN>>17)+A2*B | 24     | 7      | -      | -      | 31     | 1    | 0    | -    | -    | -     | 0    | 0    | 
|mac         | (C+A:B)'        | 30     | 18     | 48     | -      | 48     | 0    | 0    | 0    | -    | -     | 0    | 1    | 
|mac         | A2*B2           | 24     | 18     | -      | -      | 48     | 1    | 1    | -    | -    | -     | 0    | 0    | 
|mac         | (PCIN>>17)+A2*B | 24     | 7      | -      | -      | 31     | 1    | 0    | -    | -    | -     | 0    | 0    | 
|mac         | (C+A:B)'        | 30     | 18     | 48     | -      | 48     | 0    | 0    | 0    | -    | -     | 0    | 1    | 
|mac         | A2*B2           | 24     | 18     | -      | -      | 48     | 1    | 1    | -    | -    | -     | 0    | 0    | 
|mac         | (PCIN>>17)+A2*B | 24     | 7      | -      | -      | 31     | 1    | 0    | -    | -    | -     | 0    | 0    | 
|mac         | (C+A:B)'        | 30     | 18     | 48     | -      | 48     | 0    | 0    | 0    | -    | -     | 0    | 1    | 
|mac         | A2*B2           | 24     | 18     | -      | -      | 48     | 1    | 1    | -    | -    | -     | 0    | 0    | 
|mac         | (PCIN>>17)+A2*B | 24     | 7      | -      | -      | 31     | 1    | 0    | -    | -    | -     | 0    | 0    | 
|mac         | (C+A:B)'        | 30     | 18     | 48     | -      | 48     | 0    | 0    | 0    | -    | -     | 0    | 1    | 
|mac         | A2*B2           | 24     | 18     | -      | -      | 48     | 1    | 1    | -    | -    | -     | 0    | 0    | 
|mac         | (PCIN>>17)+A2*B | 24     | 7      | -      | -      | 31     | 1    | 0    | -    | -    | -     | 0    | 0    | 
|mac         | (C+A:B)'        | 30     | 18     | 48     | -      | 48     | 0    | 0    | 0    | -    | -     | 0    | 1    | 
|mac         | A2*B2           | 24     | 18     | -      | -      | 48     | 1    | 1    | -    | -    | -     | 0    | 0    | 
|mac         | (PCIN>>17)+A2*B | 24     | 7      | -      | -      | 31     | 1    | 0    | -    | -    | -     | 0    | 0    | 
|mac         | (C+A:B)'        | 30     | 18     | 48     | -      | 48     | 0    | 0    | 0    | -    | -     | 0    | 1    | 
|mac         | A2*B2           | 24     | 18     | -      | -      | 48     | 1    | 1    | -    | -    | -     | 0    | 0    | 
|mac         | (PCIN>>17)+A2*B | 24     | 7      | -      | -      | 31     | 1    | 0    | -    | -    | -     | 0    | 0    | 
|mac         | (C+A:B)'        | 30     | 18     | 48     | -      | 48     | 0    | 0    | 0    | -    | -     | 0    | 1    | 
|mac         | A2*B2           | 24     | 18     | -      | -      | 48     | 1    | 1    | -    | -    | -     | 0    | 0    | 
|mac         | (PCIN>>17)+A2*B | 24     | 7      | -      | -      | 31     | 1    | 0    | -    | -    | -     | 0    | 0    | 
|mac         | (C+A:B)'        | 30     | 18     | 48     | -      | 48     | 0    | 0    | 0    | -    | -     | 0    | 1    | 
|mac         | A2*B2           | 24     | 18     | -      | -      | 48     | 1    | 1    | -    | -    | -     | 0    | 0    | 
|mac         | (PCIN>>17)+A2*B | 24     | 7      | -      | -      | 31     | 1    | 0    | -    | -    | -     | 0    | 0    | 
|mac         | (C+A:B)'        | 30     | 18     | 48     | -      | 48     | 0    | 0    | 0    | -    | -     | 0    | 1    | 
|mac         | A2*B2           | 24     | 18     | -      | -      | 48     | 1    | 1    | -    | -    | -     | 0    | 0    | 
|mac         | (PCIN>>17)+A2*B | 24     | 7      | -      | -      | 31     | 1    | 0    | -    | -    | -     | 0    | 0    | 
|mac         | (C+A:B)'        | 30     | 18     | 48     | -      | 48     | 0    | 0    | 0    | -    | -     | 0    | 1    | 
|mac         | A2*B2           | 24     | 18     | -      | -      | 48     | 1    | 1    | -    | -    | -     | 0    | 0    | 
|mac         | (PCIN>>17)+A2*B | 24     | 7      | -      | -      | 31     | 1    | 0    | -    | -    | -     | 0    | 0    | 
|mac         | (C+A:B)'        | 30     | 18     | 48     | -      | 48     | 0    | 0    | 0    | -    | -     | 0    | 1    | 
|mac         | A2*B2           | 24     | 18     | -      | -      | 48     | 1    | 1    | -    | -    | -     | 0    | 0    | 
|mac         | (PCIN>>17)+A2*B | 24     | 7      | -      | -      | 31     | 1    | 0    | -    | -    | -     | 0    | 0    | 
|mac         | (C+A:B)'        | 30     | 18     | 48     | -      | 48     | 0    | 0    | 0    | -    | -     | 0    | 1    | 
|mac         | A2*B2           | 24     | 18     | -      | -      | 48     | 1    | 1    | -    | -    | -     | 0    | 0    | 
|mac         | (PCIN>>17)+A2*B | 24     | 7      | -      | -      | 31     | 1    | 0    | -    | -    | -     | 0    | 0    | 
|mac         | (C+A:B)'        | 30     | 18     | 48     | -      | 48     | 0    | 0    | 0    | -    | -     | 0    | 1    | 
|mac         | A2*B2           | 24     | 18     | -      | -      | 48     | 1    | 1    | -    | -    | -     | 0    | 0    | 
|mac         | (PCIN>>17)+A2*B | 24     | 7      | -      | -      | 31     | 1    | 0    | -    | -    | -     | 0    | 0    | 
|mac         | (C+A:B)'        | 30     | 18     | 48     | -      | 48     | 0    | 0    | 0    | -    | -     | 0    | 1    | 
|mac         | A2*B2           | 24     | 18     | -      | -      | 48     | 1    | 1    | -    | -    | -     | 0    | 0    | 
|mac         | (PCIN>>17)+A2*B | 24     | 7      | -      | -      | 31     | 1    | 0    | -    | -    | -     | 0    | 0    | 
|mac         | (C+A:B)'        | 30     | 18     | 48     | -      | 48     | 0    | 0    | 0    | -    | -     | 0    | 1    | 
|mac         | A2*B2           | 24     | 18     | -      | -      | 48     | 1    | 1    | -    | -    | -     | 0    | 0    | 
|mac         | (PCIN>>17)+A2*B | 24     | 7      | -      | -      | 31     | 1    | 0    | -    | -    | -     | 0    | 0    | 
|mac         | (C+A:B)'        | 30     | 18     | 48     | -      | 48     | 0    | 0    | 0    | -    | -     | 0    | 1    | 
|mac         | A2*B2           | 24     | 18     | -      | -      | 48     | 1    | 1    | -    | -    | -     | 0    | 0    | 
|mac         | (PCIN>>17)+A2*B | 24     | 7      | -      | -      | 31     | 1    | 0    | -    | -    | -     | 0    | 0    | 
|mac         | (C+A:B)'        | 30     | 18     | 48     | -      | 48     | 0    | 0    | 0    | -    | -     | 0    | 1    | 
|mac         | A2*B2           | 24     | 18     | -      | -      | 48     | 1    | 1    | -    | -    | -     | 0    | 0    | 
|mac         | (PCIN>>17)+A2*B | 24     | 7      | -      | -      | 31     | 1    | 0    | -    | -    | -     | 0    | 0    | 
|mac         | (C+A:B)'        | 30     | 18     | 48     | -      | 48     | 0    | 0    | 0    | -    | -     | 0    | 1    | 
|mac         | A2*B2           | 24     | 18     | -      | -      | 48     | 1    | 1    | -    | -    | -     | 0    | 0    | 
|mac         | (PCIN>>17)+A2*B | 24     | 7      | -      | -      | 31     | 1    | 0    | -    | -    | -     | 0    | 0    | 
|mac         | (C+A:B)'        | 30     | 18     | 48     | -      | 48     | 0    | 0    | 0    | -    | -     | 0    | 1    | 
|mac         | A2*B2           | 24     | 18     | -      | -      | 48     | 1    | 1    | -    | -    | -     | 0    | 0    | 
|mac         | (PCIN>>17)+A2*B | 24     | 7      | -      | -      | 31     | 1    | 0    | -    | -    | -     | 0    | 0    | 
|mac         | (C+A:B)'        | 30     | 18     | 48     | -      | 48     | 0    | 0    | 0    | -    | -     | 0    | 1    | 
|mac         | A2*B2           | 24     | 18     | -      | -      | 48     | 1    | 1    | -    | -    | -     | 0    | 0    | 
|mac         | (PCIN>>17)+A2*B | 24     | 7      | -      | -      | 31     | 1    | 0    | -    | -    | -     | 0    | 0    | 
|mac         | (C+A:B)'        | 30     | 18     | 48     | -      | 48     | 0    | 0    | 0    | -    | -     | 0    | 1    | 
|mac         | A2*B2           | 24     | 18     | -      | -      | 48     | 1    | 1    | -    | -    | -     | 0    | 0    | 
|mac         | (PCIN>>17)+A2*B | 24     | 7      | -      | -      | 31     | 1    | 0    | -    | -    | -     | 0    | 0    | 
|mac         | (C+A:B)'        | 30     | 18     | 48     | -      | 48     | 0    | 0    | 0    | -    | -     | 0    | 1    | 
|mac         | A2*B2           | 24     | 18     | -      | -      | 48     | 1    | 1    | -    | -    | -     | 0    | 0    | 
|mac         | (PCIN>>17)+A2*B | 24     | 7      | -      | -      | 31     | 1    | 0    | -    | -    | -     | 0    | 0    | 
|mac         | (C+A:B)'        | 30     | 18     | 48     | -      | 48     | 0    | 0    | 0    | -    | -     | 0    | 1    | 
|mac         | A2*B2           | 24     | 18     | -      | -      | 48     | 1    | 1    | -    | -    | -     | 0    | 0    | 
|mac         | (PCIN>>17)+A2*B | 24     | 7      | -      | -      | 31     | 1    | 0    | -    | -    | -     | 0    | 0    | 
|mac         | (C+A:B)'        | 30     | 18     | 48     | -      | 48     | 0    | 0    | 0    | -    | -     | 0    | 1    | 
|mac         | A2*B2           | 24     | 18     | -      | -      | 48     | 1    | 1    | -    | -    | -     | 0    | 0    | 
|mac         | (PCIN>>17)+A2*B | 24     | 7      | -      | -      | 31     | 1    | 0    | -    | -    | -     | 0    | 0    | 
|mac         | (C+A:B)'        | 30     | 18     | 48     | -      | 48     | 0    | 0    | 0    | -    | -     | 0    | 1    | 
|mac         | A2*B2           | 24     | 18     | -      | -      | 48     | 1    | 1    | -    | -    | -     | 0    | 0    | 
|mac         | (PCIN>>17)+A2*B | 24     | 7      | -      | -      | 31     | 1    | 0    | -    | -    | -     | 0    | 0    | 
|mac         | (C+A:B)'        | 30     | 18     | 48     | -      | 48     | 0    | 0    | 0    | -    | -     | 0    | 1    | 
|mac         | A2*B2           | 24     | 18     | -      | -      | 48     | 1    | 1    | -    | -    | -     | 0    | 0    | 
|mac         | (PCIN>>17)+A2*B | 24     | 7      | -      | -      | 31     | 1    | 0    | -    | -    | -     | 0    | 0    | 
|mac         | (C+A:B)'        | 30     | 18     | 48     | -      | 48     | 0    | 0    | 0    | -    | -     | 0    | 1    | 
|mac         | A2*B2           | 24     | 18     | -      | -      | 48     | 1    | 1    | -    | -    | -     | 0    | 0    | 
|mac         | (PCIN>>17)+A2*B | 24     | 7      | -      | -      | 31     | 1    | 0    | -    | -    | -     | 0    | 0    | 
|mac         | (C+A:B)'        | 30     | 18     | 48     | -      | 48     | 0    | 0    | 0    | -    | -     | 0    | 1    | 
|mac         | A2*B2           | 24     | 18     | -      | -      | 48     | 1    | 1    | -    | -    | -     | 0    | 0    | 
|mac         | (PCIN>>17)+A2*B | 24     | 7      | -      | -      | 31     | 1    | 0    | -    | -    | -     | 0    | 0    | 
|mac         | (C+A:B)'        | 30     | 18     | 48     | -      | 48     | 0    | 0    | 0    | -    | -     | 0    | 1    | 
|mac         | A2*B2           | 24     | 18     | -      | -      | 48     | 1    | 1    | -    | -    | -     | 0    | 0    | 
|mac         | (PCIN>>17)+A2*B | 24     | 7      | -      | -      | 31     | 1    | 0    | -    | -    | -     | 0    | 0    | 
|mac         | (C+A:B)'        | 30     | 18     | 48     | -      | 48     | 0    | 0    | 0    | -    | -     | 0    | 1    | 
|mac         | A2*B2           | 24     | 18     | -      | -      | 48     | 1    | 1    | -    | -    | -     | 0    | 0    | 
|mac         | (PCIN>>17)+A2*B | 24     | 7      | -      | -      | 31     | 1    | 0    | -    | -    | -     | 0    | 0    | 
|mac         | (C+A:B)'        | 30     | 18     | 48     | -      | 48     | 0    | 0    | 0    | -    | -     | 0    | 1    | 
|mac         | A2*B2           | 24     | 18     | -      | -      | 48     | 1    | 1    | -    | -    | -     | 0    | 0    | 
|mac         | (PCIN>>17)+A2*B | 24     | 7      | -      | -      | 31     | 1    | 0    | -    | -    | -     | 0    | 0    | 
|mac         | (C+A:B)'        | 30     | 18     | 48     | -      | 48     | 0    | 0    | 0    | -    | -     | 0    | 1    | 
|mac         | A2*B2           | 24     | 18     | -      | -      | 48     | 1    | 1    | -    | -    | -     | 0    | 0    | 
|mac         | (PCIN>>17)+A2*B | 24     | 7      | -      | -      | 31     | 1    | 0    | -    | -    | -     | 0    | 0    | 
|mac         | (C+A:B)'        | 30     | 18     | 48     | -      | 48     | 0    | 0    | 0    | -    | -     | 0    | 1    | 
|mac         | A2*B2           | 24     | 18     | -      | -      | 48     | 1    | 1    | -    | -    | -     | 0    | 0    | 
|mac         | (PCIN>>17)+A2*B | 24     | 7      | -      | -      | 31     | 1    | 0    | -    | -    | -     | 0    | 0    | 
|mac         | (C+A:B)'        | 30     | 18     | 48     | -      | 48     | 0    | 0    | 0    | -    | -     | 0    | 1    | 
|mac         | A2*B2           | 24     | 18     | -      | -      | 48     | 1    | 1    | -    | -    | -     | 0    | 0    | 
|mac         | (PCIN>>17)+A2*B | 24     | 7      | -      | -      | 31     | 1    | 0    | -    | -    | -     | 0    | 0    | 
|mac         | (C+A:B)'        | 30     | 18     | 48     | -      | 48     | 0    | 0    | 0    | -    | -     | 0    | 1    | 
|mac         | A2*B2           | 24     | 18     | -      | -      | 48     | 1    | 1    | -    | -    | -     | 0    | 0    | 
|mac         | (PCIN>>17)+A2*B | 24     | 7      | -      | -      | 31     | 1    | 0    | -    | -    | -     | 0    | 0    | 
|mac         | (C+A:B)'        | 30     | 18     | 48     | -      | 48     | 0    | 0    | 0    | -    | -     | 0    | 1    | 
|mac         | A2*B2           | 24     | 18     | -      | -      | 48     | 1    | 1    | -    | -    | -     | 0    | 0    | 
|mac         | (PCIN>>17)+A2*B | 24     | 7      | -      | -      | 31     | 1    | 0    | -    | -    | -     | 0    | 0    | 
|mac         | (C+A:B)'        | 30     | 18     | 48     | -      | 48     | 0    | 0    | 0    | -    | -     | 0    | 1    | 
|mac         | A2*B2           | 24     | 18     | -      | -      | 48     | 1    | 1    | -    | -    | -     | 0    | 0    | 
|mac         | (PCIN>>17)+A2*B | 24     | 7      | -      | -      | 31     | 1    | 0    | -    | -    | -     | 0    | 0    | 
|mac         | (C+A:B)'        | 30     | 18     | 48     | -      | 48     | 0    | 0    | 0    | -    | -     | 0    | 1    | 
|mac         | A2*B2           | 24     | 18     | -      | -      | 48     | 1    | 1    | -    | -    | -     | 0    | 0    | 
|mac         | (PCIN>>17)+A2*B | 24     | 7      | -      | -      | 31     | 1    | 0    | -    | -    | -     | 0    | 0    | 
|mac         | (C+A:B)'        | 30     | 18     | 48     | -      | 48     | 0    | 0    | 0    | -    | -     | 0    | 1    | 
|mac         | A2*B2           | 24     | 18     | -      | -      | 48     | 1    | 1    | -    | -    | -     | 0    | 0    | 
|mac         | (PCIN>>17)+A2*B | 24     | 7      | -      | -      | 31     | 1    | 0    | -    | -    | -     | 0    | 0    | 
|mac         | (C+A:B)'        | 30     | 18     | 48     | -      | 48     | 0    | 0    | 0    | -    | -     | 0    | 1    | 
|mac         | A2*B2           | 24     | 18     | -      | -      | 48     | 1    | 1    | -    | -    | -     | 0    | 0    | 
|mac         | (PCIN>>17)+A2*B | 24     | 7      | -      | -      | 31     | 1    | 0    | -    | -    | -     | 0    | 0    | 
|mac         | (C+A:B)'        | 30     | 18     | 48     | -      | 48     | 0    | 0    | 0    | -    | -     | 0    | 1    | 
|mac         | A2*B2           | 24     | 18     | -      | -      | 48     | 1    | 1    | -    | -    | -     | 0    | 0    | 
|mac         | (PCIN>>17)+A2*B | 24     | 7      | -      | -      | 31     | 1    | 0    | -    | -    | -     | 0    | 0    | 
|mac         | (C+A:B)'        | 30     | 18     | 48     | -      | 48     | 0    | 0    | 0    | -    | -     | 0    | 1    | 
|mac         | A2*B2           | 24     | 18     | -      | -      | 48     | 1    | 1    | -    | -    | -     | 0    | 0    | 
|mac         | (PCIN>>17)+A2*B | 24     | 7      | -      | -      | 31     | 1    | 0    | -    | -    | -     | 0    | 0    | 
|mac         | (C+A:B)'        | 30     | 18     | 48     | -      | 48     | 0    | 0    | 0    | -    | -     | 0    | 1    | 
|mac         | A2*B2           | 24     | 18     | -      | -      | 48     | 1    | 1    | -    | -    | -     | 0    | 0    | 
|mac         | (PCIN>>17)+A2*B | 24     | 7      | -      | -      | 31     | 1    | 0    | -    | -    | -     | 0    | 0    | 
|mac         | (C+A:B)'        | 30     | 18     | 48     | -      | 48     | 0    | 0    | 0    | -    | -     | 0    | 1    | 
|mac         | A2*B2           | 24     | 18     | -      | -      | 48     | 1    | 1    | -    | -    | -     | 0    | 0    | 
|mac         | (PCIN>>17)+A2*B | 24     | 7      | -      | -      | 31     | 1    | 0    | -    | -    | -     | 0    | 0    | 
|mac         | (C+A:B)'        | 30     | 18     | 48     | -      | 48     | 0    | 0    | 0    | -    | -     | 0    | 1    | 
|mac         | A2*B2           | 24     | 18     | -      | -      | 48     | 1    | 1    | -    | -    | -     | 0    | 0    | 
|mac         | (PCIN>>17)+A2*B | 24     | 7      | -      | -      | 31     | 1    | 0    | -    | -    | -     | 0    | 0    | 
|mac         | (C+A:B)'        | 30     | 18     | 48     | -      | 48     | 0    | 0    | 0    | -    | -     | 0    | 1    | 
|mac         | A2*B2           | 24     | 18     | -      | -      | 48     | 1    | 1    | -    | -    | -     | 0    | 0    | 
|mac         | (PCIN>>17)+A2*B | 24     | 7      | -      | -      | 31     | 1    | 0    | -    | -    | -     | 0    | 0    | 
|mac         | (C+A:B)'        | 30     | 18     | 48     | -      | 48     | 0    | 0    | 0    | -    | -     | 0    | 1    | 
|mac         | A2*B2           | 24     | 18     | -      | -      | 48     | 1    | 1    | -    | -    | -     | 0    | 0    | 
|mac         | (PCIN>>17)+A2*B | 24     | 7      | -      | -      | 31     | 1    | 0    | -    | -    | -     | 0    | 0    | 
|mac         | (C+A:B)'        | 30     | 18     | 48     | -      | 48     | 0    | 0    | 0    | -    | -     | 0    | 1    | 
|mac         | A2*B2           | 24     | 18     | -      | -      | 48     | 1    | 1    | -    | -    | -     | 0    | 0    | 
|mac         | (PCIN>>17)+A2*B | 24     | 7      | -      | -      | 31     | 1    | 0    | -    | -    | -     | 0    | 0    | 
|mac         | (C+A:B)'        | 30     | 18     | 48     | -      | 48     | 0    | 0    | 0    | -    | -     | 0    | 1    | 
|mac         | A2*B2           | 24     | 18     | -      | -      | 48     | 1    | 1    | -    | -    | -     | 0    | 0    | 
|mac         | (PCIN>>17)+A2*B | 24     | 7      | -      | -      | 31     | 1    | 0    | -    | -    | -     | 0    | 0    | 
|mac         | (C+A:B)'        | 30     | 18     | 48     | -      | 48     | 0    | 0    | 0    | -    | -     | 0    | 1    | 
|mac         | A2*B2           | 24     | 18     | -      | -      | 48     | 1    | 1    | -    | -    | -     | 0    | 0    | 
|mac         | (PCIN>>17)+A2*B | 24     | 7      | -      | -      | 31     | 1    | 0    | -    | -    | -     | 0    | 0    | 
|mac         | (C+A:B)'        | 30     | 18     | 48     | -      | 48     | 0    | 0    | 0    | -    | -     | 0    | 1    | 
|mac         | A2*B2           | 24     | 18     | -      | -      | 48     | 1    | 1    | -    | -    | -     | 0    | 0    | 
|mac         | (PCIN>>17)+A2*B | 24     | 7      | -      | -      | 31     | 1    | 0    | -    | -    | -     | 0    | 0    | 
|mac         | (C+A:B)'        | 30     | 18     | 48     | -      | 48     | 0    | 0    | 0    | -    | -     | 0    | 1    | 
|mac         | A2*B2           | 24     | 18     | -      | -      | 48     | 1    | 1    | -    | -    | -     | 0    | 0    | 
|mac         | (PCIN>>17)+A2*B | 24     | 7      | -      | -      | 31     | 1    | 0    | -    | -    | -     | 0    | 0    | 
|mac         | (C+A:B)'        | 30     | 18     | 48     | -      | 48     | 0    | 0    | 0    | -    | -     | 0    | 1    | 
|mac         | A2*B2           | 24     | 18     | -      | -      | 48     | 1    | 1    | -    | -    | -     | 0    | 0    | 
|mac         | (PCIN>>17)+A2*B | 24     | 7      | -      | -      | 31     | 1    | 0    | -    | -    | -     | 0    | 0    | 
|mac         | (C+A:B)'        | 30     | 18     | 48     | -      | 48     | 0    | 0    | 0    | -    | -     | 0    | 1    | 
|mac         | A2*B2           | 24     | 18     | -      | -      | 48     | 1    | 1    | -    | -    | -     | 0    | 0    | 
|mac         | (PCIN>>17)+A2*B | 24     | 7      | -      | -      | 31     | 1    | 0    | -    | -    | -     | 0    | 0    | 
|mac         | (C+A:B)'        | 30     | 18     | 48     | -      | 48     | 0    | 0    | 0    | -    | -     | 0    | 1    | 
|mac         | A2*B2           | 24     | 18     | -      | -      | 48     | 1    | 1    | -    | -    | -     | 0    | 0    | 
|mac         | (PCIN>>17)+A2*B | 24     | 7      | -      | -      | 31     | 1    | 0    | -    | -    | -     | 0    | 0    | 
|mac         | (C+A:B)'        | 30     | 18     | 48     | -      | 48     | 0    | 0    | 0    | -    | -     | 0    | 1    | 
|mac         | A2*B2           | 24     | 18     | -      | -      | 48     | 1    | 1    | -    | -    | -     | 0    | 0    | 
|mac         | (PCIN>>17)+A2*B | 24     | 7      | -      | -      | 31     | 1    | 0    | -    | -    | -     | 0    | 0    | 
|mac         | (C+A:B)'        | 30     | 18     | 48     | -      | 48     | 0    | 0    | 0    | -    | -     | 0    | 1    | 
|mac         | A2*B2           | 24     | 18     | -      | -      | 48     | 1    | 1    | -    | -    | -     | 0    | 0    | 
|mac         | (PCIN>>17)+A2*B | 24     | 7      | -      | -      | 31     | 1    | 0    | -    | -    | -     | 0    | 0    | 
|mac         | (C+A:B)'        | 30     | 18     | 48     | -      | 48     | 0    | 0    | 0    | -    | -     | 0    | 1    | 
|mac         | A2*B2           | 24     | 18     | -      | -      | 48     | 1    | 1    | -    | -    | -     | 0    | 0    | 
|mac         | (PCIN>>17)+A2*B | 24     | 7      | -      | -      | 31     | 1    | 0    | -    | -    | -     | 0    | 0    | 
|mac         | (C+A:B)'        | 30     | 18     | 48     | -      | 48     | 0    | 0    | 0    | -    | -     | 0    | 1    | 
|mac         | A2*B2           | 24     | 18     | -      | -      | 48     | 1    | 1    | -    | -    | -     | 0    | 0    | 
|mac         | (PCIN>>17)+A2*B | 24     | 7      | -      | -      | 31     | 1    | 0    | -    | -    | -     | 0    | 0    | 
|mac         | (C+A:B)'        | 30     | 18     | 48     | -      | 48     | 0    | 0    | 0    | -    | -     | 0    | 1    | 
|mac         | A2*B2           | 24     | 18     | -      | -      | 48     | 1    | 1    | -    | -    | -     | 0    | 0    | 
|mac         | (PCIN>>17)+A2*B | 24     | 7      | -      | -      | 31     | 1    | 0    | -    | -    | -     | 0    | 0    | 
|mac         | (C+A:B)'        | 30     | 18     | 48     | -      | 48     | 0    | 0    | 0    | -    | -     | 0    | 1    | 
|mac         | A2*B2           | 24     | 18     | -      | -      | 48     | 1    | 1    | -    | -    | -     | 0    | 0    | 
|mac         | (PCIN>>17)+A2*B | 24     | 7      | -      | -      | 31     | 1    | 0    | -    | -    | -     | 0    | 0    | 
|mac         | (C+A:B)'        | 30     | 18     | 48     | -      | 48     | 0    | 0    | 0    | -    | -     | 0    | 1    | 
|mac         | A2*B2           | 24     | 18     | -      | -      | 48     | 1    | 1    | -    | -    | -     | 0    | 0    | 
|mac         | (PCIN>>17)+A2*B | 24     | 7      | -      | -      | 31     | 1    | 0    | -    | -    | -     | 0    | 0    | 
|mac         | (C+A:B)'        | 30     | 18     | 48     | -      | 48     | 0    | 0    | 0    | -    | -     | 0    | 1    | 
|mac         | A2*B2           | 24     | 18     | -      | -      | 48     | 1    | 1    | -    | -    | -     | 0    | 0    | 
|mac         | (PCIN>>17)+A2*B | 24     | 7      | -      | -      | 31     | 1    | 0    | -    | -    | -     | 0    | 0    | 
|mac         | (C+A:B)'        | 30     | 18     | 48     | -      | 48     | 0    | 0    | 0    | -    | -     | 0    | 1    | 
|mac         | A2*B2           | 24     | 18     | -      | -      | 48     | 1    | 1    | -    | -    | -     | 0    | 0    | 
|mac         | (PCIN>>17)+A2*B | 24     | 7      | -      | -      | 31     | 1    | 0    | -    | -    | -     | 0    | 0    | 
|mac         | (C+A:B)'        | 30     | 18     | 48     | -      | 48     | 0    | 0    | 0    | -    | -     | 0    | 1    | 
|mac         | A2*B2           | 24     | 18     | -      | -      | 48     | 1    | 1    | -    | -    | -     | 0    | 0    | 
|mac         | (PCIN>>17)+A2*B | 24     | 7      | -      | -      | 31     | 1    | 0    | -    | -    | -     | 0    | 0    | 
|mac         | (C+A:B)'        | 30     | 18     | 48     | -      | 48     | 0    | 0    | 0    | -    | -     | 0    | 1    | 
|mac         | A2*B2           | 24     | 18     | -      | -      | 48     | 1    | 1    | -    | -    | -     | 0    | 0    | 
|mac         | (PCIN>>17)+A2*B | 24     | 7      | -      | -      | 31     | 1    | 0    | -    | -    | -     | 0    | 0    | 
|mac         | (C+A:B)'        | 30     | 18     | 48     | -      | 48     | 0    | 0    | 0    | -    | -     | 0    | 1    | 
|mac         | A2*B2           | 24     | 18     | -      | -      | 48     | 1    | 1    | -    | -    | -     | 0    | 0    | 
|mac         | (PCIN>>17)+A2*B | 24     | 7      | -      | -      | 31     | 1    | 0    | -    | -    | -     | 0    | 0    | 
|mac         | (C+A:B)'        | 30     | 18     | 48     | -      | 48     | 0    | 0    | 0    | -    | -     | 0    | 1    | 
|mac         | A2*B2           | 24     | 18     | -      | -      | 48     | 1    | 1    | -    | -    | -     | 0    | 0    | 
|mac         | (PCIN>>17)+A2*B | 24     | 7      | -      | -      | 31     | 1    | 0    | -    | -    | -     | 0    | 0    | 
|mac         | (C+A:B)'        | 30     | 18     | 48     | -      | 48     | 0    | 0    | 0    | -    | -     | 0    | 1    | 
|mac         | A2*B2           | 24     | 18     | -      | -      | 48     | 1    | 1    | -    | -    | -     | 0    | 0    | 
|mac         | (PCIN>>17)+A2*B | 24     | 7      | -      | -      | 31     | 1    | 0    | -    | -    | -     | 0    | 0    | 
|mac         | (C+A:B)'        | 30     | 18     | 48     | -      | 48     | 0    | 0    | 0    | -    | -     | 0    | 1    | 
|mac         | A2*B2           | 24     | 18     | -      | -      | 48     | 1    | 1    | -    | -    | -     | 0    | 0    | 
|mac         | (PCIN>>17)+A2*B | 24     | 7      | -      | -      | 31     | 1    | 0    | -    | -    | -     | 0    | 0    | 
|mac         | (C+A:B)'        | 30     | 18     | 48     | -      | 48     | 0    | 0    | 0    | -    | -     | 0    | 1    | 
|mac         | A2*B2           | 24     | 18     | -      | -      | 48     | 1    | 1    | -    | -    | -     | 0    | 0    | 
|mac         | (PCIN>>17)+A2*B | 24     | 7      | -      | -      | 31     | 1    | 0    | -    | -    | -     | 0    | 0    | 
|mac         | (C+A:B)'        | 30     | 18     | 48     | -      | 48     | 0    | 0    | 0    | -    | -     | 0    | 1    | 
|mac         | A2*B2           | 24     | 18     | -      | -      | 48     | 1    | 1    | -    | -    | -     | 0    | 0    | 
|mac         | (PCIN>>17)+A2*B | 24     | 7      | -      | -      | 31     | 1    | 0    | -    | -    | -     | 0    | 0    | 
|mac         | (C+A:B)'        | 30     | 18     | 48     | -      | 48     | 0    | 0    | 0    | -    | -     | 0    | 1    | 
|mac         | A2*B2           | 24     | 18     | -      | -      | 48     | 1    | 1    | -    | -    | -     | 0    | 0    | 
|mac         | (PCIN>>17)+A2*B | 24     | 7      | -      | -      | 31     | 1    | 0    | -    | -    | -     | 0    | 0    | 
|mac         | (C+A:B)'        | 30     | 18     | 48     | -      | 48     | 0    | 0    | 0    | -    | -     | 0    | 1    | 
|mac         | A2*B2           | 24     | 18     | -      | -      | 48     | 1    | 1    | -    | -    | -     | 0    | 0    | 
|mac         | (PCIN>>17)+A2*B | 24     | 7      | -      | -      | 31     | 1    | 0    | -    | -    | -     | 0    | 0    | 
|mac         | (C+A:B)'        | 30     | 18     | 48     | -      | 48     | 0    | 0    | 0    | -    | -     | 0    | 1    | 
|mac         | A2*B2           | 24     | 18     | -      | -      | 48     | 1    | 1    | -    | -    | -     | 0    | 0    | 
|mac         | (PCIN>>17)+A2*B | 24     | 7      | -      | -      | 31     | 1    | 0    | -    | -    | -     | 0    | 0    | 
|mac         | (C+A:B)'        | 30     | 18     | 48     | -      | 48     | 0    | 0    | 0    | -    | -     | 0    | 1    | 
|mac         | A2*B2           | 24     | 18     | -      | -      | 48     | 1    | 1    | -    | -    | -     | 0    | 0    | 
|mac         | (PCIN>>17)+A2*B | 24     | 7      | -      | -      | 31     | 1    | 0    | -    | -    | -     | 0    | 0    | 
|mac         | (C+A:B)'        | 30     | 18     | 48     | -      | 48     | 0    | 0    | 0    | -    | -     | 0    | 1    | 
|mac         | A2*B2           | 24     | 18     | -      | -      | 48     | 1    | 1    | -    | -    | -     | 0    | 0    | 
|mac         | (PCIN>>17)+A2*B | 24     | 7      | -      | -      | 31     | 1    | 0    | -    | -    | -     | 0    | 0    | 
|mac         | (C+A:B)'        | 30     | 18     | 48     | -      | 48     | 0    | 0    | 0    | -    | -     | 0    | 1    | 
|mac         | A2*B2           | 24     | 18     | -      | -      | 48     | 1    | 1    | -    | -    | -     | 0    | 0    | 
|mac         | (PCIN>>17)+A2*B | 24     | 7      | -      | -      | 31     | 1    | 0    | -    | -    | -     | 0    | 0    | 
|mac         | (C+A:B)'        | 30     | 18     | 48     | -      | 48     | 0    | 0    | 0    | -    | -     | 0    | 1    | 
|mac         | A2*B2           | 24     | 18     | -      | -      | 48     | 1    | 1    | -    | -    | -     | 0    | 0    | 
|mac         | (PCIN>>17)+A2*B | 24     | 7      | -      | -      | 31     | 1    | 0    | -    | -    | -     | 0    | 0    | 
|mac         | (C+A:B)'        | 30     | 18     | 48     | -      | 48     | 0    | 0    | 0    | -    | -     | 0    | 1    | 
|mac         | A2*B2           | 24     | 18     | -      | -      | 48     | 1    | 1    | -    | -    | -     | 0    | 0    | 
|mac         | (PCIN>>17)+A2*B | 24     | 7      | -      | -      | 31     | 1    | 0    | -    | -    | -     | 0    | 0    | 
|mac         | (C+A:B)'        | 30     | 18     | 48     | -      | 48     | 0    | 0    | 0    | -    | -     | 0    | 1    | 
|mac         | A2*B2           | 24     | 18     | -      | -      | 48     | 1    | 1    | -    | -    | -     | 0    | 0    | 
|mac         | (PCIN>>17)+A2*B | 24     | 7      | -      | -      | 31     | 1    | 0    | -    | -    | -     | 0    | 0    | 
|mac         | (C+A:B)'        | 30     | 18     | 48     | -      | 48     | 0    | 0    | 0    | -    | -     | 0    | 1    | 
|mac         | A2*B2           | 24     | 18     | -      | -      | 48     | 1    | 1    | -    | -    | -     | 0    | 0    | 
|mac         | (PCIN>>17)+A2*B | 24     | 7      | -      | -      | 31     | 1    | 0    | -    | -    | -     | 0    | 0    | 
|mac         | (C+A:B)'        | 30     | 18     | 48     | -      | 48     | 0    | 0    | 0    | -    | -     | 0    | 1    | 
+------------+-----------------+--------+--------+--------+--------+--------+------+------+------+------+-------+------+------+

Note: The table above is a preliminary report that shows the DSPs inferred at the current stage of the synthesis flow. Some DSP may be reimplemented as non DSP primitives later in the synthesis flow. Multiple instantiated DSPs are reported only once.
---------------------------------------------------------------------------------
Finished ROM, RAM, DSP, Shift Register and Retiming Reporting
---------------------------------------------------------------------------------
---------------------------------------------------------------------------------
Start Applying XDC Timing Constraints
---------------------------------------------------------------------------------
---------------------------------------------------------------------------------
Finished Applying XDC Timing Constraints : Time (s): cpu = 00:00:17 ; elapsed = 00:00:31 . Memory (MB): peak = 2988.543 ; gain = 633.520
---------------------------------------------------------------------------------
---------------------------------------------------------------------------------
Start Timing Optimization
---------------------------------------------------------------------------------
---------------------------------------------------------------------------------
Finished Timing Optimization : Time (s): cpu = 00:00:18 ; elapsed = 00:00:35 . Memory (MB): peak = 2988.543 ; gain = 633.520
---------------------------------------------------------------------------------
---------------------------------------------------------------------------------
Start ROM, RAM, DSP, Shift Register and Retiming Reporting
---------------------------------------------------------------------------------

Block RAM: Final Mapping Report
+------------+------------------------+------------------------+---+---+------------------------+---+---+------------------+--------+--------+
|Module Name | RTL Object             | PORT A (Depth x Width) | W | R | PORT B (Depth x Width) | W | R | Ports driving FF | RAMB18 | RAMB36 | 
+------------+------------------------+------------------------+---+---+------------------------+---+---+------------------+--------+--------+
|top         | INPUT_bram/memory_reg  | 4 K x 24(READ_FIRST)   | W |   | 4 K x 24(WRITE_FIRST)  |   | R | Port A and B     | 0      | 3      | 
|top         | OUTPUT_bram/memory_reg | 4 K x 24(READ_FIRST)   | W |   | 4 K x 24(WRITE_FIRST)  |   | R | Port A and B     | 0      | 3      | 
+------------+------------------------+------------------------+---+---+------------------------+---+---+------------------+--------+--------+

---------------------------------------------------------------------------------
Finished ROM, RAM, DSP, Shift Register and Retiming Reporting
---------------------------------------------------------------------------------
---------------------------------------------------------------------------------
Start Technology Mapping
---------------------------------------------------------------------------------
INFO: [Synth 8-7052] The timing for the instance INPUT_bram/memory_reg_0 (implemented as a Block RAM) might be sub-optimal as no optional output register could be merged into the ram block. Providing additional output register may help in improving timing.
INFO: [Synth 8-7052] The timing for the instance INPUT_bram/memory_reg_1 (implemented as a Block RAM) might be sub-optimal as no optional output register could be merged into the ram block. Providing additional output register may help in improving timing.
INFO: [Synth 8-7052] The timing for the instance INPUT_bram/memory_reg_2 (implemented as a Block RAM) might be sub-optimal as no optional output register could be merged into the ram block. Providing additional output register may help in improving timing.
INFO: [Synth 8-7052] The timing for the instance OUTPUT_bram/memory_reg_0 (implemented as a Block RAM) might be sub-optimal as no optional output register could be merged into the ram block. Providing additional output register may help in improving timing.
INFO: [Synth 8-7052] The timing for the instance OUTPUT_bram/memory_reg_1 (implemented as a Block RAM) might be sub-optimal as no optional output register could be merged into the ram block. Providing additional output register may help in improving timing.
INFO: [Synth 8-7052] The timing for the instance OUTPUT_bram/memory_reg_2 (implemented as a Block RAM) might be sub-optimal as no optional output register could be merged into the ram block. Providing additional output register may help in improving timing.
---------------------------------------------------------------------------------
Finished Technology Mapping : Time (s): cpu = 00:00:20 ; elapsed = 00:00:39 . Memory (MB): peak = 3001.754 ; gain = 646.730
---------------------------------------------------------------------------------
---------------------------------------------------------------------------------
Start IO Insertion
---------------------------------------------------------------------------------
---------------------------------------------------------------------------------
Start Flattening Before IO Insertion
---------------------------------------------------------------------------------
---------------------------------------------------------------------------------
Finished Flattening Before IO Insertion
---------------------------------------------------------------------------------
---------------------------------------------------------------------------------
Start Final Netlist Cleanup
---------------------------------------------------------------------------------
---------------------------------------------------------------------------------
Finished Final Netlist Cleanup
---------------------------------------------------------------------------------
---------------------------------------------------------------------------------
Finished IO Insertion : Time (s): cpu = 00:00:21 ; elapsed = 00:00:43 . Memory (MB): peak = 3010.531 ; gain = 655.508
---------------------------------------------------------------------------------
---------------------------------------------------------------------------------
Start Renaming Generated Instances
---------------------------------------------------------------------------------
---------------------------------------------------------------------------------
Finished Renaming Generated Instances : Time (s): cpu = 00:00:21 ; elapsed = 00:00:43 . Memory (MB): peak = 3010.531 ; gain = 655.508
---------------------------------------------------------------------------------
---------------------------------------------------------------------------------
Start Rebuilding User Hierarchy
---------------------------------------------------------------------------------
---------------------------------------------------------------------------------
Finished Rebuilding User Hierarchy : Time (s): cpu = 00:00:22 ; elapsed = 00:00:47 . Memory (MB): peak = 3010.531 ; gain = 655.508
---------------------------------------------------------------------------------
---------------------------------------------------------------------------------
Start Renaming Generated Ports
---------------------------------------------------------------------------------
---------------------------------------------------------------------------------
Finished Renaming Generated Ports : Time (s): cpu = 00:00:22 ; elapsed = 00:00:47 . Memory (MB): peak = 3010.531 ; gain = 655.508
---------------------------------------------------------------------------------
---------------------------------------------------------------------------------
Start Handling Custom Attributes
---------------------------------------------------------------------------------
---------------------------------------------------------------------------------
Finished Handling Custom Attributes : Time (s): cpu = 00:00:22 ; elapsed = 00:00:47 . Memory (MB): peak = 3015.461 ; gain = 660.438
---------------------------------------------------------------------------------
---------------------------------------------------------------------------------
Start Renaming Generated Nets
---------------------------------------------------------------------------------
---------------------------------------------------------------------------------
Finished Renaming Generated Nets : Time (s): cpu = 00:00:22 ; elapsed = 00:00:47 . Memory (MB): peak = 3015.461 ; gain = 660.438
---------------------------------------------------------------------------------
---------------------------------------------------------------------------------
Start Writing Synthesis Report
---------------------------------------------------------------------------------

DSP Final Report (the ' indicates corresponding REG is set)
+------------+-----------------+--------+--------+--------+--------+--------+------+------+------+------+-------+------+------+
|Module Name | DSP Mapping     | A Size | B Size | C Size | D Size | P Size | AREG | BREG | CREG | DREG | ADREG | MREG | PREG | 
+------------+-----------------+--------+--------+--------+--------+--------+------+------+------+------+-------+------+------+
|mac         | A'*B''          | 30     | 17     | -      | -      | 48     | 1    | 2    | -    | -    | -     | 0    | 0    | 
|mac         | PCIN>>17+A'*B'' | 30     | 18     | -      | -      | 31     | 1    | 2    | -    | -    | -     | 0    | 0    | 
|mac         | A'*B''          | 30     | 17     | -      | -      | 48     | 1    | 2    | -    | -    | -     | 0    | 0    | 
|mac         | PCIN>>17+A'*B'' | 30     | 18     | -      | -      | 31     | 1    | 2    | -    | -    | -     | 0    | 0    | 
|mac         | A'*B''          | 30     | 17     | -      | -      | 48     | 1    | 2    | -    | -    | -     | 0    | 0    | 
|mac         | PCIN>>17+A'*B'' | 30     | 18     | -      | -      | 31     | 1    | 2    | -    | -    | -     | 0    | 0    | 
|mac         | A'*B''          | 30     | 17     | -      | -      | 48     | 1    | 2    | -    | -    | -     | 0    | 0    | 
|mac         | PCIN>>17+A'*B'' | 30     | 18     | -      | -      | 31     | 1    | 2    | -    | -    | -     | 0    | 0    | 
|mac         | A'*B''          | 30     | 17     | -      | -      | 48     | 1    | 2    | -    | -    | -     | 0    | 0    | 
|mac         | PCIN>>17+A'*B'' | 30     | 18     | -      | -      | 31     | 1    | 2    | -    | -    | -     | 0    | 0    | 
|mac         | A'*B''          | 30     | 17     | -      | -      | 48     | 1    | 2    | -    | -    | -     | 0    | 0    | 
|mac         | PCIN>>17+A'*B'' | 30     | 18     | -      | -      | 31     | 1    | 2    | -    | -    | -     | 0    | 0    | 
|mac         | A'*B''          | 30     | 17     | -      | -      | 48     | 1    | 2    | -    | -    | -     | 0    | 0    | 
|mac         | PCIN>>17+A'*B'' | 30     | 18     | -      | -      | 31     | 1    | 2    | -    | -    | -     | 0    | 0    | 
|mac         | (C+A:B)'        | 30     | 18     | 0      | -      | 0      | 0    | 0    | 0    | -    | -     | 0    | 1    | 
|mac         | A'*B''          | 30     | 17     | -      | -      | 48     | 1    | 2    | -    | -    | -     | 0    | 0    | 
|mac         | PCIN>>17+A'*B'' | 30     | 18     | -      | -      | 31     | 1    | 2    | -    | -    | -     | 0    | 0    | 
|mac         | (PCIN+A:B)'     | 30     | 18     | -      | -      | 0      | 0    | 0    | -    | -    | -     | 0    | 1    | 
|mac         | A'*B''          | 30     | 17     | -      | -      | 48     | 1    | 2    | -    | -    | -     | 0    | 0    | 
|mac         | PCIN>>17+A'*B'' | 30     | 18     | -      | -      | 31     | 1    | 2    | -    | -    | -     | 0    | 0    | 
|mac         | (PCIN+A:B)'     | 30     | 18     | -      | -      | 0      | 0    | 0    | -    | -    | -     | 0    | 1    | 
|mac         | A'*B''          | 30     | 17     | -      | -      | 48     | 1    | 2    | -    | -    | -     | 0    | 0    | 
|mac         | PCIN>>17+A'*B'' | 30     | 18     | -      | -      | 31     | 1    | 2    | -    | -    | -     | 0    | 0    | 
|mac         | (PCIN+A:B)'     | 30     | 18     | -      | -      | 0      | 0    | 0    | -    | -    | -     | 0    | 1    | 
|mac         | A'*B''          | 30     | 17     | -      | -      | 48     | 1    | 2    | -    | -    | -     | 0    | 0    | 
|mac         | PCIN>>17+A'*B'' | 30     | 18     | -      | -      | 31     | 1    | 2    | -    | -    | -     | 0    | 0    | 
|mac         | (PCIN+A:B)'     | 30     | 18     | -      | -      | 48     | 0    | 0    | -    | -    | -     | 0    | 1    | 
|mac         | A'*B''          | 30     | 17     | -      | -      | 48     | 1    | 2    | -    | -    | -     | 0    | 0    | 
|mac         | PCIN>>17+A'*B'' | 30     | 18     | -      | -      | 31     | 1    | 2    | -    | -    | -     | 0    | 0    | 
|mac         | (C+A:B)'        | 30     | 18     | 48     | -      | 47     | 0    | 0    | 0    | -    | -     | 0    | 1    | 
|mac         | A'*B''          | 30     | 17     | -      | -      | 48     | 1    | 2    | -    | -    | -     | 0    | 0    | 
|mac         | PCIN>>17+A'*B'' | 30     | 18     | -      | -      | 31     | 1    | 2    | -    | -    | -     | 0    | 0    | 
|mac         | (C+A:B)'        | 30     | 18     | 0      | -      | 0      | 0    | 0    | 0    | -    | -     | 0    | 1    | 
|mac         | A'*B''          | 30     | 17     | -      | -      | 48     | 1    | 2    | -    | -    | -     | 0    | 0    | 
|mac         | PCIN>>17+A'*B'' | 30     | 18     | -      | -      | 31     | 1    | 2    | -    | -    | -     | 0    | 0    | 
|mac         | (PCIN+A:B)'     | 30     | 18     | -      | -      | 0      | 0    | 0    | -    | -    | -     | 0    | 1    | 
|mac         | A'*B''          | 30     | 17     | -      | -      | 48     | 1    | 2    | -    | -    | -     | 0    | 0    | 
|mac         | PCIN>>17+A'*B'' | 30     | 18     | -      | -      | 31     | 1    | 2    | -    | -    | -     | 0    | 0    | 
|mac         | (PCIN+A:B)'     | 30     | 18     | -      | -      | 0      | 0    | 0    | -    | -    | -     | 0    | 1    | 
|mac         | A'*B''          | 30     | 17     | -      | -      | 48     | 1    | 2    | -    | -    | -     | 0    | 0    | 
|mac         | PCIN>>17+A'*B'' | 30     | 18     | -      | -      | 31     | 1    | 2    | -    | -    | -     | 0    | 0    | 
|mac         | (PCIN+A:B)'     | 30     | 18     | -      | -      | 0      | 0    | 0    | -    | -    | -     | 0    | 1    | 
|mac         | A'*B''          | 30     | 17     | -      | -      | 48     | 1    | 2    | -    | -    | -     | 0    | 0    | 
|mac         | PCIN>>17+A'*B'' | 30     | 18     | -      | -      | 31     | 1    | 2    | -    | -    | -     | 0    | 0    | 
|mac         | (PCIN+A:B)'     | 30     | 18     | -      | -      | 48     | 0    | 0    | -    | -    | -     | 0    | 1    | 
|mac         | A'*B''          | 30     | 17     | -      | -      | 48     | 1    | 2    | -    | -    | -     | 0    | 0    | 
|mac         | PCIN>>17+A'*B'' | 30     | 18     | -      | -      | 31     | 1    | 2    | -    | -    | -     | 0    | 0    | 
|mac         | (C+A:B)'        | 30     | 18     | 48     | -      | 47     | 0    | 0    | 0    | -    | -     | 0    | 1    | 
|mac         | A'*B''          | 30     | 17     | -      | -      | 48     | 1    | 2    | -    | -    | -     | 0    | 0    | 
|mac         | PCIN>>17+A'*B'' | 30     | 18     | -      | -      | 31     | 1    | 2    | -    | -    | -     | 0    | 0    | 
|mac         | (C+A:B)'        | 30     | 18     | 0      | -      | 0      | 0    | 0    | 0    | -    | -     | 0    | 1    | 
|mac         | A'*B''          | 30     | 17     | -      | -      | 48     | 1    | 2    | -    | -    | -     | 0    | 0    | 
|mac         | PCIN>>17+A'*B'' | 30     | 18     | -      | -      | 31     | 1    | 2    | -    | -    | -     | 0    | 0    | 
|mac         | (PCIN+A:B)'     | 30     | 18     | -      | -      | 0      | 0    | 0    | -    | -    | -     | 0    | 1    | 
|mac         | A'*B''          | 30     | 17     | -      | -      | 48     | 1    | 2    | -    | -    | -     | 0    | 0    | 
|mac         | PCIN>>17+A'*B'' | 30     | 18     | -      | -      | 31     | 1    | 2    | -    | -    | -     | 0    | 0    | 
|mac         | (PCIN+A:B)'     | 30     | 18     | -      | -      | 0      | 0    | 0    | -    | -    | -     | 0    | 1    | 
|mac         | A'*B''          | 30     | 17     | -      | -      | 48     | 1    | 2    | -    | -    | -     | 0    | 0    | 
|mac         | PCIN>>17+A'*B'' | 30     | 18     | -      | -      | 31     | 1    | 2    | -    | -    | -     | 0    | 0    | 
|mac         | (PCIN+A:B)'     | 30     | 18     | -      | -      | 0      | 0    | 0    | -    | -    | -     | 0    | 1    | 
|mac         | A'*B''          | 30     | 17     | -      | -      | 48     | 1    | 2    | -    | -    | -     | 0    | 0    | 
|mac         | PCIN>>17+A'*B'' | 30     | 18     | -      | -      | 31     | 1    | 2    | -    | -    | -     | 0    | 0    | 
|mac         | (PCIN+A:B)'     | 30     | 18     | -      | -      | 48     | 0    | 0    | -    | -    | -     | 0    | 1    | 
|mac         | A'*B''          | 30     | 17     | -      | -      | 48     | 1    | 2    | -    | -    | -     | 0    | 0    | 
|mac         | PCIN>>17+A'*B'' | 30     | 18     | -      | -      | 31     | 1    | 2    | -    | -    | -     | 0    | 0    | 
|mac         | (C+A:B)'        | 30     | 18     | 48     | -      | 47     | 0    | 0    | 0    | -    | -     | 0    | 1    | 
|mac         | A'*B''          | 30     | 17     | -      | -      | 48     | 1    | 2    | -    | -    | -     | 0    | 0    | 
|mac         | PCIN>>17+A'*B'' | 30     | 18     | -      | -      | 31     | 1    | 2    | -    | -    | -     | 0    | 0    | 
|mac         | (C+A:B)'        | 30     | 18     | 0      | -      | 0      | 0    | 0    | 0    | -    | -     | 0    | 1    | 
|mac         | A'*B''          | 30     | 17     | -      | -      | 48     | 1    | 2    | -    | -    | -     | 0    | 0    | 
|mac         | PCIN>>17+A'*B'' | 30     | 18     | -      | -      | 31     | 1    | 2    | -    | -    | -     | 0    | 0    | 
|mac         | (PCIN+A:B)'     | 30     | 18     | -      | -      | 0      | 0    | 0    | -    | -    | -     | 0    | 1    | 
|mac         | A'*B''          | 30     | 17     | -      | -      | 48     | 1    | 2    | -    | -    | -     | 0    | 0    | 
|mac         | PCIN>>17+A'*B'' | 30     | 18     | -      | -      | 31     | 1    | 2    | -    | -    | -     | 0    | 0    | 
|mac         | (PCIN+A:B)'     | 30     | 18     | -      | -      | 0      | 0    | 0    | -    | -    | -     | 0    | 1    | 
|mac         | A'*B''          | 30     | 17     | -      | -      | 48     | 1    | 2    | -    | -    | -     | 0    | 0    | 
|mac         | PCIN>>17+A'*B'' | 30     | 18     | -      | -      | 31     | 1    | 2    | -    | -    | -     | 0    | 0    | 
|mac         | (PCIN+A:B)'     | 30     | 18     | -      | -      | 0      | 0    | 0    | -    | -    | -     | 0    | 1    | 
|mac         | A'*B''          | 30     | 17     | -      | -      | 48     | 1    | 2    | -    | -    | -     | 0    | 0    | 
|mac         | PCIN>>17+A'*B'' | 30     | 18     | -      | -      | 31     | 1    | 2    | -    | -    | -     | 0    | 0    | 
|mac         | (PCIN+A:B)'     | 30     | 18     | -      | -      | 48     | 0    | 0    | -    | -    | -     | 0    | 1    | 
|mac         | A'*B''          | 30     | 17     | -      | -      | 48     | 1    | 2    | -    | -    | -     | 0    | 0    | 
|mac         | PCIN>>17+A'*B'' | 30     | 18     | -      | -      | 31     | 1    | 2    | -    | -    | -     | 0    | 0    | 
|mac         | (C+A:B)'        | 30     | 18     | 48     | -      | 47     | 0    | 0    | 0    | -    | -     | 0    | 1    | 
|mac         | A'*B''          | 30     | 17     | -      | -      | 48     | 1    | 2    | -    | -    | -     | 0    | 0    | 
|mac         | PCIN>>17+A'*B'' | 30     | 18     | -      | -      | 31     | 1    | 2    | -    | -    | -     | 0    | 0    | 
|mac         | (C+A:B)'        | 30     | 18     | 0      | -      | 0      | 0    | 0    | 0    | -    | -     | 0    | 1    | 
|mac         | A'*B''          | 30     | 17     | -      | -      | 48     | 1    | 2    | -    | -    | -     | 0    | 0    | 
|mac         | PCIN>>17+A'*B'' | 30     | 18     | -      | -      | 31     | 1    | 2    | -    | -    | -     | 0    | 0    | 
|mac         | (PCIN+A:B)'     | 30     | 18     | -      | -      | 0      | 0    | 0    | -    | -    | -     | 0    | 1    | 
|mac         | A'*B''          | 30     | 17     | -      | -      | 48     | 1    | 2    | -    | -    | -     | 0    | 0    | 
|mac         | PCIN>>17+A'*B'' | 30     | 18     | -      | -      | 31     | 1    | 2    | -    | -    | -     | 0    | 0    | 
|mac         | (PCIN+A:B)'     | 30     | 18     | -      | -      | 0      | 0    | 0    | -    | -    | -     | 0    | 1    | 
|mac         | A'*B''          | 30     | 17     | -      | -      | 48     | 1    | 2    | -    | -    | -     | 0    | 0    | 
|mac         | PCIN>>17+A'*B'' | 30     | 18     | -      | -      | 31     | 1    | 2    | -    | -    | -     | 0    | 0    | 
|mac         | (PCIN+A:B)'     | 30     | 18     | -      | -      | 0      | 0    | 0    | -    | -    | -     | 0    | 1    | 
|mac         | A'*B''          | 30     | 17     | -      | -      | 48     | 1    | 2    | -    | -    | -     | 0    | 0    | 
|mac         | PCIN>>17+A'*B'' | 30     | 18     | -      | -      | 31     | 1    | 2    | -    | -    | -     | 0    | 0    | 
|mac         | (PCIN+A:B)'     | 30     | 18     | -      | -      | 48     | 0    | 0    | -    | -    | -     | 0    | 1    | 
|mac         | A'*B''          | 30     | 17     | -      | -      | 48     | 1    | 2    | -    | -    | -     | 0    | 0    | 
|mac         | PCIN>>17+A'*B'' | 30     | 18     | -      | -      | 31     | 1    | 2    | -    | -    | -     | 0    | 0    | 
|mac         | (C+A:B)'        | 30     | 18     | 48     | -      | 47     | 0    | 0    | 0    | -    | -     | 0    | 1    | 
|mac         | A'*B''          | 30     | 17     | -      | -      | 48     | 1    | 2    | -    | -    | -     | 0    | 0    | 
|mac         | PCIN>>17+A'*B'' | 30     | 18     | -      | -      | 31     | 1    | 2    | -    | -    | -     | 0    | 0    | 
|mac         | (C+A:B)'        | 30     | 18     | 0      | -      | 0      | 0    | 0    | 0    | -    | -     | 0    | 1    | 
|mac         | A'*B''          | 30     | 17     | -      | -      | 48     | 1    | 2    | -    | -    | -     | 0    | 0    | 
|mac         | PCIN>>17+A'*B'' | 30     | 18     | -      | -      | 31     | 1    | 2    | -    | -    | -     | 0    | 0    | 
|mac         | (PCIN+A:B)'     | 30     | 18     | -      | -      | 0      | 0    | 0    | -    | -    | -     | 0    | 1    | 
|mac         | A'*B''          | 30     | 17     | -      | -      | 48     | 1    | 2    | -    | -    | -     | 0    | 0    | 
|mac         | PCIN>>17+A'*B'' | 30     | 18     | -      | -      | 31     | 1    | 2    | -    | -    | -     | 0    | 0    | 
|mac         | (PCIN+A:B)'     | 30     | 18     | -      | -      | 0      | 0    | 0    | -    | -    | -     | 0    | 1    | 
|mac         | A'*B''          | 30     | 17     | -      | -      | 48     | 1    | 2    | -    | -    | -     | 0    | 0    | 
|mac         | PCIN>>17+A'*B'' | 30     | 18     | -      | -      | 31     | 1    | 2    | -    | -    | -     | 0    | 0    | 
|mac         | (PCIN+A:B)'     | 30     | 18     | -      | -      | 0      | 0    | 0    | -    | -    | -     | 0    | 1    | 
|mac         | A'*B''          | 30     | 17     | -      | -      | 48     | 1    | 2    | -    | -    | -     | 0    | 0    | 
|mac         | PCIN>>17+A'*B'' | 30     | 18     | -      | -      | 31     | 1    | 2    | -    | -    | -     | 0    | 0    | 
|mac         | (PCIN+A:B)'     | 30     | 18     | -      | -      | 48     | 0    | 0    | -    | -    | -     | 0    | 1    | 
|mac         | A'*B''          | 30     | 17     | -      | -      | 48     | 1    | 2    | -    | -    | -     | 0    | 0    | 
|mac         | PCIN>>17+A'*B'' | 30     | 18     | -      | -      | 31     | 1    | 2    | -    | -    | -     | 0    | 0    | 
|mac         | (C+A:B)'        | 30     | 18     | 48     | -      | 47     | 0    | 0    | 0    | -    | -     | 0    | 1    | 
|mac         | A'*B''          | 30     | 17     | -      | -      | 48     | 1    | 2    | -    | -    | -     | 0    | 0    | 
|mac         | PCIN>>17+A'*B'' | 30     | 18     | -      | -      | 31     | 1    | 2    | -    | -    | -     | 0    | 0    | 
|mac         | (C+A:B)'        | 30     | 18     | 0      | -      | 0      | 0    | 0    | 0    | -    | -     | 0    | 1    | 
|mac         | A'*B''          | 30     | 17     | -      | -      | 48     | 1    | 2    | -    | -    | -     | 0    | 0    | 
|mac         | PCIN>>17+A'*B'' | 30     | 18     | -      | -      | 31     | 1    | 2    | -    | -    | -     | 0    | 0    | 
|mac         | (PCIN+A:B)'     | 30     | 18     | -      | -      | 0      | 0    | 0    | -    | -    | -     | 0    | 1    | 
|mac         | A'*B''          | 30     | 17     | -      | -      | 48     | 1    | 2    | -    | -    | -     | 0    | 0    | 
|mac         | PCIN>>17+A'*B'' | 30     | 18     | -      | -      | 31     | 1    | 2    | -    | -    | -     | 0    | 0    | 
|mac         | (PCIN+A:B)'     | 30     | 18     | -      | -      | 0      | 0    | 0    | -    | -    | -     | 0    | 1    | 
|mac         | A'*B''          | 30     | 17     | -      | -      | 48     | 1    | 2    | -    | -    | -     | 0    | 0    | 
|mac         | PCIN>>17+A'*B'' | 30     | 18     | -      | -      | 31     | 1    | 2    | -    | -    | -     | 0    | 0    | 
|mac         | (PCIN+A:B)'     | 30     | 18     | -      | -      | 0      | 0    | 0    | -    | -    | -     | 0    | 1    | 
|mac         | A'*B''          | 30     | 17     | -      | -      | 48     | 1    | 2    | -    | -    | -     | 0    | 0    | 
|mac         | PCIN>>17+A'*B'' | 30     | 18     | -      | -      | 31     | 1    | 2    | -    | -    | -     | 0    | 0    | 
|mac         | (PCIN+A:B)'     | 30     | 18     | -      | -      | 48     | 0    | 0    | -    | -    | -     | 0    | 1    | 
|mac         | A'*B''          | 30     | 17     | -      | -      | 48     | 1    | 2    | -    | -    | -     | 0    | 0    | 
|mac         | PCIN>>17+A'*B'' | 30     | 18     | -      | -      | 31     | 1    | 2    | -    | -    | -     | 0    | 0    | 
|mac         | (C+A:B)'        | 30     | 18     | 48     | -      | 47     | 0    | 0    | 0    | -    | -     | 0    | 1    | 
|mac         | A'*B''          | 30     | 17     | -      | -      | 48     | 1    | 2    | -    | -    | -     | 0    | 0    | 
|mac         | PCIN>>17+A'*B'' | 30     | 18     | -      | -      | 31     | 1    | 2    | -    | -    | -     | 0    | 0    | 
|mac         | (C+A:B)'        | 30     | 18     | 0      | -      | 0      | 0    | 0    | 0    | -    | -     | 0    | 1    | 
|mac         | A'*B''          | 30     | 17     | -      | -      | 48     | 1    | 2    | -    | -    | -     | 0    | 0    | 
|mac         | PCIN>>17+A'*B'' | 30     | 18     | -      | -      | 31     | 1    | 2    | -    | -    | -     | 0    | 0    | 
|mac         | (PCIN+A:B)'     | 30     | 18     | -      | -      | 0      | 0    | 0    | -    | -    | -     | 0    | 1    | 
|mac         | A'*B''          | 30     | 17     | -      | -      | 48     | 1    | 2    | -    | -    | -     | 0    | 0    | 
|mac         | PCIN>>17+A'*B'' | 30     | 18     | -      | -      | 31     | 1    | 2    | -    | -    | -     | 0    | 0    | 
|mac         | (PCIN+A:B)'     | 30     | 18     | -      | -      | 0      | 0    | 0    | -    | -    | -     | 0    | 1    | 
|mac         | A'*B''          | 30     | 17     | -      | -      | 48     | 1    | 2    | -    | -    | -     | 0    | 0    | 
|mac         | PCIN>>17+A'*B'' | 30     | 18     | -      | -      | 31     | 1    | 2    | -    | -    | -     | 0    | 0    | 
|mac         | (PCIN+A:B)'     | 30     | 18     | -      | -      | 0      | 0    | 0    | -    | -    | -     | 0    | 1    | 
|mac         | A'*B''          | 30     | 17     | -      | -      | 48     | 1    | 2    | -    | -    | -     | 0    | 0    | 
|mac         | PCIN>>17+A'*B'' | 30     | 18     | -      | -      | 31     | 1    | 2    | -    | -    | -     | 0    | 0    | 
|mac         | (PCIN+A:B)'     | 30     | 18     | -      | -      | 48     | 0    | 0    | -    | -    | -     | 0    | 1    | 
|mac         | A'*B''          | 30     | 17     | -      | -      | 48     | 1    | 2    | -    | -    | -     | 0    | 0    | 
|mac         | PCIN>>17+A'*B'' | 30     | 18     | -      | -      | 31     | 1    | 2    | -    | -    | -     | 0    | 0    | 
|mac         | (C+A:B)'        | 30     | 18     | 48     | -      | 47     | 0    | 0    | 0    | -    | -     | 0    | 1    | 
|mac         | A'*B''          | 30     | 17     | -      | -      | 48     | 1    | 2    | -    | -    | -     | 0    | 0    | 
|mac         | PCIN>>17+A'*B'' | 30     | 18     | -      | -      | 31     | 1    | 2    | -    | -    | -     | 0    | 0    | 
|mac         | A'*B''          | 30     | 17     | -      | -      | 48     | 1    | 2    | -    | -    | -     | 0    | 0    | 
|mac         | PCIN>>17+A'*B'' | 30     | 18     | -      | -      | 31     | 1    | 2    | -    | -    | -     | 0    | 0    | 
|mac         | A'*B''          | 30     | 17     | -      | -      | 48     | 1    | 2    | -    | -    | -     | 0    | 0    | 
|mac         | PCIN>>17+A'*B'' | 30     | 18     | -      | -      | 31     | 1    | 2    | -    | -    | -     | 0    | 0    | 
|mac         | A'*B''          | 30     | 17     | -      | -      | 48     | 1    | 2    | -    | -    | -     | 0    | 0    | 
|mac         | PCIN>>17+A'*B'' | 30     | 18     | -      | -      | 31     | 1    | 2    | -    | -    | -     | 0    | 0    | 
|mac         | A'*B''          | 30     | 17     | -      | -      | 48     | 1    | 2    | -    | -    | -     | 0    | 0    | 
|mac         | PCIN>>17+A'*B'' | 30     | 18     | -      | -      | 31     | 1    | 2    | -    | -    | -     | 0    | 0    | 
|mac         | A'*B''          | 30     | 17     | -      | -      | 48     | 1    | 2    | -    | -    | -     | 0    | 0    | 
|mac         | PCIN>>17+A'*B'' | 30     | 18     | -      | -      | 31     | 1    | 2    | -    | -    | -     | 0    | 0    | 
|mac         | A'*B''          | 30     | 17     | -      | -      | 48     | 1    | 2    | -    | -    | -     | 0    | 0    | 
|mac         | PCIN>>17+A'*B'' | 30     | 18     | -      | -      | 31     | 1    | 2    | -    | -    | -     | 0    | 0    | 
|mac         | A'*B''          | 30     | 17     | -      | -      | 48     | 1    | 2    | -    | -    | -     | 0    | 0    | 
|mac         | PCIN>>17+A'*B'' | 30     | 18     | -      | -      | 31     | 1    | 2    | -    | -    | -     | 0    | 0    | 
|mac         | A'*B''          | 30     | 17     | -      | -      | 48     | 1    | 2    | -    | -    | -     | 0    | 0    | 
|mac         | PCIN>>17+A'*B'' | 30     | 18     | -      | -      | 31     | 1    | 2    | -    | -    | -     | 0    | 0    | 
|mac         | A'*B''          | 30     | 17     | -      | -      | 48     | 1    | 2    | -    | -    | -     | 0    | 0    | 
|mac         | PCIN>>17+A'*B'' | 30     | 18     | -      | -      | 31     | 1    | 2    | -    | -    | -     | 0    | 0    | 
|mac         | A'*B''          | 30     | 17     | -      | -      | 48     | 1    | 2    | -    | -    | -     | 0    | 0    | 
|mac         | PCIN>>17+A'*B'' | 30     | 18     | -      | -      | 31     | 1    | 2    | -    | -    | -     | 0    | 0    | 
|mac         | A'*B''          | 30     | 17     | -      | -      | 48     | 1    | 2    | -    | -    | -     | 0    | 0    | 
|mac         | PCIN>>17+A'*B'' | 30     | 18     | -      | -      | 31     | 1    | 2    | -    | -    | -     | 0    | 0    | 
|mac         | A'*B''          | 30     | 17     | -      | -      | 48     | 1    | 2    | -    | -    | -     | 0    | 0    | 
|mac         | PCIN>>17+A'*B'' | 30     | 18     | -      | -      | 31     | 1    | 2    | -    | -    | -     | 0    | 0    | 
|mac         | A'*B''          | 30     | 17     | -      | -      | 48     | 1    | 2    | -    | -    | -     | 0    | 0    | 
|mac         | PCIN>>17+A'*B'' | 30     | 18     | -      | -      | 31     | 1    | 2    | -    | -    | -     | 0    | 0    | 
|mac         | A'*B''          | 30     | 17     | -      | -      | 48     | 1    | 2    | -    | -    | -     | 0    | 0    | 
|mac         | PCIN>>17+A'*B'' | 30     | 18     | -      | -      | 31     | 1    | 2    | -    | -    | -     | 0    | 0    | 
|mac         | A'*B''          | 30     | 17     | -      | -      | 48     | 1    | 2    | -    | -    | -     | 0    | 0    | 
|mac         | PCIN>>17+A'*B'' | 30     | 18     | -      | -      | 31     | 1    | 2    | -    | -    | -     | 0    | 0    | 
|mac         | A'*B''          | 30     | 17     | -      | -      | 48     | 1    | 2    | -    | -    | -     | 0    | 0    | 
|mac         | PCIN>>17+A'*B'' | 30     | 18     | -      | -      | 31     | 1    | 2    | -    | -    | -     | 0    | 0    | 
|mac         | A'*B''          | 30     | 17     | -      | -      | 48     | 1    | 2    | -    | -    | -     | 0    | 0    | 
|mac         | PCIN>>17+A'*B'' | 30     | 18     | -      | -      | 31     | 1    | 2    | -    | -    | -     | 0    | 0    | 
|mac         | A'*B''          | 30     | 17     | -      | -      | 48     | 1    | 2    | -    | -    | -     | 0    | 0    | 
|mac         | PCIN>>17+A'*B'' | 30     | 18     | -      | -      | 31     | 1    | 2    | -    | -    | -     | 0    | 0    | 
|mac         | A'*B''          | 30     | 17     | -      | -      | 48     | 1    | 2    | -    | -    | -     | 0    | 0    | 
|mac         | PCIN>>17+A'*B'' | 30     | 18     | -      | -      | 31     | 1    | 2    | -    | -    | -     | 0    | 0    | 
|mac         | A'*B''          | 30     | 17     | -      | -      | 48     | 1    | 2    | -    | -    | -     | 0    | 0    | 
|mac         | PCIN>>17+A'*B'' | 30     | 18     | -      | -      | 31     | 1    | 2    | -    | -    | -     | 0    | 0    | 
|mac         | A'*B''          | 30     | 17     | -      | -      | 48     | 1    | 2    | -    | -    | -     | 0    | 0    | 
|mac         | PCIN>>17+A'*B'' | 30     | 18     | -      | -      | 31     | 1    | 2    | -    | -    | -     | 0    | 0    | 
|mac         | A'*B''          | 30     | 17     | -      | -      | 48     | 1    | 2    | -    | -    | -     | 0    | 0    | 
|mac         | PCIN>>17+A'*B'' | 30     | 18     | -      | -      | 31     | 1    | 2    | -    | -    | -     | 0    | 0    | 
|mac         | A'*B''          | 30     | 17     | -      | -      | 48     | 1    | 2    | -    | -    | -     | 0    | 0    | 
|mac         | PCIN>>17+A'*B'' | 30     | 18     | -      | -      | 31     | 1    | 2    | -    | -    | -     | 0    | 0    | 
|mac         | A'*B''          | 30     | 17     | -      | -      | 48     | 1    | 2    | -    | -    | -     | 0    | 0    | 
|mac         | PCIN>>17+A'*B'' | 30     | 18     | -      | -      | 31     | 1    | 2    | -    | -    | -     | 0    | 0    | 
|mac         | A'*B''          | 30     | 17     | -      | -      | 48     | 1    | 2    | -    | -    | -     | 0    | 0    | 
|mac         | PCIN>>17+A'*B'' | 30     | 18     | -      | -      | 31     | 1    | 2    | -    | -    | -     | 0    | 0    | 
|mac         | A'*B''          | 30     | 17     | -      | -      | 48     | 1    | 2    | -    | -    | -     | 0    | 0    | 
|mac         | PCIN>>17+A'*B'' | 30     | 18     | -      | -      | 31     | 1    | 2    | -    | -    | -     | 0    | 0    | 
|mac         | A'*B''          | 30     | 17     | -      | -      | 48     | 1    | 2    | -    | -    | -     | 0    | 0    | 
|mac         | PCIN>>17+A'*B'' | 30     | 18     | -      | -      | 31     | 1    | 2    | -    | -    | -     | 0    | 0    | 
|mac         | A'*B''          | 30     | 17     | -      | -      | 48     | 1    | 2    | -    | -    | -     | 0    | 0    | 
|mac         | PCIN>>17+A'*B'' | 30     | 18     | -      | -      | 31     | 1    | 2    | -    | -    | -     | 0    | 0    | 
|mac         | A'*B''          | 30     | 17     | -      | -      | 48     | 1    | 2    | -    | -    | -     | 0    | 0    | 
|mac         | PCIN>>17+A'*B'' | 30     | 18     | -      | -      | 31     | 1    | 2    | -    | -    | -     | 0    | 0    | 
+------------+-----------------+--------+--------+--------+--------+--------+------+------+------+------+-------+------+------+


Report BlackBoxes: 
+-+--------------+----------+
| |BlackBox name |Instances |
+-+--------------+----------+
+-+--------------+----------+

Report Cell Usage: 
+------+---------+------+
|      |Cell     |Count |
+------+---------+------+
|1     |BUFG     |     1|
|2     |CARRY4   |   454|
|3     |DSP48E1  |   216|
|5     |LUT1     |   355|
|6     |LUT2     |  1446|
|7     |LUT3     |    33|
|8     |LUT4     |    11|
|9     |LUT5     |     5|
|10    |LUT6     |   173|
|11    |RAMB36E1 |     6|
|12    |FDRE     |  2180|
|13    |IBUF     |    79|
|14    |OBUF     |    25|
+------+---------+------+
---------------------------------------------------------------------------------
Finished Writing Synthesis Report : Time (s): cpu = 00:00:22 ; elapsed = 00:00:47 . Memory (MB): peak = 3015.461 ; gain = 660.438
---------------------------------------------------------------------------------
Synthesis finished with 0 errors, 0 critical warnings and 17 warnings.
Synthesis Optimization Runtime : Time (s): cpu = 00:00:16 ; elapsed = 00:00:44 . Memory (MB): peak = 3015.461 ; gain = 547.727
Synthesis Optimization Complete : Time (s): cpu = 00:00:22 ; elapsed = 00:00:47 . Memory (MB): peak = 3015.461 ; gain = 660.438
INFO: [Project 1-571] Translating synthesized netlist
Netlist sorting complete. Time (s): cpu = 00:00:00 ; elapsed = 00:00:00.199 . Memory (MB): peak = 3015.461 ; gain = 0.000
INFO: [Netlist 29-17] Analyzing 676 Unisim elements for replacement
INFO: [Netlist 29-28] Unisim Transformation completed in 0 CPU seconds
INFO: [Project 1-570] Preparing netlist for logic optimization
INFO: [Opt 31-138] Pushed 0 inverter(s) to 0 load pin(s).
Netlist sorting complete. Time (s): cpu = 00:00:00 ; elapsed = 00:00:00 . Memory (MB): peak = 3031.176 ; gain = 0.000
INFO: [Project 1-111] Unisim Transformation Summary:
No Unisim elements were transformed.

Synth Design complete | Checksum: e669f90e
INFO: [Common 17-83] Releasing license: Synthesis
38 Infos, 20 Warnings, 0 Critical Warnings and 0 Errors encountered.
synth_design completed successfully
synth_design: Time (s): cpu = 00:00:24 ; elapsed = 00:00:53 . Memory (MB): peak = 3031.176 ; gain = 1086.688
INFO: [Common 17-1381] The checkpoint 'C:/Users/Korisnik/Desktop/DSONG/projekat/project_1/project_1.runs/synth_1/top.dcp' has been generated.
INFO: [runtcl-4] Executing : report_utilization -file top_utilization_synth.rpt -pb top_utilization_synth.pb
INFO: [Common 17-206] Exiting Vivado at Tue Aug 25 12:02:54 2026...
