Copyright 1986-2022 Xilinx, Inc. All Rights Reserved. Copyright 2022-2023 Advanced Micro Devices, Inc. All Rights Reserved.
---------------------------------------------------------------------------------------------------------------------------------------------
| Tool Version : Vivado v.2023.1 (win64) Build 3865809 Sun May  7 15:05:29 MDT 2023
| Date         : Tue Aug 25 12:03:57 2026
| Host         : DESKTOP-U5TLLQS running 64-bit major release  (build 9200)
| Command      : report_drc -file top_drc_opted.rpt -pb top_drc_opted.pb -rpx top_drc_opted.rpx
| Design       : top
| Device       : xc7z020clg400-1
| Speed File   : -1
| Design State : Synthesized
---------------------------------------------------------------------------------------------------------------------------------------------

Report DRC

Table of Contents
-----------------
1. REPORT SUMMARY
2. REPORT DETAILS

1. REPORT SUMMARY
-----------------
            Netlist: netlist
          Floorplan: design_1
      Design limits: <entire design considered>
           Ruledeck: default
             Max violations: <unlimited>
             Violations found: 443
+--------+------------------+----------------------------+------------+
| Rule   | Severity         | Description                | Violations |
+--------+------------------+----------------------------+------------+
| NSTD-1 | Critical Warning | Unspecified I/O Standard   | 1          |
| UCIO-1 | Critical Warning | Unconstrained Logical Port | 1          |
| DPIP-1 | Warning          | Input pipelining           | 104        |
| DPOP-1 | Warning          | PREG Output pipelining     | 168        |
| DPOP-2 | Warning          | MREG Output pipelining     | 168        |
| ZPS7-1 | Warning          | PS7 block required         | 1          |
+--------+------------------+----------------------------+------------+

2. REPORT DETAILS
-----------------
NSTD-1#1 Critical Warning
Unspecified I/O Standard  
104 out of 104 logical ports use I/O standard (IOSTANDARD) value 'DEFAULT', instead of a user assigned specific value. This may cause I/O contention or incompatibility with the board power or connectivity affecting performance, signal integrity or in extreme cases cause damage to the device or the components to which it is connected. To correct this violation, specify all I/O standards. This design will fail to generate a bitstream unless all logical ports have a user specified I/O standard value defined. To allow bitstream creation with unspecified I/O standard values (not recommended), use this command: set_property SEVERITY {Warning} [get_drc_checks NSTD-1].  NOTE: When using the Vivado Runs infrastructure (e.g. launch_runs Tcl command), add this command to a .tcl file and add that file as a pre-hook for write_bitstream step for the implementation run. Problem ports: addr_read[11:0], addr_write[11:0], clk, coef_addr_i[2:0], coef_i[23:0],
data_in[23:0], data_out[23:0], en, ready, start, we.
Related violations: <none>

UCIO-1#1 Critical Warning
Unconstrained Logical Port  
104 out of 104 logical ports have no user assigned specific location constraint (LOC). This may cause I/O contention or incompatibility with the board power or connectivity affecting performance, signal integrity or in extreme cases cause damage to the device or the components to which it is connected. To correct this violation, specify all pin locations. This design will fail to generate a bitstream unless all logical ports have a user specified site LOC constraint defined.  To allow bitstream creation with unspecified pin locations (not recommended), use this command: set_property SEVERITY {Warning} [get_drc_checks UCIO-1].  NOTE: When using the Vivado Runs infrastructure (e.g. launch_runs Tcl command), add this command to a .tcl file and add that file as a pre-hook for write_bitstream step for the implementation run.  Problem ports: addr_read[11:0], addr_write[11:0], clk, coef_addr_i[2:0], coef_i[23:0],
data_in[23:0], data_out[23:0], en, ready, start, we.
Related violations: <none>

DPIP-1#1 Warning
Input pipelining  
DSP pair_and_spare_FIR/replication_of_fir[0].replication/second_module/first_section/reg_s_reg input pair_and_spare_FIR/replication_of_fir[0].replication/second_module/first_section/reg_s_reg/A[29:0] is not pipelined. Pipelining DSP48 input will improve performance.
Related violations: <none>

DPIP-1#2 Warning
Input pipelining  
DSP pair_and_spare_FIR/replication_of_fir[0].replication/second_module/first_section/reg_s_reg input pair_and_spare_FIR/replication_of_fir[0].replication/second_module/first_section/reg_s_reg/B[17:0] is not pipelined. Pipelining DSP48 input will improve performance.
Related violations: <none>

DPIP-1#3 Warning
Input pipelining  
DSP pair_and_spare_FIR/replication_of_fir[0].replication/second_module/other_sections[1].fir_section/reg_s_reg input pair_and_spare_FIR/replication_of_fir[0].replication/second_module/other_sections[1].fir_section/reg_s_reg/A[29:0] is not pipelined. Pipelining DSP48 input will improve performance.
Related violations: <none>

DPIP-1#4 Warning
Input pipelining  
DSP pair_and_spare_FIR/replication_of_fir[0].replication/second_module/other_sections[1].fir_section/reg_s_reg input pair_and_spare_FIR/replication_of_fir[0].replication/second_module/other_sections[1].fir_section/reg_s_reg/B[17:0] is not pipelined. Pipelining DSP48 input will improve performance.
Related violations: <none>

DPIP-1#5 Warning
Input pipelining  
DSP pair_and_spare_FIR/replication_of_fir[0].replication/second_module/other_sections[2].fir_section/reg_s_reg input pair_and_spare_FIR/replication_of_fir[0].replication/second_module/other_sections[2].fir_section/reg_s_reg/A[29:0] is not pipelined. Pipelining DSP48 input will improve performance.
Related violations: <none>

DPIP-1#6 Warning
Input pipelining  
DSP pair_and_spare_FIR/replication_of_fir[0].replication/second_module/other_sections[2].fir_section/reg_s_reg input pair_and_spare_FIR/replication_of_fir[0].replication/second_module/other_sections[2].fir_section/reg_s_reg/B[17:0] is not pipelined. Pipelining DSP48 input will improve performance.
Related violations: <none>

DPIP-1#7 Warning
Input pipelining  
DSP pair_and_spare_FIR/replication_of_fir[0].replication/second_module/other_sections[3].fir_section/reg_s_reg input pair_and_spare_FIR/replication_of_fir[0].replication/second_module/other_sections[3].fir_section/reg_s_reg/A[29:0] is not pipelined. Pipelining DSP48 input will improve performance.
Related violations: <none>

DPIP-1#8 Warning
Input pipelining  
DSP pair_and_spare_FIR/replication_of_fir[0].replication/second_module/other_sections[3].fir_section/reg_s_reg input pair_and_spare_FIR/replication_of_fir[0].replication/second_module/other_sections[3].fir_section/reg_s_reg/B[17:0] is not pipelined. Pipelining DSP48 input will improve performance.
Related violations: <none>

DPIP-1#9 Warning
Input pipelining  
DSP pair_and_spare_FIR/replication_of_fir[0].replication/second_module/other_sections[4].fir_section/reg_s_reg input pair_and_spare_FIR/replication_of_fir[0].replication/second_module/other_sections[4].fir_section/reg_s_reg/A[29:0] is not pipelined. Pipelining DSP48 input will improve performance.
Related violations: <none>

DPIP-1#10 Warning
Input pipelining  
DSP pair_and_spare_FIR/replication_of_fir[0].replication/second_module/other_sections[4].fir_section/reg_s_reg input pair_and_spare_FIR/replication_of_fir[0].replication/second_module/other_sections[4].fir_section/reg_s_reg/B[17:0] is not pipelined. Pipelining DSP48 input will improve performance.
Related violations: <none>

DPIP-1#11 Warning
Input pipelining  
DSP pair_and_spare_FIR/replication_of_fir[0].replication/second_module/other_sections[5].fir_section/reg_s_reg input pair_and_spare_FIR/replication_of_fir[0].replication/second_module/other_sections[5].fir_section/reg_s_reg/A[29:0] is not pipelined. Pipelining DSP48 input will improve performance.
Related violations: <none>

DPIP-1#12 Warning
Input pipelining  
DSP pair_and_spare_FIR/replication_of_fir[0].replication/second_module/other_sections[5].fir_section/reg_s_reg input pair_and_spare_FIR/replication_of_fir[0].replication/second_module/other_sections[5].fir_section/reg_s_reg/B[17:0] is not pipelined. Pipelining DSP48 input will improve performance.
Related violations: <none>

DPIP-1#13 Warning
Input pipelining  
DSP pair_and_spare_FIR/replication_of_fir[0].replication/second_module/other_sections[5].fir_section/reg_s_reg input pair_and_spare_FIR/replication_of_fir[0].replication/second_module/other_sections[5].fir_section/reg_s_reg/C[47:0] is not pipelined. Pipelining DSP48 input will improve performance.
Related violations: <none>

DPIP-1#14 Warning
Input pipelining  
DSP pair_and_spare_FIR/replication_of_fir[1].replication/first_module/first_section/reg_s_reg input pair_and_spare_FIR/replication_of_fir[1].replication/first_module/first_section/reg_s_reg/A[29:0] is not pipelined. Pipelining DSP48 input will improve performance.
Related violations: <none>

DPIP-1#15 Warning
Input pipelining  
DSP pair_and_spare_FIR/replication_of_fir[1].replication/first_module/first_section/reg_s_reg input pair_and_spare_FIR/replication_of_fir[1].replication/first_module/first_section/reg_s_reg/B[17:0] is not pipelined. Pipelining DSP48 input will improve performance.
Related violations: <none>

DPIP-1#16 Warning
Input pipelining  
DSP pair_and_spare_FIR/replication_of_fir[1].replication/first_module/other_sections[1].fir_section/reg_s_reg input pair_and_spare_FIR/replication_of_fir[1].replication/first_module/other_sections[1].fir_section/reg_s_reg/A[29:0] is not pipelined. Pipelining DSP48 input will improve performance.
Related violations: <none>

DPIP-1#17 Warning
Input pipelining  
DSP pair_and_spare_FIR/replication_of_fir[1].replication/first_module/other_sections[1].fir_section/reg_s_reg input pair_and_spare_FIR/replication_of_fir[1].replication/first_module/other_sections[1].fir_section/reg_s_reg/B[17:0] is not pipelined. Pipelining DSP48 input will improve performance.
Related violations: <none>

DPIP-1#18 Warning
Input pipelining  
DSP pair_and_spare_FIR/replication_of_fir[1].replication/first_module/other_sections[2].fir_section/reg_s_reg input pair_and_spare_FIR/replication_of_fir[1].replication/first_module/other_sections[2].fir_section/reg_s_reg/A[29:0] is not pipelined. Pipelining DSP48 input will improve performance.
Related violations: <none>

DPIP-1#19 Warning
Input pipelining  
DSP pair_and_spare_FIR/replication_of_fir[1].replication/first_module/other_sections[2].fir_section/reg_s_reg input pair_and_spare_FIR/replication_of_fir[1].replication/first_module/other_sections[2].fir_section/reg_s_reg/B[17:0] is not pipelined. Pipelining DSP48 input will improve performance.
Related violations: <none>

DPIP-1#20 Warning
Input pipelining  
DSP pair_and_spare_FIR/replication_of_fir[1].replication/first_module/other_sections[3].fir_section/reg_s_reg input pair_and_spare_FIR/replication_of_fir[1].replication/first_module/other_sections[3].fir_section/reg_s_reg/A[29:0] is not pipelined. Pipelining DSP48 input will improve performance.
Related violations: <none>

DPIP-1#21 Warning
Input pipelining  
DSP pair_and_spare_FIR/replication_of_fir[1].replication/first_module/other_sections[3].fir_section/reg_s_reg input pair_and_spare_FIR/replication_of_fir[1].replication/first_module/other_sections[3].fir_section/reg_s_reg/B[17:0] is not pipelined. Pipelining DSP48 input will improve performance.
Related violations: <none>

DPIP-1#22 Warning
Input pipelining  
DSP pair_and_spare_FIR/replication_of_fir[1].replication/first_module/other_sections[4].fir_section/reg_s_reg input pair_and_spare_FIR/replication_of_fir[1].replication/first_module/other_sections[4].fir_section/reg_s_reg/A[29:0] is not pipelined. Pipelining DSP48 input will improve performance.
Related violations: <none>

DPIP-1#23 Warning
Input pipelining  
DSP pair_and_spare_FIR/replication_of_fir[1].replication/first_module/other_sections[4].fir_section/reg_s_reg input pair_and_spare_FIR/replication_of_fir[1].replication/first_module/other_sections[4].fir_section/reg_s_reg/B[17:0] is not pipelined. Pipelining DSP48 input will improve performance.
Related violations: <none>

DPIP-1#24 Warning
Input pipelining  
DSP pair_and_spare_FIR/replication_of_fir[1].replication/first_module/other_sections[5].fir_section/reg_s_reg input pair_and_spare_FIR/replication_of_fir[1].replication/first_module/other_sections[5].fir_section/reg_s_reg/A[29:0] is not pipelined. Pipelining DSP48 input will improve performance.
Related violations: <none>

DPIP-1#25 Warning
Input pipelining  
DSP pair_and_spare_FIR/replication_of_fir[1].replication/first_module/other_sections[5].fir_section/reg_s_reg input pair_and_spare_FIR/replication_of_fir[1].replication/first_module/other_sections[5].fir_section/reg_s_reg/B[17:0] is not pipelined. Pipelining DSP48 input will improve performance.
Related violations: <none>

DPIP-1#26 Warning
Input pipelining  
DSP pair_and_spare_FIR/replication_of_fir[1].replication/first_module/other_sections[5].fir_section/reg_s_reg input pair_and_spare_FIR/replication_of_fir[1].replication/first_module/other_sections[5].fir_section/reg_s_reg/C[47:0] is not pipelined. Pipelining DSP48 input will improve performance.
Related violations: <none>

DPIP-1#27 Warning
Input pipelining  
DSP pair_and_spare_FIR/replication_of_fir[1].replication/second_module/first_section/reg_s_reg input pair_and_spare_FIR/replication_of_fir[1].replication/second_module/first_section/reg_s_reg/A[29:0] is not pipelined. Pipelining DSP48 input will improve performance.
Related violations: <none>

DPIP-1#28 Warning
Input pipelining  
DSP pair_and_spare_FIR/replication_of_fir[1].replication/second_module/first_section/reg_s_reg input pair_and_spare_FIR/replication_of_fir[1].replication/second_module/first_section/reg_s_reg/B[17:0] is not pipelined. Pipelining DSP48 input will improve performance.
Related violations: <none>

DPIP-1#29 Warning
Input pipelining  
DSP pair_and_spare_FIR/replication_of_fir[1].replication/second_module/other_sections[1].fir_section/reg_s_reg input pair_and_spare_FIR/replication_of_fir[1].replication/second_module/other_sections[1].fir_section/reg_s_reg/A[29:0] is not pipelined. Pipelining DSP48 input will improve performance.
Related violations: <none>

DPIP-1#30 Warning
Input pipelining  
DSP pair_and_spare_FIR/replication_of_fir[1].replication/second_module/other_sections[1].fir_section/reg_s_reg input pair_and_spare_FIR/replication_of_fir[1].replication/second_module/other_sections[1].fir_section/reg_s_reg/B[17:0] is not pipelined. Pipelining DSP48 input will improve performance.
Related violations: <none>

DPIP-1#31 Warning
Input pipelining  
DSP pair_and_spare_FIR/replication_of_fir[1].replication/second_module/other_sections[2].fir_section/reg_s_reg input pair_and_spare_FIR/replication_of_fir[1].replication/second_module/other_sections[2].fir_section/reg_s_reg/A[29:0] is not pipelined. Pipelining DSP48 input will improve performance.
Related violations: <none>

DPIP-1#32 Warning
Input pipelining  
DSP pair_and_spare_FIR/replication_of_fir[1].replication/second_module/other_sections[2].fir_section/reg_s_reg input pair_and_spare_FIR/replication_of_fir[1].replication/second_module/other_sections[2].fir_section/reg_s_reg/B[17:0] is not pipelined. Pipelining DSP48 input will improve performance.
Related violations: <none>

DPIP-1#33 Warning
Input pipelining  
DSP pair_and_spare_FIR/replication_of_fir[1].replication/second_module/other_sections[3].fir_section/reg_s_reg input pair_and_spare_FIR/replication_of_fir[1].replication/second_module/other_sections[3].fir_section/reg_s_reg/A[29:0] is not pipelined. Pipelining DSP48 input will improve performance.
Related violations: <none>

DPIP-1#34 Warning
Input pipelining  
DSP pair_and_spare_FIR/replication_of_fir[1].replication/second_module/other_sections[3].fir_section/reg_s_reg input pair_and_spare_FIR/replication_of_fir[1].replication/second_module/other_sections[3].fir_section/reg_s_reg/B[17:0] is not pipelined. Pipelining DSP48 input will improve performance.
Related violations: <none>

DPIP-1#35 Warning
Input pipelining  
DSP pair_and_spare_FIR/replication_of_fir[1].replication/second_module/other_sections[4].fir_section/reg_s_reg input pair_and_spare_FIR/replication_of_fir[1].replication/second_module/other_sections[4].fir_section/reg_s_reg/A[29:0] is not pipelined. Pipelining DSP48 input will improve performance.
Related violations: <none>

DPIP-1#36 Warning
Input pipelining  
DSP pair_and_spare_FIR/replication_of_fir[1].replication/second_module/other_sections[4].fir_section/reg_s_reg input pair_and_spare_FIR/replication_of_fir[1].replication/second_module/other_sections[4].fir_section/reg_s_reg/B[17:0] is not pipelined. Pipelining DSP48 input will improve performance.
Related violations: <none>

DPIP-1#37 Warning
Input pipelining  
DSP pair_and_spare_FIR/replication_of_fir[1].replication/second_module/other_sections[5].fir_section/reg_s_reg input pair_and_spare_FIR/replication_of_fir[1].replication/second_module/other_sections[5].fir_section/reg_s_reg/A[29:0] is not pipelined. Pipelining DSP48 input will improve performance.
Related violations: <none>

DPIP-1#38 Warning
Input pipelining  
DSP pair_and_spare_FIR/replication_of_fir[1].replication/second_module/other_sections[5].fir_section/reg_s_reg input pair_and_spare_FIR/replication_of_fir[1].replication/second_module/other_sections[5].fir_section/reg_s_reg/B[17:0] is not pipelined. Pipelining DSP48 input will improve performance.
Related violations: <none>

DPIP-1#39 Warning
Input pipelining  
DSP pair_and_spare_FIR/replication_of_fir[1].replication/second_module/other_sections[5].fir_section/reg_s_reg input pair_and_spare_FIR/replication_of_fir[1].replication/second_module/other_sections[5].fir_section/reg_s_reg/C[47:0] is not pipelined. Pipelining DSP48 input will improve performance.
Related violations: <none>

DPIP-1#40 Warning
Input pipelining  
DSP pair_and_spare_FIR/replication_of_fir[2].replication/first_module/first_section/reg_s_reg input pair_and_spare_FIR/replication_of_fir[2].replication/first_module/first_section/reg_s_reg/A[29:0] is not pipelined. Pipelining DSP48 input will improve performance.
Related violations: <none>

DPIP-1#41 Warning
Input pipelining  
DSP pair_and_spare_FIR/replication_of_fir[2].replication/first_module/first_section/reg_s_reg input pair_and_spare_FIR/replication_of_fir[2].replication/first_module/first_section/reg_s_reg/B[17:0] is not pipelined. Pipelining DSP48 input will improve performance.
Related violations: <none>

DPIP-1#42 Warning
Input pipelining  
DSP pair_and_spare_FIR/replication_of_fir[2].replication/first_module/other_sections[1].fir_section/reg_s_reg input pair_and_spare_FIR/replication_of_fir[2].replication/first_module/other_sections[1].fir_section/reg_s_reg/A[29:0] is not pipelined. Pipelining DSP48 input will improve performance.
Related violations: <none>

DPIP-1#43 Warning
Input pipelining  
DSP pair_and_spare_FIR/replication_of_fir[2].replication/first_module/other_sections[1].fir_section/reg_s_reg input pair_and_spare_FIR/replication_of_fir[2].replication/first_module/other_sections[1].fir_section/reg_s_reg/B[17:0] is not pipelined. Pipelining DSP48 input will improve performance.
Related violations: <none>

DPIP-1#44 Warning
Input pipelining  
DSP pair_and_spare_FIR/replication_of_fir[2].replication/first_module/other_sections[2].fir_section/reg_s_reg input pair_and_spare_FIR/replication_of_fir[2].replication/first_module/other_sections[2].fir_section/reg_s_reg/A[29:0] is not pipelined. Pipelining DSP48 input will improve performance.
Related violations: <none>

DPIP-1#45 Warning
Input pipelining  
DSP pair_and_spare_FIR/replication_of_fir[2].replication/first_module/other_sections[2].fir_section/reg_s_reg input pair_and_spare_FIR/replication_of_fir[2].replication/first_module/other_sections[2].fir_section/reg_s_reg/B[17:0] is not pipelined. Pipelining DSP48 input will improve performance.
Related violations: <none>

DPIP-1#46 Warning
Input pipelining  
DSP pair_and_spare_FIR/replication_of_fir[2].replication/first_module/other_sections[3].fir_section/reg_s_reg input pair_and_spare_FIR/replication_of_fir[2].replication/first_module/other_sections[3].fir_section/reg_s_reg/A[29:0] is not pipelined. Pipelining DSP48 input will improve performance.
Related violations: <none>

DPIP-1#47 Warning
Input pipelining  
DSP pair_and_spare_FIR/replication_of_fir[2].replication/first_module/other_sections[3].fir_section/reg_s_reg input pair_and_spare_FIR/replication_of_fir[2].replication/first_module/other_sections[3].fir_section/reg_s_reg/B[17:0] is not pipelined. Pipelining DSP48 input will improve performance.
Related violations: <none>

DPIP-1#48 Warning
Input pipelining  
DSP pair_and_spare_FIR/replication_of_fir[2].replication/first_module/other_sections[4].fir_section/reg_s_reg input pair_and_spare_FIR/replication_of_fir[2].replication/first_module/other_sections[4].fir_section/reg_s_reg/A[29:0] is not pipelined. Pipelining DSP48 input will improve performance.
Related violations: <none>

DPIP-1#49 Warning
Input pipelining  
DSP pair_and_spare_FIR/replication_of_fir[2].replication/first_module/other_sections[4].fir_section/reg_s_reg input pair_and_spare_FIR/replication_of_fir[2].replication/first_module/other_sections[4].fir_section/reg_s_reg/B[17:0] is not pipelined. Pipelining DSP48 input will improve performance.
Related violations: <none>

DPIP-1#50 Warning
Input pipelining  
DSP pair_and_spare_FIR/replication_of_fir[2].replication/first_module/other_sections[5].fir_section/reg_s_reg input pair_and_spare_FIR/replication_of_fir[2].replication/first_module/other_sections[5].fir_section/reg_s_reg/A[29:0] is not pipelined. Pipelining DSP48 input will improve performance.
Related violations: <none>

DPIP-1#51 Warning
Input pipelining  
DSP pair_and_spare_FIR/replication_of_fir[2].replication/first_module/other_sections[5].fir_section/reg_s_reg input pair_and_spare_FIR/replication_of_fir[2].replication/first_module/other_sections[5].fir_section/reg_s_reg/B[17:0] is not pipelined. Pipelining DSP48 input will improve performance.
Related violations: <none>

DPIP-1#52 Warning
Input pipelining  
DSP pair_and_spare_FIR/replication_of_fir[2].replication/first_module/other_sections[5].fir_section/reg_s_reg input pair_and_spare_FIR/replication_of_fir[2].replication/first_module/other_sections[5].fir_section/reg_s_reg/C[47:0] is not pipelined. Pipelining DSP48 input will improve performance.
Related violations: <none>

DPIP-1#53 Warning
Input pipelining  
DSP pair_and_spare_FIR/replication_of_fir[2].replication/second_module/first_section/reg_s_reg input pair_and_spare_FIR/replication_of_fir[2].replication/second_module/first_section/reg_s_reg/A[29:0] is not pipelined. Pipelining DSP48 input will improve performance.
Related violations: <none>

DPIP-1#54 Warning
Input pipelining  
DSP pair_and_spare_FIR/replication_of_fir[2].replication/second_module/first_section/reg_s_reg input pair_and_spare_FIR/replication_of_fir[2].replication/second_module/first_section/reg_s_reg/B[17:0] is not pipelined. Pipelining DSP48 input will improve performance.
Related violations: <none>

DPIP-1#55 Warning
Input pipelining  
DSP pair_and_spare_FIR/replication_of_fir[2].replication/second_module/other_sections[1].fir_section/reg_s_reg input pair_and_spare_FIR/replication_of_fir[2].replication/second_module/other_sections[1].fir_section/reg_s_reg/A[29:0] is not pipelined. Pipelining DSP48 input will improve performance.
Related violations: <none>

DPIP-1#56 Warning
Input pipelining  
DSP pair_and_spare_FIR/replication_of_fir[2].replication/second_module/other_sections[1].fir_section/reg_s_reg input pair_and_spare_FIR/replication_of_fir[2].replication/second_module/other_sections[1].fir_section/reg_s_reg/B[17:0] is not pipelined. Pipelining DSP48 input will improve performance.
Related violations: <none>

DPIP-1#57 Warning
Input pipelining  
DSP pair_and_spare_FIR/replication_of_fir[2].replication/second_module/other_sections[2].fir_section/reg_s_reg input pair_and_spare_FIR/replication_of_fir[2].replication/second_module/other_sections[2].fir_section/reg_s_reg/A[29:0] is not pipelined. Pipelining DSP48 input will improve performance.
Related violations: <none>

DPIP-1#58 Warning
Input pipelining  
DSP pair_and_spare_FIR/replication_of_fir[2].replication/second_module/other_sections[2].fir_section/reg_s_reg input pair_and_spare_FIR/replication_of_fir[2].replication/second_module/other_sections[2].fir_section/reg_s_reg/B[17:0] is not pipelined. Pipelining DSP48 input will improve performance.
Related violations: <none>

DPIP-1#59 Warning
Input pipelining  
DSP pair_and_spare_FIR/replication_of_fir[2].replication/second_module/other_sections[3].fir_section/reg_s_reg input pair_and_spare_FIR/replication_of_fir[2].replication/second_module/other_sections[3].fir_section/reg_s_reg/A[29:0] is not pipelined. Pipelining DSP48 input will improve performance.
Related violations: <none>

DPIP-1#60 Warning
Input pipelining  
DSP pair_and_spare_FIR/replication_of_fir[2].replication/second_module/other_sections[3].fir_section/reg_s_reg input pair_and_spare_FIR/replication_of_fir[2].replication/second_module/other_sections[3].fir_section/reg_s_reg/B[17:0] is not pipelined. Pipelining DSP48 input will improve performance.
Related violations: <none>

DPIP-1#61 Warning
Input pipelining  
DSP pair_and_spare_FIR/replication_of_fir[2].replication/second_module/other_sections[4].fir_section/reg_s_reg input pair_and_spare_FIR/replication_of_fir[2].replication/second_module/other_sections[4].fir_section/reg_s_reg/A[29:0] is not pipelined. Pipelining DSP48 input will improve performance.
Related violations: <none>

DPIP-1#62 Warning
Input pipelining  
DSP pair_and_spare_FIR/replication_of_fir[2].replication/second_module/other_sections[4].fir_section/reg_s_reg input pair_and_spare_FIR/replication_of_fir[2].replication/second_module/other_sections[4].fir_section/reg_s_reg/B[17:0] is not pipelined. Pipelining DSP48 input will improve performance.
Related violations: <none>

DPIP-1#63 Warning
Input pipelining  
DSP pair_and_spare_FIR/replication_of_fir[2].replication/second_module/other_sections[5].fir_section/reg_s_reg input pair_and_spare_FIR/replication_of_fir[2].replication/second_module/other_sections[5].fir_section/reg_s_reg/A[29:0] is not pipelined. Pipelining DSP48 input will improve performance.
Related violations: <none>

DPIP-1#64 Warning
Input pipelining  
DSP pair_and_spare_FIR/replication_of_fir[2].replication/second_module/other_sections[5].fir_section/reg_s_reg input pair_and_spare_FIR/replication_of_fir[2].replication/second_module/other_sections[5].fir_section/reg_s_reg/B[17:0] is not pipelined. Pipelining DSP48 input will improve performance.
Related violations: <none>

DPIP-1#65 Warning
Input pipelining  
DSP pair_and_spare_FIR/replication_of_fir[2].replication/second_module/other_sections[5].fir_section/reg_s_reg input pair_and_spare_FIR/replication_of_fir[2].replication/second_module/other_sections[5].fir_section/reg_s_reg/C[47:0] is not pipelined. Pipelining DSP48 input will improve performance.
Related violations: <none>

DPIP-1#66 Warning
Input pipelining  
DSP pair_and_spare_FIR/replication_of_fir[3].replication/first_module/first_section/reg_s_reg input pair_and_spare_FIR/replication_of_fir[3].replication/first_module/first_section/reg_s_reg/A[29:0] is not pipelined. Pipelining DSP48 input will improve performance.
Related violations: <none>

DPIP-1#67 Warning
Input pipelining  
DSP pair_and_spare_FIR/replication_of_fir[3].replication/first_module/first_section/reg_s_reg input pair_and_spare_FIR/replication_of_fir[3].replication/first_module/first_section/reg_s_reg/B[17:0] is not pipelined. Pipelining DSP48 input will improve performance.
Related violations: <none>

DPIP-1#68 Warning
Input pipelining  
DSP pair_and_spare_FIR/replication_of_fir[3].replication/first_module/other_sections[1].fir_section/reg_s_reg input pair_and_spare_FIR/replication_of_fir[3].replication/first_module/other_sections[1].fir_section/reg_s_reg/A[29:0] is not pipelined. Pipelining DSP48 input will improve performance.
Related violations: <none>

DPIP-1#69 Warning
Input pipelining  
DSP pair_and_spare_FIR/replication_of_fir[3].replication/first_module/other_sections[1].fir_section/reg_s_reg input pair_and_spare_FIR/replication_of_fir[3].replication/first_module/other_sections[1].fir_section/reg_s_reg/B[17:0] is not pipelined. Pipelining DSP48 input will improve performance.
Related violations: <none>

DPIP-1#70 Warning
Input pipelining  
DSP pair_and_spare_FIR/replication_of_fir[3].replication/first_module/other_sections[2].fir_section/reg_s_reg input pair_and_spare_FIR/replication_of_fir[3].replication/first_module/other_sections[2].fir_section/reg_s_reg/A[29:0] is not pipelined. Pipelining DSP48 input will improve performance.
Related violations: <none>

DPIP-1#71 Warning
Input pipelining  
DSP pair_and_spare_FIR/replication_of_fir[3].replication/first_module/other_sections[2].fir_section/reg_s_reg input pair_and_spare_FIR/replication_of_fir[3].replication/first_module/other_sections[2].fir_section/reg_s_reg/B[17:0] is not pipelined. Pipelining DSP48 input will improve performance.
Related violations: <none>

DPIP-1#72 Warning
Input pipelining  
DSP pair_and_spare_FIR/replication_of_fir[3].replication/first_module/other_sections[3].fir_section/reg_s_reg input pair_and_spare_FIR/replication_of_fir[3].replication/first_module/other_sections[3].fir_section/reg_s_reg/A[29:0] is not pipelined. Pipelining DSP48 input will improve performance.
Related violations: <none>

DPIP-1#73 Warning
Input pipelining  
DSP pair_and_spare_FIR/replication_of_fir[3].replication/first_module/other_sections[3].fir_section/reg_s_reg input pair_and_spare_FIR/replication_of_fir[3].replication/first_module/other_sections[3].fir_section/reg_s_reg/B[17:0] is not pipelined. Pipelining DSP48 input will improve performance.
Related violations: <none>

DPIP-1#74 Warning
Input pipelining  
DSP pair_and_spare_FIR/replication_of_fir[3].replication/first_module/other_sections[4].fir_section/reg_s_reg input pair_and_spare_FIR/replication_of_fir[3].replication/first_module/other_sections[4].fir_section/reg_s_reg/A[29:0] is not pipelined. Pipelining DSP48 input will improve performance.
Related violations: <none>

DPIP-1#75 Warning
Input pipelining  
DSP pair_and_spare_FIR/replication_of_fir[3].replication/first_module/other_sections[4].fir_section/reg_s_reg input pair_and_spare_FIR/replication_of_fir[3].replication/first_module/other_sections[4].fir_section/reg_s_reg/B[17:0] is not pipelined. Pipelining DSP48 input will improve performance.
Related violations: <none>

DPIP-1#76 Warning
Input pipelining  
DSP pair_and_spare_FIR/replication_of_fir[3].replication/first_module/other_sections[5].fir_section/reg_s_reg input pair_and_spare_FIR/replication_of_fir[3].replication/first_module/other_sections[5].fir_section/reg_s_reg/A[29:0] is not pipelined. Pipelining DSP48 input will improve performance.
Related violations: <none>

DPIP-1#77 Warning
Input pipelining  
DSP pair_and_spare_FIR/replication_of_fir[3].replication/first_module/other_sections[5].fir_section/reg_s_reg input pair_and_spare_FIR/replication_of_fir[3].replication/first_module/other_sections[5].fir_section/reg_s_reg/B[17:0] is not pipelined. Pipelining DSP48 input will improve performance.
Related violations: <none>

DPIP-1#78 Warning
Input pipelining  
DSP pair_and_spare_FIR/replication_of_fir[3].replication/first_module/other_sections[5].fir_section/reg_s_reg input pair_and_spare_FIR/replication_of_fir[3].replication/first_module/other_sections[5].fir_section/reg_s_reg/C[47:0] is not pipelined. Pipelining DSP48 input will improve performance.
Related violations: <none>

DPIP-1#79 Warning
Input pipelining  
DSP pair_and_spare_FIR/replication_of_fir[3].replication/second_module/first_section/reg_s_reg input pair_and_spare_FIR/replication_of_fir[3].replication/second_module/first_section/reg_s_reg/A[29:0] is not pipelined. Pipelining DSP48 input will improve performance.
Related violations: <none>

DPIP-1#80 Warning
Input pipelining  
DSP pair_and_spare_FIR/replication_of_fir[3].replication/second_module/first_section/reg_s_reg input pair_and_spare_FIR/replication_of_fir[3].replication/second_module/first_section/reg_s_reg/B[17:0] is not pipelined. Pipelining DSP48 input will improve performance.
Related violations: <none>

DPIP-1#81 Warning
Input pipelining  
DSP pair_and_spare_FIR/replication_of_fir[3].replication/second_module/other_sections[1].fir_section/reg_s_reg input pair_and_spare_FIR/replication_of_fir[3].replication/second_module/other_sections[1].fir_section/reg_s_reg/A[29:0] is not pipelined. Pipelining DSP48 input will improve performance.
Related violations: <none>

DPIP-1#82 Warning
Input pipelining  
DSP pair_and_spare_FIR/replication_of_fir[3].replication/second_module/other_sections[1].fir_section/reg_s_reg input pair_and_spare_FIR/replication_of_fir[3].replication/second_module/other_sections[1].fir_section/reg_s_reg/B[17:0] is not pipelined. Pipelining DSP48 input will improve performance.
Related violations: <none>

DPIP-1#83 Warning
Input pipelining  
DSP pair_and_spare_FIR/replication_of_fir[3].replication/second_module/other_sections[2].fir_section/reg_s_reg input pair_and_spare_FIR/replication_of_fir[3].replication/second_module/other_sections[2].fir_section/reg_s_reg/A[29:0] is not pipelined. Pipelining DSP48 input will improve performance.
Related violations: <none>

DPIP-1#84 Warning
Input pipelining  
DSP pair_and_spare_FIR/replication_of_fir[3].replication/second_module/other_sections[2].fir_section/reg_s_reg input pair_and_spare_FIR/replication_of_fir[3].replication/second_module/other_sections[2].fir_section/reg_s_reg/B[17:0] is not pipelined. Pipelining DSP48 input will improve performance.
Related violations: <none>

DPIP-1#85 Warning
Input pipelining  
DSP pair_and_spare_FIR/replication_of_fir[3].replication/second_module/other_sections[3].fir_section/reg_s_reg input pair_and_spare_FIR/replication_of_fir[3].replication/second_module/other_sections[3].fir_section/reg_s_reg/A[29:0] is not pipelined. Pipelining DSP48 input will improve performance.
Related violations: <none>

DPIP-1#86 Warning
Input pipelining  
DSP pair_and_spare_FIR/replication_of_fir[3].replication/second_module/other_sections[3].fir_section/reg_s_reg input pair_and_spare_FIR/replication_of_fir[3].replication/second_module/other_sections[3].fir_section/reg_s_reg/B[17:0] is not pipelined. Pipelining DSP48 input will improve performance.
Related violations: <none>

DPIP-1#87 Warning
Input pipelining  
DSP pair_and_spare_FIR/replication_of_fir[3].replication/second_module/other_sections[4].fir_section/reg_s_reg input pair_and_spare_FIR/replication_of_fir[3].replication/second_module/other_sections[4].fir_section/reg_s_reg/A[29:0] is not pipelined. Pipelining DSP48 input will improve performance.
Related violations: <none>

DPIP-1#88 Warning
Input pipelining  
DSP pair_and_spare_FIR/replication_of_fir[3].replication/second_module/other_sections[4].fir_section/reg_s_reg input pair_and_spare_FIR/replication_of_fir[3].replication/second_module/other_sections[4].fir_section/reg_s_reg/B[17:0] is not pipelined. Pipelining DSP48 input will improve performance.
Related violations: <none>

DPIP-1#89 Warning
Input pipelining  
DSP pair_and_spare_FIR/replication_of_fir[3].replication/second_module/other_sections[5].fir_section/reg_s_reg input pair_and_spare_FIR/replication_of_fir[3].replication/second_module/other_sections[5].fir_section/reg_s_reg/A[29:0] is not pipelined. Pipelining DSP48 input will improve performance.
Related violations: <none>

DPIP-1#90 Warning
Input pipelining  
DSP pair_and_spare_FIR/replication_of_fir[3].replication/second_module/other_sections[5].fir_section/reg_s_reg input pair_and_spare_FIR/replication_of_fir[3].replication/second_module/other_sections[5].fir_section/reg_s_reg/B[17:0] is not pipelined. Pipelining DSP48 input will improve performance.
Related violations: <none>

DPIP-1#91 Warning
Input pipelining  
DSP pair_and_spare_FIR/replication_of_fir[3].replication/second_module/other_sections[5].fir_section/reg_s_reg input pair_and_spare_FIR/replication_of_fir[3].replication/second_module/other_sections[5].fir_section/reg_s_reg/C[47:0] is not pipelined. Pipelining DSP48 input will improve performance.
Related violations: <none>

DPIP-1#92 Warning
Input pipelining  
DSP pair_and_spare_FIR/replication_of_fir[4].replication/first_module/first_section/reg_s_reg input pair_and_spare_FIR/replication_of_fir[4].replication/first_module/first_section/reg_s_reg/A[29:0] is not pipelined. Pipelining DSP48 input will improve performance.
Related violations: <none>

DPIP-1#93 Warning
Input pipelining  
DSP pair_and_spare_FIR/replication_of_fir[4].replication/first_module/first_section/reg_s_reg input pair_and_spare_FIR/replication_of_fir[4].replication/first_module/first_section/reg_s_reg/B[17:0] is not pipelined. Pipelining DSP48 input will improve performance.
Related violations: <none>

DPIP-1#94 Warning
Input pipelining  
DSP pair_and_spare_FIR/replication_of_fir[4].replication/first_module/other_sections[1].fir_section/reg_s_reg input pair_and_spare_FIR/replication_of_fir[4].replication/first_module/other_sections[1].fir_section/reg_s_reg/A[29:0] is not pipelined. Pipelining DSP48 input will improve performance.
Related violations: <none>

DPIP-1#95 Warning
Input pipelining  
DSP pair_and_spare_FIR/replication_of_fir[4].replication/first_module/other_sections[1].fir_section/reg_s_reg input pair_and_spare_FIR/replication_of_fir[4].replication/first_module/other_sections[1].fir_section/reg_s_reg/B[17:0] is not pipelined. Pipelining DSP48 input will improve performance.
Related violations: <none>

DPIP-1#96 Warning
Input pipelining  
DSP pair_and_spare_FIR/replication_of_fir[4].replication/first_module/other_sections[2].fir_section/reg_s_reg input pair_and_spare_FIR/replication_of_fir[4].replication/first_module/other_sections[2].fir_section/reg_s_reg/A[29:0] is not pipelined. Pipelining DSP48 input will improve performance.
Related violations: <none>

DPIP-1#97 Warning
Input pipelining  
DSP pair_and_spare_FIR/replication_of_fir[4].replication/first_module/other_sections[2].fir_section/reg_s_reg input pair_and_spare_FIR/replication_of_fir[4].replication/first_module/other_sections[2].fir_section/reg_s_reg/B[17:0] is not pipelined. Pipelining DSP48 input will improve performance.
Related violations: <none>

DPIP-1#98 Warning
Input pipelining  
DSP pair_and_spare_FIR/replication_of_fir[4].replication/first_module/other_sections[3].fir_section/reg_s_reg input pair_and_spare_FIR/replication_of_fir[4].replication/first_module/other_sections[3].fir_section/reg_s_reg/A[29:0] is not pipelined. Pipelining DSP48 input will improve performance.
Related violations: <none>

DPIP-1#99 Warning
Input pipelining  
DSP pair_and_spare_FIR/replication_of_fir[4].replication/first_module/other_sections[3].fir_section/reg_s_reg input pair_and_spare_FIR/replication_of_fir[4].replication/first_module/other_sections[3].fir_section/reg_s_reg/B[17:0] is not pipelined. Pipelining DSP48 input will improve performance.
Related violations: <none>

DPIP-1#100 Warning
Input pipelining  
DSP pair_and_spare_FIR/replication_of_fir[4].replication/first_module/other_sections[4].fir_section/reg_s_reg input pair_and_spare_FIR/replication_of_fir[4].replication/first_module/other_sections[4].fir_section/reg_s_reg/A[29:0] is not pipelined. Pipelining DSP48 input will improve performance.
Related violations: <none>

DPIP-1#101 Warning
Input pipelining  
DSP pair_and_spare_FIR/replication_of_fir[4].replication/first_module/other_sections[4].fir_section/reg_s_reg input pair_and_spare_FIR/replication_of_fir[4].replication/first_module/other_sections[4].fir_section/reg_s_reg/B[17:0] is not pipelined. Pipelining DSP48 input will improve performance.
Related violations: <none>

DPIP-1#102 Warning
Input pipelining  
DSP pair_and_spare_FIR/replication_of_fir[4].replication/first_module/other_sections[5].fir_section/reg_s_reg input pair_and_spare_FIR/replication_of_fir[4].replication/first_module/other_sections[5].fir_section/reg_s_reg/A[29:0] is not pipelined. Pipelining DSP48 input will improve performance.
Related violations: <none>

DPIP-1#103 Warning
Input pipelining  
DSP pair_and_spare_FIR/replication_of_fir[4].replication/first_module/other_sections[5].fir_section/reg_s_reg input pair_and_spare_FIR/replication_of_fir[4].replication/first_module/other_sections[5].fir_section/reg_s_reg/B[17:0] is not pipelined. Pipelining DSP48 input will improve performance.
Related violations: <none>

DPIP-1#104 Warning
Input pipelining  
DSP pair_and_spare_FIR/replication_of_fir[4].replication/first_module/other_sections[5].fir_section/reg_s_reg input pair_and_spare_FIR/replication_of_fir[4].replication/first_module/other_sections[5].fir_section/reg_s_reg/C[47:0] is not pipelined. Pipelining DSP48 input will improve performance.
Related violations: <none>

DPOP-1#1 Warning
PREG Output pipelining  
DSP pair_and_spare_FIR/replication_of_fir[0].replication/first_module/first_section/reg_s1 output pair_and_spare_FIR/replication_of_fir[0].replication/first_module/first_section/reg_s1/P[47:0] is not pipelined (PREG=0). Pipelining the DSP48 output will improve performance and often saves power so it is suggested whenever possible to fully pipeline this function.  If this DSP48 function was inferred, it is suggested to describe an additional register stage after this function.  If the DSP48 was instantiated in the design, it is suggested to set the PREG attribute to 1.
Related violations: <none>

DPOP-1#2 Warning
PREG Output pipelining  
DSP pair_and_spare_FIR/replication_of_fir[0].replication/first_module/first_section/reg_s1__0 output pair_and_spare_FIR/replication_of_fir[0].replication/first_module/first_section/reg_s1__0/P[47:0] is not pipelined (PREG=0). Pipelining the DSP48 output will improve performance and often saves power so it is suggested whenever possible to fully pipeline this function.  If this DSP48 function was inferred, it is suggested to describe an additional register stage after this function.  If the DSP48 was instantiated in the design, it is suggested to set the PREG attribute to 1.
Related violations: <none>

DPOP-1#3 Warning
PREG Output pipelining  
DSP pair_and_spare_FIR/replication_of_fir[0].replication/first_module/other_sections[1].fir_section/reg_s1 output pair_and_spare_FIR/replication_of_fir[0].replication/first_module/other_sections[1].fir_section/reg_s1/P[47:0] is not pipelined (PREG=0). Pipelining the DSP48 output will improve performance and often saves power so it is suggested whenever possible to fully pipeline this function.  If this DSP48 function was inferred, it is suggested to describe an additional register stage after this function.  If the DSP48 was instantiated in the design, it is suggested to set the PREG attribute to 1.
Related violations: <none>

DPOP-1#4 Warning
PREG Output pipelining  
DSP pair_and_spare_FIR/replication_of_fir[0].replication/first_module/other_sections[1].fir_section/reg_s1__0 output pair_and_spare_FIR/replication_of_fir[0].replication/first_module/other_sections[1].fir_section/reg_s1__0/P[47:0] is not pipelined (PREG=0). Pipelining the DSP48 output will improve performance and often saves power so it is suggested whenever possible to fully pipeline this function.  If this DSP48 function was inferred, it is suggested to describe an additional register stage after this function.  If the DSP48 was instantiated in the design, it is suggested to set the PREG attribute to 1.
Related violations: <none>

DPOP-1#5 Warning
PREG Output pipelining  
DSP pair_and_spare_FIR/replication_of_fir[0].replication/first_module/other_sections[2].fir_section/reg_s1 output pair_and_spare_FIR/replication_of_fir[0].replication/first_module/other_sections[2].fir_section/reg_s1/P[47:0] is not pipelined (PREG=0). Pipelining the DSP48 output will improve performance and often saves power so it is suggested whenever possible to fully pipeline this function.  If this DSP48 function was inferred, it is suggested to describe an additional register stage after this function.  If the DSP48 was instantiated in the design, it is suggested to set the PREG attribute to 1.
Related violations: <none>

DPOP-1#6 Warning
PREG Output pipelining  
DSP pair_and_spare_FIR/replication_of_fir[0].replication/first_module/other_sections[2].fir_section/reg_s1__0 output pair_and_spare_FIR/replication_of_fir[0].replication/first_module/other_sections[2].fir_section/reg_s1__0/P[47:0] is not pipelined (PREG=0). Pipelining the DSP48 output will improve performance and often saves power so it is suggested whenever possible to fully pipeline this function.  If this DSP48 function was inferred, it is suggested to describe an additional register stage after this function.  If the DSP48 was instantiated in the design, it is suggested to set the PREG attribute to 1.
Related violations: <none>

DPOP-1#7 Warning
PREG Output pipelining  
DSP pair_and_spare_FIR/replication_of_fir[0].replication/first_module/other_sections[3].fir_section/reg_s1 output pair_and_spare_FIR/replication_of_fir[0].replication/first_module/other_sections[3].fir_section/reg_s1/P[47:0] is not pipelined (PREG=0). Pipelining the DSP48 output will improve performance and often saves power so it is suggested whenever possible to fully pipeline this function.  If this DSP48 function was inferred, it is suggested to describe an additional register stage after this function.  If the DSP48 was instantiated in the design, it is suggested to set the PREG attribute to 1.
Related violations: <none>

DPOP-1#8 Warning
PREG Output pipelining  
DSP pair_and_spare_FIR/replication_of_fir[0].replication/first_module/other_sections[3].fir_section/reg_s1__0 output pair_and_spare_FIR/replication_of_fir[0].replication/first_module/other_sections[3].fir_section/reg_s1__0/P[47:0] is not pipelined (PREG=0). Pipelining the DSP48 output will improve performance and often saves power so it is suggested whenever possible to fully pipeline this function.  If this DSP48 function was inferred, it is suggested to describe an additional register stage after this function.  If the DSP48 was instantiated in the design, it is suggested to set the PREG attribute to 1.
Related violations: <none>

DPOP-1#9 Warning
PREG Output pipelining  
DSP pair_and_spare_FIR/replication_of_fir[0].replication/first_module/other_sections[4].fir_section/reg_s1 output pair_and_spare_FIR/replication_of_fir[0].replication/first_module/other_sections[4].fir_section/reg_s1/P[47:0] is not pipelined (PREG=0). Pipelining the DSP48 output will improve performance and often saves power so it is suggested whenever possible to fully pipeline this function.  If this DSP48 function was inferred, it is suggested to describe an additional register stage after this function.  If the DSP48 was instantiated in the design, it is suggested to set the PREG attribute to 1.
Related violations: <none>

DPOP-1#10 Warning
PREG Output pipelining  
DSP pair_and_spare_FIR/replication_of_fir[0].replication/first_module/other_sections[4].fir_section/reg_s1__0 output pair_and_spare_FIR/replication_of_fir[0].replication/first_module/other_sections[4].fir_section/reg_s1__0/P[47:0] is not pipelined (PREG=0). Pipelining the DSP48 output will improve performance and often saves power so it is suggested whenever possible to fully pipeline this function.  If this DSP48 function was inferred, it is suggested to describe an additional register stage after this function.  If the DSP48 was instantiated in the design, it is suggested to set the PREG attribute to 1.
Related violations: <none>

DPOP-1#11 Warning
PREG Output pipelining  
DSP pair_and_spare_FIR/replication_of_fir[0].replication/first_module/other_sections[5].fir_section/reg_s1 output pair_and_spare_FIR/replication_of_fir[0].replication/first_module/other_sections[5].fir_section/reg_s1/P[47:0] is not pipelined (PREG=0). Pipelining the DSP48 output will improve performance and often saves power so it is suggested whenever possible to fully pipeline this function.  If this DSP48 function was inferred, it is suggested to describe an additional register stage after this function.  If the DSP48 was instantiated in the design, it is suggested to set the PREG attribute to 1.
Related violations: <none>

DPOP-1#12 Warning
PREG Output pipelining  
DSP pair_and_spare_FIR/replication_of_fir[0].replication/first_module/other_sections[5].fir_section/reg_s1__0 output pair_and_spare_FIR/replication_of_fir[0].replication/first_module/other_sections[5].fir_section/reg_s1__0/P[47:0] is not pipelined (PREG=0). Pipelining the DSP48 output will improve performance and often saves power so it is suggested whenever possible to fully pipeline this function.  If this DSP48 function was inferred, it is suggested to describe an additional register stage after this function.  If the DSP48 was instantiated in the design, it is suggested to set the PREG attribute to 1.
Related violations: <none>

DPOP-1#13 Warning
PREG Output pipelining  
DSP pair_and_spare_FIR/replication_of_fir[0].replication/second_module/first_section/reg_s1 output pair_and_spare_FIR/replication_of_fir[0].replication/second_module/first_section/reg_s1/P[47:0] is not pipelined (PREG=0). Pipelining the DSP48 output will improve performance and often saves power so it is suggested whenever possible to fully pipeline this function.  If this DSP48 function was inferred, it is suggested to describe an additional register stage after this function.  If the DSP48 was instantiated in the design, it is suggested to set the PREG attribute to 1.
Related violations: <none>

DPOP-1#14 Warning
PREG Output pipelining  
DSP pair_and_spare_FIR/replication_of_fir[0].replication/second_module/first_section/reg_s1__0 output pair_and_spare_FIR/replication_of_fir[0].replication/second_module/first_section/reg_s1__0/P[47:0] is not pipelined (PREG=0). Pipelining the DSP48 output will improve performance and often saves power so it is suggested whenever possible to fully pipeline this function.  If this DSP48 function was inferred, it is suggested to describe an additional register stage after this function.  If the DSP48 was instantiated in the design, it is suggested to set the PREG attribute to 1.
Related violations: <none>

DPOP-1#15 Warning
PREG Output pipelining  
DSP pair_and_spare_FIR/replication_of_fir[0].replication/second_module/other_sections[1].fir_section/reg_s1 output pair_and_spare_FIR/replication_of_fir[0].replication/second_module/other_sections[1].fir_section/reg_s1/P[47:0] is not pipelined (PREG=0). Pipelining the DSP48 output will improve performance and often saves power so it is suggested whenever possible to fully pipeline this function.  If this DSP48 function was inferred, it is suggested to describe an additional register stage after this function.  If the DSP48 was instantiated in the design, it is suggested to set the PREG attribute to 1.
Related violations: <none>

DPOP-1#16 Warning
PREG Output pipelining  
DSP pair_and_spare_FIR/replication_of_fir[0].replication/second_module/other_sections[1].fir_section/reg_s1__0 output pair_and_spare_FIR/replication_of_fir[0].replication/second_module/other_sections[1].fir_section/reg_s1__0/P[47:0] is not pipelined (PREG=0). Pipelining the DSP48 output will improve performance and often saves power so it is suggested whenever possible to fully pipeline this function.  If this DSP48 function was inferred, it is suggested to describe an additional register stage after this function.  If the DSP48 was instantiated in the design, it is suggested to set the PREG attribute to 1.
Related violations: <none>

DPOP-1#17 Warning
PREG Output pipelining  
DSP pair_and_spare_FIR/replication_of_fir[0].replication/second_module/other_sections[2].fir_section/reg_s1 output pair_and_spare_FIR/replication_of_fir[0].replication/second_module/other_sections[2].fir_section/reg_s1/P[47:0] is not pipelined (PREG=0). Pipelining the DSP48 output will improve performance and often saves power so it is suggested whenever possible to fully pipeline this function.  If this DSP48 function was inferred, it is suggested to describe an additional register stage after this function.  If the DSP48 was instantiated in the design, it is suggested to set the PREG attribute to 1.
Related violations: <none>

DPOP-1#18 Warning
PREG Output pipelining  
DSP pair_and_spare_FIR/replication_of_fir[0].replication/second_module/other_sections[2].fir_section/reg_s1__0 output pair_and_spare_FIR/replication_of_fir[0].replication/second_module/other_sections[2].fir_section/reg_s1__0/P[47:0] is not pipelined (PREG=0). Pipelining the DSP48 output will improve performance and often saves power so it is suggested whenever possible to fully pipeline this function.  If this DSP48 function was inferred, it is suggested to describe an additional register stage after this function.  If the DSP48 was instantiated in the design, it is suggested to set the PREG attribute to 1.
Related violations: <none>

DPOP-1#19 Warning
PREG Output pipelining  
DSP pair_and_spare_FIR/replication_of_fir[0].replication/second_module/other_sections[3].fir_section/reg_s1 output pair_and_spare_FIR/replication_of_fir[0].replication/second_module/other_sections[3].fir_section/reg_s1/P[47:0] is not pipelined (PREG=0). Pipelining the DSP48 output will improve performance and often saves power so it is suggested whenever possible to fully pipeline this function.  If this DSP48 function was inferred, it is suggested to describe an additional register stage after this function.  If the DSP48 was instantiated in the design, it is suggested to set the PREG attribute to 1.
Related violations: <none>

DPOP-1#20 Warning
PREG Output pipelining  
DSP pair_and_spare_FIR/replication_of_fir[0].replication/second_module/other_sections[3].fir_section/reg_s1__0 output pair_and_spare_FIR/replication_of_fir[0].replication/second_module/other_sections[3].fir_section/reg_s1__0/P[47:0] is not pipelined (PREG=0). Pipelining the DSP48 output will improve performance and often saves power so it is suggested whenever possible to fully pipeline this function.  If this DSP48 function was inferred, it is suggested to describe an additional register stage after this function.  If the DSP48 was instantiated in the design, it is suggested to set the PREG attribute to 1.
Related violations: <none>

DPOP-1#21 Warning
PREG Output pipelining  
DSP pair_and_spare_FIR/replication_of_fir[0].replication/second_module/other_sections[4].fir_section/reg_s1 output pair_and_spare_FIR/replication_of_fir[0].replication/second_module/other_sections[4].fir_section/reg_s1/P[47:0] is not pipelined (PREG=0). Pipelining the DSP48 output will improve performance and often saves power so it is suggested whenever possible to fully pipeline this function.  If this DSP48 function was inferred, it is suggested to describe an additional register stage after this function.  If the DSP48 was instantiated in the design, it is suggested to set the PREG attribute to 1.
Related violations: <none>

DPOP-1#22 Warning
PREG Output pipelining  
DSP pair_and_spare_FIR/replication_of_fir[0].replication/second_module/other_sections[4].fir_section/reg_s1__0 output pair_and_spare_FIR/replication_of_fir[0].replication/second_module/other_sections[4].fir_section/reg_s1__0/P[47:0] is not pipelined (PREG=0). Pipelining the DSP48 output will improve performance and often saves power so it is suggested whenever possible to fully pipeline this function.  If this DSP48 function was inferred, it is suggested to describe an additional register stage after this function.  If the DSP48 was instantiated in the design, it is suggested to set the PREG attribute to 1.
Related violations: <none>

DPOP-1#23 Warning
PREG Output pipelining  
DSP pair_and_spare_FIR/replication_of_fir[0].replication/second_module/other_sections[5].fir_section/reg_s1 output pair_and_spare_FIR/replication_of_fir[0].replication/second_module/other_sections[5].fir_section/reg_s1/P[47:0] is not pipelined (PREG=0). Pipelining the DSP48 output will improve performance and often saves power so it is suggested whenever possible to fully pipeline this function.  If this DSP48 function was inferred, it is suggested to describe an additional register stage after this function.  If the DSP48 was instantiated in the design, it is suggested to set the PREG attribute to 1.
Related violations: <none>

DPOP-1#24 Warning
PREG Output pipelining  
DSP pair_and_spare_FIR/replication_of_fir[0].replication/second_module/other_sections[5].fir_section/reg_s1__0 output pair_and_spare_FIR/replication_of_fir[0].replication/second_module/other_sections[5].fir_section/reg_s1__0/P[47:0] is not pipelined (PREG=0). Pipelining the DSP48 output will improve performance and often saves power so it is suggested whenever possible to fully pipeline this function.  If this DSP48 function was inferred, it is suggested to describe an additional register stage after this function.  If the DSP48 was instantiated in the design, it is suggested to set the PREG attribute to 1.
Related violations: <none>

DPOP-1#25 Warning
PREG Output pipelining  
DSP pair_and_spare_FIR/replication_of_fir[1].replication/first_module/first_section/reg_s1 output pair_and_spare_FIR/replication_of_fir[1].replication/first_module/first_section/reg_s1/P[47:0] is not pipelined (PREG=0). Pipelining the DSP48 output will improve performance and often saves power so it is suggested whenever possible to fully pipeline this function.  If this DSP48 function was inferred, it is suggested to describe an additional register stage after this function.  If the DSP48 was instantiated in the design, it is suggested to set the PREG attribute to 1.
Related violations: <none>

DPOP-1#26 Warning
PREG Output pipelining  
DSP pair_and_spare_FIR/replication_of_fir[1].replication/first_module/first_section/reg_s1__0 output pair_and_spare_FIR/replication_of_fir[1].replication/first_module/first_section/reg_s1__0/P[47:0] is not pipelined (PREG=0). Pipelining the DSP48 output will improve performance and often saves power so it is suggested whenever possible to fully pipeline this function.  If this DSP48 function was inferred, it is suggested to describe an additional register stage after this function.  If the DSP48 was instantiated in the design, it is suggested to set the PREG attribute to 1.
Related violations: <none>

DPOP-1#27 Warning
PREG Output pipelining  
DSP pair_and_spare_FIR/replication_of_fir[1].replication/first_module/other_sections[1].fir_section/reg_s1 output pair_and_spare_FIR/replication_of_fir[1].replication/first_module/other_sections[1].fir_section/reg_s1/P[47:0] is not pipelined (PREG=0). Pipelining the DSP48 output will improve performance and often saves power so it is suggested whenever possible to fully pipeline this function.  If this DSP48 function was inferred, it is suggested to describe an additional register stage after this function.  If the DSP48 was instantiated in the design, it is suggested to set the PREG attribute to 1.
Related violations: <none>

DPOP-1#28 Warning
PREG Output pipelining  
DSP pair_and_spare_FIR/replication_of_fir[1].replication/first_module/other_sections[1].fir_section/reg_s1__0 output pair_and_spare_FIR/replication_of_fir[1].replication/first_module/other_sections[1].fir_section/reg_s1__0/P[47:0] is not pipelined (PREG=0). Pipelining the DSP48 output will improve performance and often saves power so it is suggested whenever possible to fully pipeline this function.  If this DSP48 function was inferred, it is suggested to describe an additional register stage after this function.  If the DSP48 was instantiated in the design, it is suggested to set the PREG attribute to 1.
Related violations: <none>

DPOP-1#29 Warning
PREG Output pipelining  
DSP pair_and_spare_FIR/replication_of_fir[1].replication/first_module/other_sections[2].fir_section/reg_s1 output pair_and_spare_FIR/replication_of_fir[1].replication/first_module/other_sections[2].fir_section/reg_s1/P[47:0] is not pipelined (PREG=0). Pipelining the DSP48 output will improve performance and often saves power so it is suggested whenever possible to fully pipeline this function.  If this DSP48 function was inferred, it is suggested to describe an additional register stage after this function.  If the DSP48 was instantiated in the design, it is suggested to set the PREG attribute to 1.
Related violations: <none>

DPOP-1#30 Warning
PREG Output pipelining  
DSP pair_and_spare_FIR/replication_of_fir[1].replication/first_module/other_sections[2].fir_section/reg_s1__0 output pair_and_spare_FIR/replication_of_fir[1].replication/first_module/other_sections[2].fir_section/reg_s1__0/P[47:0] is not pipelined (PREG=0). Pipelining the DSP48 output will improve performance and often saves power so it is suggested whenever possible to fully pipeline this function.  If this DSP48 function was inferred, it is suggested to describe an additional register stage after this function.  If the DSP48 was instantiated in the design, it is suggested to set the PREG attribute to 1.
Related violations: <none>

DPOP-1#31 Warning
PREG Output pipelining  
DSP pair_and_spare_FIR/replication_of_fir[1].replication/first_module/other_sections[3].fir_section/reg_s1 output pair_and_spare_FIR/replication_of_fir[1].replication/first_module/other_sections[3].fir_section/reg_s1/P[47:0] is not pipelined (PREG=0). Pipelining the DSP48 output will improve performance and often saves power so it is suggested whenever possible to fully pipeline this function.  If this DSP48 function was inferred, it is suggested to describe an additional register stage after this function.  If the DSP48 was instantiated in the design, it is suggested to set the PREG attribute to 1.
Related violations: <none>

DPOP-1#32 Warning
PREG Output pipelining  
DSP pair_and_spare_FIR/replication_of_fir[1].replication/first_module/other_sections[3].fir_section/reg_s1__0 output pair_and_spare_FIR/replication_of_fir[1].replication/first_module/other_sections[3].fir_section/reg_s1__0/P[47:0] is not pipelined (PREG=0). Pipelining the DSP48 output will improve performance and often saves power so it is suggested whenever possible to fully pipeline this function.  If this DSP48 function was inferred, it is suggested to describe an additional register stage after this function.  If the DSP48 was instantiated in the design, it is suggested to set the PREG attribute to 1.
Related violations: <none>

DPOP-1#33 Warning
PREG Output pipelining  
DSP pair_and_spare_FIR/replication_of_fir[1].replication/first_module/other_sections[4].fir_section/reg_s1 output pair_and_spare_FIR/replication_of_fir[1].replication/first_module/other_sections[4].fir_section/reg_s1/P[47:0] is not pipelined (PREG=0). Pipelining the DSP48 output will improve performance and often saves power so it is suggested whenever possible to fully pipeline this function.  If this DSP48 function was inferred, it is suggested to describe an additional register stage after this function.  If the DSP48 was instantiated in the design, it is suggested to set the PREG attribute to 1.
Related violations: <none>

DPOP-1#34 Warning
PREG Output pipelining  
DSP pair_and_spare_FIR/replication_of_fir[1].replication/first_module/other_sections[4].fir_section/reg_s1__0 output pair_and_spare_FIR/replication_of_fir[1].replication/first_module/other_sections[4].fir_section/reg_s1__0/P[47:0] is not pipelined (PREG=0). Pipelining the DSP48 output will improve performance and often saves power so it is suggested whenever possible to fully pipeline this function.  If this DSP48 function was inferred, it is suggested to describe an additional register stage after this function.  If the DSP48 was instantiated in the design, it is suggested to set the PREG attribute to 1.
Related violations: <none>

DPOP-1#35 Warning
PREG Output pipelining  
DSP pair_and_spare_FIR/replication_of_fir[1].replication/first_module/other_sections[5].fir_section/reg_s1 output pair_and_spare_FIR/replication_of_fir[1].replication/first_module/other_sections[5].fir_section/reg_s1/P[47:0] is not pipelined (PREG=0). Pipelining the DSP48 output will improve performance and often saves power so it is suggested whenever possible to fully pipeline this function.  If this DSP48 function was inferred, it is suggested to describe an additional register stage after this function.  If the DSP48 was instantiated in the design, it is suggested to set the PREG attribute to 1.
Related violations: <none>

DPOP-1#36 Warning
PREG Output pipelining  
DSP pair_and_spare_FIR/replication_of_fir[1].replication/first_module/other_sections[5].fir_section/reg_s1__0 output pair_and_spare_FIR/replication_of_fir[1].replication/first_module/other_sections[5].fir_section/reg_s1__0/P[47:0] is not pipelined (PREG=0). Pipelining the DSP48 output will improve performance and often saves power so it is suggested whenever possible to fully pipeline this function.  If this DSP48 function was inferred, it is suggested to describe an additional register stage after this function.  If the DSP48 was instantiated in the design, it is suggested to set the PREG attribute to 1.
Related violations: <none>

DPOP-1#37 Warning
PREG Output pipelining  
DSP pair_and_spare_FIR/replication_of_fir[1].replication/second_module/first_section/reg_s1 output pair_and_spare_FIR/replication_of_fir[1].replication/second_module/first_section/reg_s1/P[47:0] is not pipelined (PREG=0). Pipelining the DSP48 output will improve performance and often saves power so it is suggested whenever possible to fully pipeline this function.  If this DSP48 function was inferred, it is suggested to describe an additional register stage after this function.  If the DSP48 was instantiated in the design, it is suggested to set the PREG attribute to 1.
Related violations: <none>

DPOP-1#38 Warning
PREG Output pipelining  
DSP pair_and_spare_FIR/replication_of_fir[1].replication/second_module/first_section/reg_s1__0 output pair_and_spare_FIR/replication_of_fir[1].replication/second_module/first_section/reg_s1__0/P[47:0] is not pipelined (PREG=0). Pipelining the DSP48 output will improve performance and often saves power so it is suggested whenever possible to fully pipeline this function.  If this DSP48 function was inferred, it is suggested to describe an additional register stage after this function.  If the DSP48 was instantiated in the design, it is suggested to set the PREG attribute to 1.
Related violations: <none>

DPOP-1#39 Warning
PREG Output pipelining  
DSP pair_and_spare_FIR/replication_of_fir[1].replication/second_module/other_sections[1].fir_section/reg_s1 output pair_and_spare_FIR/replication_of_fir[1].replication/second_module/other_sections[1].fir_section/reg_s1/P[47:0] is not pipelined (PREG=0). Pipelining the DSP48 output will improve performance and often saves power so it is suggested whenever possible to fully pipeline this function.  If this DSP48 function was inferred, it is suggested to describe an additional register stage after this function.  If the DSP48 was instantiated in the design, it is suggested to set the PREG attribute to 1.
Related violations: <none>

DPOP-1#40 Warning
PREG Output pipelining  
DSP pair_and_spare_FIR/replication_of_fir[1].replication/second_module/other_sections[1].fir_section/reg_s1__0 output pair_and_spare_FIR/replication_of_fir[1].replication/second_module/other_sections[1].fir_section/reg_s1__0/P[47:0] is not pipelined (PREG=0). Pipelining the DSP48 output will improve performance and often saves power so it is suggested whenever possible to fully pipeline this function.  If this DSP48 function was inferred, it is suggested to describe an additional register stage after this function.  If the DSP48 was instantiated in the design, it is suggested to set the PREG attribute to 1.
Related violations: <none>

DPOP-1#41 Warning
PREG Output pipelining  
DSP pair_and_spare_FIR/replication_of_fir[1].replication/second_module/other_sections[2].fir_section/reg_s1 output pair_and_spare_FIR/replication_of_fir[1].replication/second_module/other_sections[2].fir_section/reg_s1/P[47:0] is not pipelined (PREG=0). Pipelining the DSP48 output will improve performance and often saves power so it is suggested whenever possible to fully pipeline this function.  If this DSP48 function was inferred, it is suggested to describe an additional register stage after this function.  If the DSP48 was instantiated in the design, it is suggested to set the PREG attribute to 1.
Related violations: <none>

DPOP-1#42 Warning
PREG Output pipelining  
DSP pair_and_spare_FIR/replication_of_fir[1].replication/second_module/other_sections[2].fir_section/reg_s1__0 output pair_and_spare_FIR/replication_of_fir[1].replication/second_module/other_sections[2].fir_section/reg_s1__0/P[47:0] is not pipelined (PREG=0). Pipelining the DSP48 output will improve performance and often saves power so it is suggested whenever possible to fully pipeline this function.  If this DSP48 function was inferred, it is suggested to describe an additional register stage after this function.  If the DSP48 was instantiated in the design, it is suggested to set the PREG attribute to 1.
Related violations: <none>

DPOP-1#43 Warning
PREG Output pipelining  
DSP pair_and_spare_FIR/replication_of_fir[1].replication/second_module/other_sections[3].fir_section/reg_s1 output pair_and_spare_FIR/replication_of_fir[1].replication/second_module/other_sections[3].fir_section/reg_s1/P[47:0] is not pipelined (PREG=0). Pipelining the DSP48 output will improve performance and often saves power so it is suggested whenever possible to fully pipeline this function.  If this DSP48 function was inferred, it is suggested to describe an additional register stage after this function.  If the DSP48 was instantiated in the design, it is suggested to set the PREG attribute to 1.
Related violations: <none>

DPOP-1#44 Warning
PREG Output pipelining  
DSP pair_and_spare_FIR/replication_of_fir[1].replication/second_module/other_sections[3].fir_section/reg_s1__0 output pair_and_spare_FIR/replication_of_fir[1].replication/second_module/other_sections[3].fir_section/reg_s1__0/P[47:0] is not pipelined (PREG=0). Pipelining the DSP48 output will improve performance and often saves power so it is suggested whenever possible to fully pipeline this function.  If this DSP48 function was inferred, it is suggested to describe an additional register stage after this function.  If the DSP48 was instantiated in the design, it is suggested to set the PREG attribute to 1.
Related violations: <none>

DPOP-1#45 Warning
PREG Output pipelining  
DSP pair_and_spare_FIR/replication_of_fir[1].replication/second_module/other_sections[4].fir_section/reg_s1 output pair_and_spare_FIR/replication_of_fir[1].replication/second_module/other_sections[4].fir_section/reg_s1/P[47:0] is not pipelined (PREG=0). Pipelining the DSP48 output will improve performance and often saves power so it is suggested whenever possible to fully pipeline this function.  If this DSP48 function was inferred, it is suggested to describe an additional register stage after this function.  If the DSP48 was instantiated in the design, it is suggested to set the PREG attribute to 1.
Related violations: <none>

DPOP-1#46 Warning
PREG Output pipelining  
DSP pair_and_spare_FIR/replication_of_fir[1].replication/second_module/other_sections[4].fir_section/reg_s1__0 output pair_and_spare_FIR/replication_of_fir[1].replication/second_module/other_sections[4].fir_section/reg_s1__0/P[47:0] is not pipelined (PREG=0). Pipelining the DSP48 output will improve performance and often saves power so it is suggested whenever possible to fully pipeline this function.  If this DSP48 function was inferred, it is suggested to describe an additional register stage after this function.  If the DSP48 was instantiated in the design, it is suggested to set the PREG attribute to 1.
Related violations: <none>

DPOP-1#47 Warning
PREG Output pipelining  
DSP pair_and_spare_FIR/replication_of_fir[1].replication/second_module/other_sections[5].fir_section/reg_s1 output pair_and_spare_FIR/replication_of_fir[1].replication/second_module/other_sections[5].fir_section/reg_s1/P[47:0] is not pipelined (PREG=0). Pipelining the DSP48 output will improve performance and often saves power so it is suggested whenever possible to fully pipeline this function.  If this DSP48 function was inferred, it is suggested to describe an additional register stage after this function.  If the DSP48 was instantiated in the design, it is suggested to set the PREG attribute to 1.
Related violations: <none>

DPOP-1#48 Warning
PREG Output pipelining  
DSP pair_and_spare_FIR/replication_of_fir[1].replication/second_module/other_sections[5].fir_section/reg_s1__0 output pair_and_spare_FIR/replication_of_fir[1].replication/second_module/other_sections[5].fir_section/reg_s1__0/P[47:0] is not pipelined (PREG=0). Pipelining the DSP48 output will improve performance and often saves power so it is suggested whenever possible to fully pipeline this function.  If this DSP48 function was inferred, it is suggested to describe an additional register stage after this function.  If the DSP48 was instantiated in the design, it is suggested to set the PREG attribute to 1.
Related violations: <none>

DPOP-1#49 Warning
PREG Output pipelining  
DSP pair_and_spare_FIR/replication_of_fir[2].replication/first_module/first_section/reg_s1 output pair_and_spare_FIR/replication_of_fir[2].replication/first_module/first_section/reg_s1/P[47:0] is not pipelined (PREG=0). Pipelining the DSP48 output will improve performance and often saves power so it is suggested whenever possible to fully pipeline this function.  If this DSP48 function was inferred, it is suggested to describe an additional register stage after this function.  If the DSP48 was instantiated in the design, it is suggested to set the PREG attribute to 1.
Related violations: <none>

DPOP-1#50 Warning
PREG Output pipelining  
DSP pair_and_spare_FIR/replication_of_fir[2].replication/first_module/first_section/reg_s1__0 output pair_and_spare_FIR/replication_of_fir[2].replication/first_module/first_section/reg_s1__0/P[47:0] is not pipelined (PREG=0). Pipelining the DSP48 output will improve performance and often saves power so it is suggested whenever possible to fully pipeline this function.  If this DSP48 function was inferred, it is suggested to describe an additional register stage after this function.  If the DSP48 was instantiated in the design, it is suggested to set the PREG attribute to 1.
Related violations: <none>

DPOP-1#51 Warning
PREG Output pipelining  
DSP pair_and_spare_FIR/replication_of_fir[2].replication/first_module/other_sections[1].fir_section/reg_s1 output pair_and_spare_FIR/replication_of_fir[2].replication/first_module/other_sections[1].fir_section/reg_s1/P[47:0] is not pipelined (PREG=0). Pipelining the DSP48 output will improve performance and often saves power so it is suggested whenever possible to fully pipeline this function.  If this DSP48 function was inferred, it is suggested to describe an additional register stage after this function.  If the DSP48 was instantiated in the design, it is suggested to set the PREG attribute to 1.
Related violations: <none>

DPOP-1#52 Warning
PREG Output pipelining  
DSP pair_and_spare_FIR/replication_of_fir[2].replication/first_module/other_sections[1].fir_section/reg_s1__0 output pair_and_spare_FIR/replication_of_fir[2].replication/first_module/other_sections[1].fir_section/reg_s1__0/P[47:0] is not pipelined (PREG=0). Pipelining the DSP48 output will improve performance and often saves power so it is suggested whenever possible to fully pipeline this function.  If this DSP48 function was inferred, it is suggested to describe an additional register stage after this function.  If the DSP48 was instantiated in the design, it is suggested to set the PREG attribute to 1.
Related violations: <none>

DPOP-1#53 Warning
PREG Output pipelining  
DSP pair_and_spare_FIR/replication_of_fir[2].replication/first_module/other_sections[2].fir_section/reg_s1 output pair_and_spare_FIR/replication_of_fir[2].replication/first_module/other_sections[2].fir_section/reg_s1/P[47:0] is not pipelined (PREG=0). Pipelining the DSP48 output will improve performance and often saves power so it is suggested whenever possible to fully pipeline this function.  If this DSP48 function was inferred, it is suggested to describe an additional register stage after this function.  If the DSP48 was instantiated in the design, it is suggested to set the PREG attribute to 1.
Related violations: <none>

DPOP-1#54 Warning
PREG Output pipelining  
DSP pair_and_spare_FIR/replication_of_fir[2].replication/first_module/other_sections[2].fir_section/reg_s1__0 output pair_and_spare_FIR/replication_of_fir[2].replication/first_module/other_sections[2].fir_section/reg_s1__0/P[47:0] is not pipelined (PREG=0). Pipelining the DSP48 output will improve performance and often saves power so it is suggested whenever possible to fully pipeline this function.  If this DSP48 function was inferred, it is suggested to describe an additional register stage after this function.  If the DSP48 was instantiated in the design, it is suggested to set the PREG attribute to 1.
Related violations: <none>

DPOP-1#55 Warning
PREG Output pipelining  
DSP pair_and_spare_FIR/replication_of_fir[2].replication/first_module/other_sections[3].fir_section/reg_s1 output pair_and_spare_FIR/replication_of_fir[2].replication/first_module/other_sections[3].fir_section/reg_s1/P[47:0] is not pipelined (PREG=0). Pipelining the DSP48 output will improve performance and often saves power so it is suggested whenever possible to fully pipeline this function.  If this DSP48 function was inferred, it is suggested to describe an additional register stage after this function.  If the DSP48 was instantiated in the design, it is suggested to set the PREG attribute to 1.
Related violations: <none>

DPOP-1#56 Warning
PREG Output pipelining  
DSP pair_and_spare_FIR/replication_of_fir[2].replication/first_module/other_sections[3].fir_section/reg_s1__0 output pair_and_spare_FIR/replication_of_fir[2].replication/first_module/other_sections[3].fir_section/reg_s1__0/P[47:0] is not pipelined (PREG=0). Pipelining the DSP48 output will improve performance and often saves power so it is suggested whenever possible to fully pipeline this function.  If this DSP48 function was inferred, it is suggested to describe an additional register stage after this function.  If the DSP48 was instantiated in the design, it is suggested to set the PREG attribute to 1.
Related violations: <none>

DPOP-1#57 Warning
PREG Output pipelining  
DSP pair_and_spare_FIR/replication_of_fir[2].replication/first_module/other_sections[4].fir_section/reg_s1 output pair_and_spare_FIR/replication_of_fir[2].replication/first_module/other_sections[4].fir_section/reg_s1/P[47:0] is not pipelined (PREG=0). Pipelining the DSP48 output will improve performance and often saves power so it is suggested whenever possible to fully pipeline this function.  If this DSP48 function was inferred, it is suggested to describe an additional register stage after this function.  If the DSP48 was instantiated in the design, it is suggested to set the PREG attribute to 1.
Related violations: <none>

DPOP-1#58 Warning
PREG Output pipelining  
DSP pair_and_spare_FIR/replication_of_fir[2].replication/first_module/other_sections[4].fir_section/reg_s1__0 output pair_and_spare_FIR/replication_of_fir[2].replication/first_module/other_sections[4].fir_section/reg_s1__0/P[47:0] is not pipelined (PREG=0). Pipelining the DSP48 output will improve performance and often saves power so it is suggested whenever possible to fully pipeline this function.  If this DSP48 function was inferred, it is suggested to describe an additional register stage after this function.  If the DSP48 was instantiated in the design, it is suggested to set the PREG attribute to 1.
Related violations: <none>

DPOP-1#59 Warning
PREG Output pipelining  
DSP pair_and_spare_FIR/replication_of_fir[2].replication/first_module/other_sections[5].fir_section/reg_s1 output pair_and_spare_FIR/replication_of_fir[2].replication/first_module/other_sections[5].fir_section/reg_s1/P[47:0] is not pipelined (PREG=0). Pipelining the DSP48 output will improve performance and often saves power so it is suggested whenever possible to fully pipeline this function.  If this DSP48 function was inferred, it is suggested to describe an additional register stage after this function.  If the DSP48 was instantiated in the design, it is suggested to set the PREG attribute to 1.
Related violations: <none>

DPOP-1#60 Warning
PREG Output pipelining  
DSP pair_and_spare_FIR/replication_of_fir[2].replication/first_module/other_sections[5].fir_section/reg_s1__0 output pair_and_spare_FIR/replication_of_fir[2].replication/first_module/other_sections[5].fir_section/reg_s1__0/P[47:0] is not pipelined (PREG=0). Pipelining the DSP48 output will improve performance and often saves power so it is suggested whenever possible to fully pipeline this function.  If this DSP48 function was inferred, it is suggested to describe an additional register stage after this function.  If the DSP48 was instantiated in the design, it is suggested to set the PREG attribute to 1.
Related violations: <none>

DPOP-1#61 Warning
PREG Output pipelining  
DSP pair_and_spare_FIR/replication_of_fir[2].replication/second_module/first_section/reg_s1 output pair_and_spare_FIR/replication_of_fir[2].replication/second_module/first_section/reg_s1/P[47:0] is not pipelined (PREG=0). Pipelining the DSP48 output will improve performance and often saves power so it is suggested whenever possible to fully pipeline this function.  If this DSP48 function was inferred, it is suggested to describe an additional register stage after this function.  If the DSP48 was instantiated in the design, it is suggested to set the PREG attribute to 1.
Related violations: <none>

DPOP-1#62 Warning
PREG Output pipelining  
DSP pair_and_spare_FIR/replication_of_fir[2].replication/second_module/first_section/reg_s1__0 output pair_and_spare_FIR/replication_of_fir[2].replication/second_module/first_section/reg_s1__0/P[47:0] is not pipelined (PREG=0). Pipelining the DSP48 output will improve performance and often saves power so it is suggested whenever possible to fully pipeline this function.  If this DSP48 function was inferred, it is suggested to describe an additional register stage after this function.  If the DSP48 was instantiated in the design, it is suggested to set the PREG attribute to 1.
Related violations: <none>

DPOP-1#63 Warning
PREG Output pipelining  
DSP pair_and_spare_FIR/replication_of_fir[2].replication/second_module/other_sections[1].fir_section/reg_s1 output pair_and_spare_FIR/replication_of_fir[2].replication/second_module/other_sections[1].fir_section/reg_s1/P[47:0] is not pipelined (PREG=0). Pipelining the DSP48 output will improve performance and often saves power so it is suggested whenever possible to fully pipeline this function.  If this DSP48 function was inferred, it is suggested to describe an additional register stage after this function.  If the DSP48 was instantiated in the design, it is suggested to set the PREG attribute to 1.
Related violations: <none>

DPOP-1#64 Warning
PREG Output pipelining  
DSP pair_and_spare_FIR/replication_of_fir[2].replication/second_module/other_sections[1].fir_section/reg_s1__0 output pair_and_spare_FIR/replication_of_fir[2].replication/second_module/other_sections[1].fir_section/reg_s1__0/P[47:0] is not pipelined (PREG=0). Pipelining the DSP48 output will improve performance and often saves power so it is suggested whenever possible to fully pipeline this function.  If this DSP48 function was inferred, it is suggested to describe an additional register stage after this function.  If the DSP48 was instantiated in the design, it is suggested to set the PREG attribute to 1.
Related violations: <none>

DPOP-1#65 Warning
PREG Output pipelining  
DSP pair_and_spare_FIR/replication_of_fir[2].replication/second_module/other_sections[2].fir_section/reg_s1 output pair_and_spare_FIR/replication_of_fir[2].replication/second_module/other_sections[2].fir_section/reg_s1/P[47:0] is not pipelined (PREG=0). Pipelining the DSP48 output will improve performance and often saves power so it is suggested whenever possible to fully pipeline this function.  If this DSP48 function was inferred, it is suggested to describe an additional register stage after this function.  If the DSP48 was instantiated in the design, it is suggested to set the PREG attribute to 1.
Related violations: <none>

DPOP-1#66 Warning
PREG Output pipelining  
DSP pair_and_spare_FIR/replication_of_fir[2].replication/second_module/other_sections[2].fir_section/reg_s1__0 output pair_and_spare_FIR/replication_of_fir[2].replication/second_module/other_sections[2].fir_section/reg_s1__0/P[47:0] is not pipelined (PREG=0). Pipelining the DSP48 output will improve performance and often saves power so it is suggested whenever possible to fully pipeline this function.  If this DSP48 function was inferred, it is suggested to describe an additional register stage after this function.  If the DSP48 was instantiated in the design, it is suggested to set the PREG attribute to 1.
Related violations: <none>

DPOP-1#67 Warning
PREG Output pipelining  
DSP pair_and_spare_FIR/replication_of_fir[2].replication/second_module/other_sections[3].fir_section/reg_s1 output pair_and_spare_FIR/replication_of_fir[2].replication/second_module/other_sections[3].fir_section/reg_s1/P[47:0] is not pipelined (PREG=0). Pipelining the DSP48 output will improve performance and often saves power so it is suggested whenever possible to fully pipeline this function.  If this DSP48 function was inferred, it is suggested to describe an additional register stage after this function.  If the DSP48 was instantiated in the design, it is suggested to set the PREG attribute to 1.
Related violations: <none>

DPOP-1#68 Warning
PREG Output pipelining  
DSP pair_and_spare_FIR/replication_of_fir[2].replication/second_module/other_sections[3].fir_section/reg_s1__0 output pair_and_spare_FIR/replication_of_fir[2].replication/second_module/other_sections[3].fir_section/reg_s1__0/P[47:0] is not pipelined (PREG=0). Pipelining the DSP48 output will improve performance and often saves power so it is suggested whenever possible to fully pipeline this function.  If this DSP48 function was inferred, it is suggested to describe an additional register stage after this function.  If the DSP48 was instantiated in the design, it is suggested to set the PREG attribute to 1.
Related violations: <none>

DPOP-1#69 Warning
PREG Output pipelining  
DSP pair_and_spare_FIR/replication_of_fir[2].replication/second_module/other_sections[4].fir_section/reg_s1 output pair_and_spare_FIR/replication_of_fir[2].replication/second_module/other_sections[4].fir_section/reg_s1/P[47:0] is not pipelined (PREG=0). Pipelining the DSP48 output will improve performance and often saves power so it is suggested whenever possible to fully pipeline this function.  If this DSP48 function was inferred, it is suggested to describe an additional register stage after this function.  If the DSP48 was instantiated in the design, it is suggested to set the PREG attribute to 1.
Related violations: <none>

DPOP-1#70 Warning
PREG Output pipelining  
DSP pair_and_spare_FIR/replication_of_fir[2].replication/second_module/other_sections[4].fir_section/reg_s1__0 output pair_and_spare_FIR/replication_of_fir[2].replication/second_module/other_sections[4].fir_section/reg_s1__0/P[47:0] is not pipelined (PREG=0). Pipelining the DSP48 output will improve performance and often saves power so it is suggested whenever possible to fully pipeline this function.  If this DSP48 function was inferred, it is suggested to describe an additional register stage after this function.  If the DSP48 was instantiated in the design, it is suggested to set the PREG attribute to 1.
Related violations: <none>

DPOP-1#71 Warning
PREG Output pipelining  
DSP pair_and_spare_FIR/replication_of_fir[2].replication/second_module/other_sections[5].fir_section/reg_s1 output pair_and_spare_FIR/replication_of_fir[2].replication/second_module/other_sections[5].fir_section/reg_s1/P[47:0] is not pipelined (PREG=0). Pipelining the DSP48 output will improve performance and often saves power so it is suggested whenever possible to fully pipeline this function.  If this DSP48 function was inferred, it is suggested to describe an additional register stage after this function.  If the DSP48 was instantiated in the design, it is suggested to set the PREG attribute to 1.
Related violations: <none>

DPOP-1#72 Warning
PREG Output pipelining  
DSP pair_and_spare_FIR/replication_of_fir[2].replication/second_module/other_sections[5].fir_section/reg_s1__0 output pair_and_spare_FIR/replication_of_fir[2].replication/second_module/other_sections[5].fir_section/reg_s1__0/P[47:0] is not pipelined (PREG=0). Pipelining the DSP48 output will improve performance and often saves power so it is suggested whenever possible to fully pipeline this function.  If this DSP48 function was inferred, it is suggested to describe an additional register stage after this function.  If the DSP48 was instantiated in the design, it is suggested to set the PREG attribute to 1.
Related violations: <none>

DPOP-1#73 Warning
PREG Output pipelining  
DSP pair_and_spare_FIR/replication_of_fir[3].replication/first_module/first_section/reg_s1 output pair_and_spare_FIR/replication_of_fir[3].replication/first_module/first_section/reg_s1/P[47:0] is not pipelined (PREG=0). Pipelining the DSP48 output will improve performance and often saves power so it is suggested whenever possible to fully pipeline this function.  If this DSP48 function was inferred, it is suggested to describe an additional register stage after this function.  If the DSP48 was instantiated in the design, it is suggested to set the PREG attribute to 1.
Related violations: <none>

DPOP-1#74 Warning
PREG Output pipelining  
DSP pair_and_spare_FIR/replication_of_fir[3].replication/first_module/first_section/reg_s1__0 output pair_and_spare_FIR/replication_of_fir[3].replication/first_module/first_section/reg_s1__0/P[47:0] is not pipelined (PREG=0). Pipelining the DSP48 output will improve performance and often saves power so it is suggested whenever possible to fully pipeline this function.  If this DSP48 function was inferred, it is suggested to describe an additional register stage after this function.  If the DSP48 was instantiated in the design, it is suggested to set the PREG attribute to 1.
Related violations: <none>

DPOP-1#75 Warning
PREG Output pipelining  
DSP pair_and_spare_FIR/replication_of_fir[3].replication/first_module/other_sections[1].fir_section/reg_s1 output pair_and_spare_FIR/replication_of_fir[3].replication/first_module/other_sections[1].fir_section/reg_s1/P[47:0] is not pipelined (PREG=0). Pipelining the DSP48 output will improve performance and often saves power so it is suggested whenever possible to fully pipeline this function.  If this DSP48 function was inferred, it is suggested to describe an additional register stage after this function.  If the DSP48 was instantiated in the design, it is suggested to set the PREG attribute to 1.
Related violations: <none>

DPOP-1#76 Warning
PREG Output pipelining  
DSP pair_and_spare_FIR/replication_of_fir[3].replication/first_module/other_sections[1].fir_section/reg_s1__0 output pair_and_spare_FIR/replication_of_fir[3].replication/first_module/other_sections[1].fir_section/reg_s1__0/P[47:0] is not pipelined (PREG=0). Pipelining the DSP48 output will improve performance and often saves power so it is suggested whenever possible to fully pipeline this function.  If this DSP48 function was inferred, it is suggested to describe an additional register stage after this function.  If the DSP48 was instantiated in the design, it is suggested to set the PREG attribute to 1.
Related violations: <none>

DPOP-1#77 Warning
PREG Output pipelining  
DSP pair_and_spare_FIR/replication_of_fir[3].replication/first_module/other_sections[2].fir_section/reg_s1 output pair_and_spare_FIR/replication_of_fir[3].replication/first_module/other_sections[2].fir_section/reg_s1/P[47:0] is not pipelined (PREG=0). Pipelining the DSP48 output will improve performance and often saves power so it is suggested whenever possible to fully pipeline this function.  If this DSP48 function was inferred, it is suggested to describe an additional register stage after this function.  If the DSP48 was instantiated in the design, it is suggested to set the PREG attribute to 1.
Related violations: <none>

DPOP-1#78 Warning
PREG Output pipelining  
DSP pair_and_spare_FIR/replication_of_fir[3].replication/first_module/other_sections[2].fir_section/reg_s1__0 output pair_and_spare_FIR/replication_of_fir[3].replication/first_module/other_sections[2].fir_section/reg_s1__0/P[47:0] is not pipelined (PREG=0). Pipelining the DSP48 output will improve performance and often saves power so it is suggested whenever possible to fully pipeline this function.  If this DSP48 function was inferred, it is suggested to describe an additional register stage after this function.  If the DSP48 was instantiated in the design, it is suggested to set the PREG attribute to 1.
Related violations: <none>

DPOP-1#79 Warning
PREG Output pipelining  
DSP pair_and_spare_FIR/replication_of_fir[3].replication/first_module/other_sections[3].fir_section/reg_s1 output pair_and_spare_FIR/replication_of_fir[3].replication/first_module/other_sections[3].fir_section/reg_s1/P[47:0] is not pipelined (PREG=0). Pipelining the DSP48 output will improve performance and often saves power so it is suggested whenever possible to fully pipeline this function.  If this DSP48 function was inferred, it is suggested to describe an additional register stage after this function.  If the DSP48 was instantiated in the design, it is suggested to set the PREG attribute to 1.
Related violations: <none>

DPOP-1#80 Warning
PREG Output pipelining  
DSP pair_and_spare_FIR/replication_of_fir[3].replication/first_module/other_sections[3].fir_section/reg_s1__0 output pair_and_spare_FIR/replication_of_fir[3].replication/first_module/other_sections[3].fir_section/reg_s1__0/P[47:0] is not pipelined (PREG=0). Pipelining the DSP48 output will improve performance and often saves power so it is suggested whenever possible to fully pipeline this function.  If this DSP48 function was inferred, it is suggested to describe an additional register stage after this function.  If the DSP48 was instantiated in the design, it is suggested to set the PREG attribute to 1.
Related violations: <none>

DPOP-1#81 Warning
PREG Output pipelining  
DSP pair_and_spare_FIR/replication_of_fir[3].replication/first_module/other_sections[4].fir_section/reg_s1 output pair_and_spare_FIR/replication_of_fir[3].replication/first_module/other_sections[4].fir_section/reg_s1/P[47:0] is not pipelined (PREG=0). Pipelining the DSP48 output will improve performance and often saves power so it is suggested whenever possible to fully pipeline this function.  If this DSP48 function was inferred, it is suggested to describe an additional register stage after this function.  If the DSP48 was instantiated in the design, it is suggested to set the PREG attribute to 1.
Related violations: <none>

DPOP-1#82 Warning
PREG Output pipelining  
DSP pair_and_spare_FIR/replication_of_fir[3].replication/first_module/other_sections[4].fir_section/reg_s1__0 output pair_and_spare_FIR/replication_of_fir[3].replication/first_module/other_sections[4].fir_section/reg_s1__0/P[47:0] is not pipelined (PREG=0). Pipelining the DSP48 output will improve performance and often saves power so it is suggested whenever possible to fully pipeline this function.  If this DSP48 function was inferred, it is suggested to describe an additional register stage after this function.  If the DSP48 was instantiated in the design, it is suggested to set the PREG attribute to 1.
Related violations: <none>

DPOP-1#83 Warning
PREG Output pipelining  
DSP pair_and_spare_FIR/replication_of_fir[3].replication/first_module/other_sections[5].fir_section/reg_s1 output pair_and_spare_FIR/replication_of_fir[3].replication/first_module/other_sections[5].fir_section/reg_s1/P[47:0] is not pipelined (PREG=0). Pipelining the DSP48 output will improve performance and often saves power so it is suggested whenever possible to fully pipeline this function.  If this DSP48 function was inferred, it is suggested to describe an additional register stage after this function.  If the DSP48 was instantiated in the design, it is suggested to set the PREG attribute to 1.
Related violations: <none>

DPOP-1#84 Warning
PREG Output pipelining  
DSP pair_and_spare_FIR/replication_of_fir[3].replication/first_module/other_sections[5].fir_section/reg_s1__0 output pair_and_spare_FIR/replication_of_fir[3].replication/first_module/other_sections[5].fir_section/reg_s1__0/P[47:0] is not pipelined (PREG=0). Pipelining the DSP48 output will improve performance and often saves power so it is suggested whenever possible to fully pipeline this function.  If this DSP48 function was inferred, it is suggested to describe an additional register stage after this function.  If the DSP48 was instantiated in the design, it is suggested to set the PREG attribute to 1.
Related violations: <none>

DPOP-1#85 Warning
PREG Output pipelining  
DSP pair_and_spare_FIR/replication_of_fir[3].replication/second_module/first_section/reg_s1 output pair_and_spare_FIR/replication_of_fir[3].replication/second_module/first_section/reg_s1/P[47:0] is not pipelined (PREG=0). Pipelining the DSP48 output will improve performance and often saves power so it is suggested whenever possible to fully pipeline this function.  If this DSP48 function was inferred, it is suggested to describe an additional register stage after this function.  If the DSP48 was instantiated in the design, it is suggested to set the PREG attribute to 1.
Related violations: <none>

DPOP-1#86 Warning
PREG Output pipelining  
DSP pair_and_spare_FIR/replication_of_fir[3].replication/second_module/first_section/reg_s1__0 output pair_and_spare_FIR/replication_of_fir[3].replication/second_module/first_section/reg_s1__0/P[47:0] is not pipelined (PREG=0). Pipelining the DSP48 output will improve performance and often saves power so it is suggested whenever possible to fully pipeline this function.  If this DSP48 function was inferred, it is suggested to describe an additional register stage after this function.  If the DSP48 was instantiated in the design, it is suggested to set the PREG attribute to 1.
Related violations: <none>

DPOP-1#87 Warning
PREG Output pipelining  
DSP pair_and_spare_FIR/replication_of_fir[3].replication/second_module/other_sections[1].fir_section/reg_s1 output pair_and_spare_FIR/replication_of_fir[3].replication/second_module/other_sections[1].fir_section/reg_s1/P[47:0] is not pipelined (PREG=0). Pipelining the DSP48 output will improve performance and often saves power so it is suggested whenever possible to fully pipeline this function.  If this DSP48 function was inferred, it is suggested to describe an additional register stage after this function.  If the DSP48 was instantiated in the design, it is suggested to set the PREG attribute to 1.
Related violations: <none>

DPOP-1#88 Warning
PREG Output pipelining  
DSP pair_and_spare_FIR/replication_of_fir[3].replication/second_module/other_sections[1].fir_section/reg_s1__0 output pair_and_spare_FIR/replication_of_fir[3].replication/second_module/other_sections[1].fir_section/reg_s1__0/P[47:0] is not pipelined (PREG=0). Pipelining the DSP48 output will improve performance and often saves power so it is suggested whenever possible to fully pipeline this function.  If this DSP48 function was inferred, it is suggested to describe an additional register stage after this function.  If the DSP48 was instantiated in the design, it is suggested to set the PREG attribute to 1.
Related violations: <none>

DPOP-1#89 Warning
PREG Output pipelining  
DSP pair_and_spare_FIR/replication_of_fir[3].replication/second_module/other_sections[2].fir_section/reg_s1 output pair_and_spare_FIR/replication_of_fir[3].replication/second_module/other_sections[2].fir_section/reg_s1/P[47:0] is not pipelined (PREG=0). Pipelining the DSP48 output will improve performance and often saves power so it is suggested whenever possible to fully pipeline this function.  If this DSP48 function was inferred, it is suggested to describe an additional register stage after this function.  If the DSP48 was instantiated in the design, it is suggested to set the PREG attribute to 1.
Related violations: <none>

DPOP-1#90 Warning
PREG Output pipelining  
DSP pair_and_spare_FIR/replication_of_fir[3].replication/second_module/other_sections[2].fir_section/reg_s1__0 output pair_and_spare_FIR/replication_of_fir[3].replication/second_module/other_sections[2].fir_section/reg_s1__0/P[47:0] is not pipelined (PREG=0). Pipelining the DSP48 output will improve performance and often saves power so it is suggested whenever possible to fully pipeline this function.  If this DSP48 function was inferred, it is suggested to describe an additional register stage after this function.  If the DSP48 was instantiated in the design, it is suggested to set the PREG attribute to 1.
Related violations: <none>

DPOP-1#91 Warning
PREG Output pipelining  
DSP pair_and_spare_FIR/replication_of_fir[3].replication/second_module/other_sections[3].fir_section/reg_s1 output pair_and_spare_FIR/replication_of_fir[3].replication/second_module/other_sections[3].fir_section/reg_s1/P[47:0] is not pipelined (PREG=0). Pipelining the DSP48 output will improve performance and often saves power so it is suggested whenever possible to fully pipeline this function.  If this DSP48 function was inferred, it is suggested to describe an additional register stage after this function.  If the DSP48 was instantiated in the design, it is suggested to set the PREG attribute to 1.
Related violations: <none>

DPOP-1#92 Warning
PREG Output pipelining  
DSP pair_and_spare_FIR/replication_of_fir[3].replication/second_module/other_sections[3].fir_section/reg_s1__0 output pair_and_spare_FIR/replication_of_fir[3].replication/second_module/other_sections[3].fir_section/reg_s1__0/P[47:0] is not pipelined (PREG=0). Pipelining the DSP48 output will improve performance and often saves power so it is suggested whenever possible to fully pipeline this function.  If this DSP48 function was inferred, it is suggested to describe an additional register stage after this function.  If the DSP48 was instantiated in the design, it is suggested to set the PREG attribute to 1.
Related violations: <none>

DPOP-1#93 Warning
PREG Output pipelining  
DSP pair_and_spare_FIR/replication_of_fir[3].replication/second_module/other_sections[4].fir_section/reg_s1 output pair_and_spare_FIR/replication_of_fir[3].replication/second_module/other_sections[4].fir_section/reg_s1/P[47:0] is not pipelined (PREG=0). Pipelining the DSP48 output will improve performance and often saves power so it is suggested whenever possible to fully pipeline this function.  If this DSP48 function was inferred, it is suggested to describe an additional register stage after this function.  If the DSP48 was instantiated in the design, it is suggested to set the PREG attribute to 1.
Related violations: <none>

DPOP-1#94 Warning
PREG Output pipelining  
DSP pair_and_spare_FIR/replication_of_fir[3].replication/second_module/other_sections[4].fir_section/reg_s1__0 output pair_and_spare_FIR/replication_of_fir[3].replication/second_module/other_sections[4].fir_section/reg_s1__0/P[47:0] is not pipelined (PREG=0). Pipelining the DSP48 output will improve performance and often saves power so it is suggested whenever possible to fully pipeline this function.  If this DSP48 function was inferred, it is suggested to describe an additional register stage after this function.  If the DSP48 was instantiated in the design, it is suggested to set the PREG attribute to 1.
Related violations: <none>

DPOP-1#95 Warning
PREG Output pipelining  
DSP pair_and_spare_FIR/replication_of_fir[3].replication/second_module/other_sections[5].fir_section/reg_s1 output pair_and_spare_FIR/replication_of_fir[3].replication/second_module/other_sections[5].fir_section/reg_s1/P[47:0] is not pipelined (PREG=0). Pipelining the DSP48 output will improve performance and often saves power so it is suggested whenever possible to fully pipeline this function.  If this DSP48 function was inferred, it is suggested to describe an additional register stage after this function.  If the DSP48 was instantiated in the design, it is suggested to set the PREG attribute to 1.
Related violations: <none>

DPOP-1#96 Warning
PREG Output pipelining  
DSP pair_and_spare_FIR/replication_of_fir[3].replication/second_module/other_sections[5].fir_section/reg_s1__0 output pair_and_spare_FIR/replication_of_fir[3].replication/second_module/other_sections[5].fir_section/reg_s1__0/P[47:0] is not pipelined (PREG=0). Pipelining the DSP48 output will improve performance and often saves power so it is suggested whenever possible to fully pipeline this function.  If this DSP48 function was inferred, it is suggested to describe an additional register stage after this function.  If the DSP48 was instantiated in the design, it is suggested to set the PREG attribute to 1.
Related violations: <none>

DPOP-1#97 Warning
PREG Output pipelining  
DSP pair_and_spare_FIR/replication_of_fir[4].replication/first_module/first_section/reg_s1 output pair_and_spare_FIR/replication_of_fir[4].replication/first_module/first_section/reg_s1/P[47:0] is not pipelined (PREG=0). Pipelining the DSP48 output will improve performance and often saves power so it is suggested whenever possible to fully pipeline this function.  If this DSP48 function was inferred, it is suggested to describe an additional register stage after this function.  If the DSP48 was instantiated in the design, it is suggested to set the PREG attribute to 1.
Related violations: <none>

DPOP-1#98 Warning
PREG Output pipelining  
DSP pair_and_spare_FIR/replication_of_fir[4].replication/first_module/first_section/reg_s1__0 output pair_and_spare_FIR/replication_of_fir[4].replication/first_module/first_section/reg_s1__0/P[47:0] is not pipelined (PREG=0). Pipelining the DSP48 output will improve performance and often saves power so it is suggested whenever possible to fully pipeline this function.  If this DSP48 function was inferred, it is suggested to describe an additional register stage after this function.  If the DSP48 was instantiated in the design, it is suggested to set the PREG attribute to 1.
Related violations: <none>

DPOP-1#99 Warning
PREG Output pipelining  
DSP pair_and_spare_FIR/replication_of_fir[4].replication/first_module/other_sections[1].fir_section/reg_s1 output pair_and_spare_FIR/replication_of_fir[4].replication/first_module/other_sections[1].fir_section/reg_s1/P[47:0] is not pipelined (PREG=0). Pipelining the DSP48 output will improve performance and often saves power so it is suggested whenever possible to fully pipeline this function.  If this DSP48 function was inferred, it is suggested to describe an additional register stage after this function.  If the DSP48 was instantiated in the design, it is suggested to set the PREG attribute to 1.
Related violations: <none>

DPOP-1#100 Warning
PREG Output pipelining  
DSP pair_and_spare_FIR/replication_of_fir[4].replication/first_module/other_sections[1].fir_section/reg_s1__0 output pair_and_spare_FIR/replication_of_fir[4].replication/first_module/other_sections[1].fir_section/reg_s1__0/P[47:0] is not pipelined (PREG=0). Pipelining the DSP48 output will improve performance and often saves power so it is suggested whenever possible to fully pipeline this function.  If this DSP48 function was inferred, it is suggested to describe an additional register stage after this function.  If the DSP48 was instantiated in the design, it is suggested to set the PREG attribute to 1.
Related violations: <none>

DPOP-1#101 Warning
PREG Output pipelining  
DSP pair_and_spare_FIR/replication_of_fir[4].replication/first_module/other_sections[2].fir_section/reg_s1 output pair_and_spare_FIR/replication_of_fir[4].replication/first_module/other_sections[2].fir_section/reg_s1/P[47:0] is not pipelined (PREG=0). Pipelining the DSP48 output will improve performance and often saves power so it is suggested whenever possible to fully pipeline this function.  If this DSP48 function was inferred, it is suggested to describe an additional register stage after this function.  If the DSP48 was instantiated in the design, it is suggested to set the PREG attribute to 1.
Related violations: <none>

DPOP-1#102 Warning
PREG Output pipelining  
DSP pair_and_spare_FIR/replication_of_fir[4].replication/first_module/other_sections[2].fir_section/reg_s1__0 output pair_and_spare_FIR/replication_of_fir[4].replication/first_module/other_sections[2].fir_section/reg_s1__0/P[47:0] is not pipelined (PREG=0). Pipelining the DSP48 output will improve performance and often saves power so it is suggested whenever possible to fully pipeline this function.  If this DSP48 function was inferred, it is suggested to describe an additional register stage after this function.  If the DSP48 was instantiated in the design, it is suggested to set the PREG attribute to 1.
Related violations: <none>

DPOP-1#103 Warning
PREG Output pipelining  
DSP pair_and_spare_FIR/replication_of_fir[4].replication/first_module/other_sections[3].fir_section/reg_s1 output pair_and_spare_FIR/replication_of_fir[4].replication/first_module/other_sections[3].fir_section/reg_s1/P[47:0] is not pipelined (PREG=0). Pipelining the DSP48 output will improve performance and often saves power so it is suggested whenever possible to fully pipeline this function.  If this DSP48 function was inferred, it is suggested to describe an additional register stage after this function.  If the DSP48 was instantiated in the design, it is suggested to set the PREG attribute to 1.
Related violations: <none>

DPOP-1#104 Warning
PREG Output pipelining  
DSP pair_and_spare_FIR/replication_of_fir[4].replication/first_module/other_sections[3].fir_section/reg_s1__0 output pair_and_spare_FIR/replication_of_fir[4].replication/first_module/other_sections[3].fir_section/reg_s1__0/P[47:0] is not pipelined (PREG=0). Pipelining the DSP48 output will improve performance and often saves power so it is suggested whenever possible to fully pipeline this function.  If this DSP48 function was inferred, it is suggested to describe an additional register stage after this function.  If the DSP48 was instantiated in the design, it is suggested to set the PREG attribute to 1.
Related violations: <none>

DPOP-1#105 Warning
PREG Output pipelining  
DSP pair_and_spare_FIR/replication_of_fir[4].replication/first_module/other_sections[4].fir_section/reg_s1 output pair_and_spare_FIR/replication_of_fir[4].replication/first_module/other_sections[4].fir_section/reg_s1/P[47:0] is not pipelined (PREG=0). Pipelining the DSP48 output will improve performance and often saves power so it is suggested whenever possible to fully pipeline this function.  If this DSP48 function was inferred, it is suggested to describe an additional register stage after this function.  If the DSP48 was instantiated in the design, it is suggested to set the PREG attribute to 1.
Related violations: <none>

DPOP-1#106 Warning
PREG Output pipelining  
DSP pair_and_spare_FIR/replication_of_fir[4].replication/first_module/other_sections[4].fir_section/reg_s1__0 output pair_and_spare_FIR/replication_of_fir[4].replication/first_module/other_sections[4].fir_section/reg_s1__0/P[47:0] is not pipelined (PREG=0). Pipelining the DSP48 output will improve performance and often saves power so it is suggested whenever possible to fully pipeline this function.  If this DSP48 function was inferred, it is suggested to describe an additional register stage after this function.  If the DSP48 was instantiated in the design, it is suggested to set the PREG attribute to 1.
Related violations: <none>

DPOP-1#107 Warning
PREG Output pipelining  
DSP pair_and_spare_FIR/replication_of_fir[4].replication/first_module/other_sections[5].fir_section/reg_s1 output pair_and_spare_FIR/replication_of_fir[4].replication/first_module/other_sections[5].fir_section/reg_s1/P[47:0] is not pipelined (PREG=0). Pipelining the DSP48 output will improve performance and often saves power so it is suggested whenever possible to fully pipeline this function.  If this DSP48 function was inferred, it is suggested to describe an additional register stage after this function.  If the DSP48 was instantiated in the design, it is suggested to set the PREG attribute to 1.
Related violations: <none>

DPOP-1#108 Warning
PREG Output pipelining  
DSP pair_and_spare_FIR/replication_of_fir[4].replication/first_module/other_sections[5].fir_section/reg_s1__0 output pair_and_spare_FIR/replication_of_fir[4].replication/first_module/other_sections[5].fir_section/reg_s1__0/P[47:0] is not pipelined (PREG=0). Pipelining the DSP48 output will improve performance and often saves power so it is suggested whenever possible to fully pipeline this function.  If this DSP48 function was inferred, it is suggested to describe an additional register stage after this function.  If the DSP48 was instantiated in the design, it is suggested to set the PREG attribute to 1.
Related violations: <none>

DPOP-1#109 Warning
PREG Output pipelining  
DSP pair_and_spare_FIR/replication_of_fir[4].replication/second_module/first_section/reg_s1 output pair_and_spare_FIR/replication_of_fir[4].replication/second_module/first_section/reg_s1/P[47:0] is not pipelined (PREG=0). Pipelining the DSP48 output will improve performance and often saves power so it is suggested whenever possible to fully pipeline this function.  If this DSP48 function was inferred, it is suggested to describe an additional register stage after this function.  If the DSP48 was instantiated in the design, it is suggested to set the PREG attribute to 1.
Related violations: <none>

DPOP-1#110 Warning
PREG Output pipelining  
DSP pair_and_spare_FIR/replication_of_fir[4].replication/second_module/first_section/reg_s1__0 output pair_and_spare_FIR/replication_of_fir[4].replication/second_module/first_section/reg_s1__0/P[47:0] is not pipelined (PREG=0). Pipelining the DSP48 output will improve performance and often saves power so it is suggested whenever possible to fully pipeline this function.  If this DSP48 function was inferred, it is suggested to describe an additional register stage after this function.  If the DSP48 was instantiated in the design, it is suggested to set the PREG attribute to 1.
Related violations: <none>

DPOP-1#111 Warning
PREG Output pipelining  
DSP pair_and_spare_FIR/replication_of_fir[4].replication/second_module/other_sections[1].fir_section/reg_s1 output pair_and_spare_FIR/replication_of_fir[4].replication/second_module/other_sections[1].fir_section/reg_s1/P[47:0] is not pipelined (PREG=0). Pipelining the DSP48 output will improve performance and often saves power so it is suggested whenever possible to fully pipeline this function.  If this DSP48 function was inferred, it is suggested to describe an additional register stage after this function.  If the DSP48 was instantiated in the design, it is suggested to set the PREG attribute to 1.
Related violations: <none>

DPOP-1#112 Warning
PREG Output pipelining  
DSP pair_and_spare_FIR/replication_of_fir[4].replication/second_module/other_sections[1].fir_section/reg_s1__0 output pair_and_spare_FIR/replication_of_fir[4].replication/second_module/other_sections[1].fir_section/reg_s1__0/P[47:0] is not pipelined (PREG=0). Pipelining the DSP48 output will improve performance and often saves power so it is suggested whenever possible to fully pipeline this function.  If this DSP48 function was inferred, it is suggested to describe an additional register stage after this function.  If the DSP48 was instantiated in the design, it is suggested to set the PREG attribute to 1.
Related violations: <none>

DPOP-1#113 Warning
PREG Output pipelining  
DSP pair_and_spare_FIR/replication_of_fir[4].replication/second_module/other_sections[2].fir_section/reg_s1 output pair_and_spare_FIR/replication_of_fir[4].replication/second_module/other_sections[2].fir_section/reg_s1/P[47:0] is not pipelined (PREG=0). Pipelining the DSP48 output will improve performance and often saves power so it is suggested whenever possible to fully pipeline this function.  If this DSP48 function was inferred, it is suggested to describe an additional register stage after this function.  If the DSP48 was instantiated in the design, it is suggested to set the PREG attribute to 1.
Related violations: <none>

DPOP-1#114 Warning
PREG Output pipelining  
DSP pair_and_spare_FIR/replication_of_fir[4].replication/second_module/other_sections[2].fir_section/reg_s1__0 output pair_and_spare_FIR/replication_of_fir[4].replication/second_module/other_sections[2].fir_section/reg_s1__0/P[47:0] is not pipelined (PREG=0). Pipelining the DSP48 output will improve performance and often saves power so it is suggested whenever possible to fully pipeline this function.  If this DSP48 function was inferred, it is suggested to describe an additional register stage after this function.  If the DSP48 was instantiated in the design, it is suggested to set the PREG attribute to 1.
Related violations: <none>

DPOP-1#115 Warning
PREG Output pipelining  
DSP pair_and_spare_FIR/replication_of_fir[4].replication/second_module/other_sections[3].fir_section/reg_s1 output pair_and_spare_FIR/replication_of_fir[4].replication/second_module/other_sections[3].fir_section/reg_s1/P[47:0] is not pipelined (PREG=0). Pipelining the DSP48 output will improve performance and often saves power so it is suggested whenever possible to fully pipeline this function.  If this DSP48 function was inferred, it is suggested to describe an additional register stage after this function.  If the DSP48 was instantiated in the design, it is suggested to set the PREG attribute to 1.
Related violations: <none>

DPOP-1#116 Warning
PREG Output pipelining  
DSP pair_and_spare_FIR/replication_of_fir[4].replication/second_module/other_sections[3].fir_section/reg_s1__0 output pair_and_spare_FIR/replication_of_fir[4].replication/second_module/other_sections[3].fir_section/reg_s1__0/P[47:0] is not pipelined (PREG=0). Pipelining the DSP48 output will improve performance and often saves power so it is suggested whenever possible to fully pipeline this function.  If this DSP48 function was inferred, it is suggested to describe an additional register stage after this function.  If the DSP48 was instantiated in the design, it is suggested to set the PREG attribute to 1.
Related violations: <none>

DPOP-1#117 Warning
PREG Output pipelining  
DSP pair_and_spare_FIR/replication_of_fir[4].replication/second_module/other_sections[4].fir_section/reg_s1 output pair_and_spare_FIR/replication_of_fir[4].replication/second_module/other_sections[4].fir_section/reg_s1/P[47:0] is not pipelined (PREG=0). Pipelining the DSP48 output will improve performance and often saves power so it is suggested whenever possible to fully pipeline this function.  If this DSP48 function was inferred, it is suggested to describe an additional register stage after this function.  If the DSP48 was instantiated in the design, it is suggested to set the PREG attribute to 1.
Related violations: <none>

DPOP-1#118 Warning
PREG Output pipelining  
DSP pair_and_spare_FIR/replication_of_fir[4].replication/second_module/other_sections[4].fir_section/reg_s1__0 output pair_and_spare_FIR/replication_of_fir[4].replication/second_module/other_sections[4].fir_section/reg_s1__0/P[47:0] is not pipelined (PREG=0). Pipelining the DSP48 output will improve performance and often saves power so it is suggested whenever possible to fully pipeline this function.  If this DSP48 function was inferred, it is suggested to describe an additional register stage after this function.  If the DSP48 was instantiated in the design, it is suggested to set the PREG attribute to 1.
Related violations: <none>

DPOP-1#119 Warning
PREG Output pipelining  
DSP pair_and_spare_FIR/replication_of_fir[4].replication/second_module/other_sections[5].fir_section/reg_s1 output pair_and_spare_FIR/replication_of_fir[4].replication/second_module/other_sections[5].fir_section/reg_s1/P[47:0] is not pipelined (PREG=0). Pipelining the DSP48 output will improve performance and often saves power so it is suggested whenever possible to fully pipeline this function.  If this DSP48 function was inferred, it is suggested to describe an additional register stage after this function.  If the DSP48 was instantiated in the design, it is suggested to set the PREG attribute to 1.
Related violations: <none>

DPOP-1#120 Warning
PREG Output pipelining  
DSP pair_and_spare_FIR/replication_of_fir[4].replication/second_module/other_sections[5].fir_section/reg_s1__0 output pair_and_spare_FIR/replication_of_fir[4].replication/second_module/other_sections[5].fir_section/reg_s1__0/P[47:0] is not pipelined (PREG=0). Pipelining the DSP48 output will improve performance and often saves power so it is suggested whenever possible to fully pipeline this function.  If this DSP48 function was inferred, it is suggested to describe an additional register stage after this function.  If the DSP48 was instantiated in the design, it is suggested to set the PREG attribute to 1.
Related violations: <none>

DPOP-1#121 Warning
PREG Output pipelining  
DSP pair_and_spare_FIR/replication_of_fir[5].replication/first_module/first_section/reg_s1 output pair_and_spare_FIR/replication_of_fir[5].replication/first_module/first_section/reg_s1/P[47:0] is not pipelined (PREG=0). Pipelining the DSP48 output will improve performance and often saves power so it is suggested whenever possible to fully pipeline this function.  If this DSP48 function was inferred, it is suggested to describe an additional register stage after this function.  If the DSP48 was instantiated in the design, it is suggested to set the PREG attribute to 1.
Related violations: <none>

DPOP-1#122 Warning
PREG Output pipelining  
DSP pair_and_spare_FIR/replication_of_fir[5].replication/first_module/first_section/reg_s1__0 output pair_and_spare_FIR/replication_of_fir[5].replication/first_module/first_section/reg_s1__0/P[47:0] is not pipelined (PREG=0). Pipelining the DSP48 output will improve performance and often saves power so it is suggested whenever possible to fully pipeline this function.  If this DSP48 function was inferred, it is suggested to describe an additional register stage after this function.  If the DSP48 was instantiated in the design, it is suggested to set the PREG attribute to 1.
Related violations: <none>

DPOP-1#123 Warning
PREG Output pipelining  
DSP pair_and_spare_FIR/replication_of_fir[5].replication/first_module/other_sections[1].fir_section/reg_s1 output pair_and_spare_FIR/replication_of_fir[5].replication/first_module/other_sections[1].fir_section/reg_s1/P[47:0] is not pipelined (PREG=0). Pipelining the DSP48 output will improve performance and often saves power so it is suggested whenever possible to fully pipeline this function.  If this DSP48 function was inferred, it is suggested to describe an additional register stage after this function.  If the DSP48 was instantiated in the design, it is suggested to set the PREG attribute to 1.
Related violations: <none>

DPOP-1#124 Warning
PREG Output pipelining  
DSP pair_and_spare_FIR/replication_of_fir[5].replication/first_module/other_sections[1].fir_section/reg_s1__0 output pair_and_spare_FIR/replication_of_fir[5].replication/first_module/other_sections[1].fir_section/reg_s1__0/P[47:0] is not pipelined (PREG=0). Pipelining the DSP48 output will improve performance and often saves power so it is suggested whenever possible to fully pipeline this function.  If this DSP48 function was inferred, it is suggested to describe an additional register stage after this function.  If the DSP48 was instantiated in the design, it is suggested to set the PREG attribute to 1.
Related violations: <none>

DPOP-1#125 Warning
PREG Output pipelining  
DSP pair_and_spare_FIR/replication_of_fir[5].replication/first_module/other_sections[2].fir_section/reg_s1 output pair_and_spare_FIR/replication_of_fir[5].replication/first_module/other_sections[2].fir_section/reg_s1/P[47:0] is not pipelined (PREG=0). Pipelining the DSP48 output will improve performance and often saves power so it is suggested whenever possible to fully pipeline this function.  If this DSP48 function was inferred, it is suggested to describe an additional register stage after this function.  If the DSP48 was instantiated in the design, it is suggested to set the PREG attribute to 1.
Related violations: <none>

DPOP-1#126 Warning
PREG Output pipelining  
DSP pair_and_spare_FIR/replication_of_fir[5].replication/first_module/other_sections[2].fir_section/reg_s1__0 output pair_and_spare_FIR/replication_of_fir[5].replication/first_module/other_sections[2].fir_section/reg_s1__0/P[47:0] is not pipelined (PREG=0). Pipelining the DSP48 output will improve performance and often saves power so it is suggested whenever possible to fully pipeline this function.  If this DSP48 function was inferred, it is suggested to describe an additional register stage after this function.  If the DSP48 was instantiated in the design, it is suggested to set the PREG attribute to 1.
Related violations: <none>

DPOP-1#127 Warning
PREG Output pipelining  
DSP pair_and_spare_FIR/replication_of_fir[5].replication/first_module/other_sections[3].fir_section/reg_s1 output pair_and_spare_FIR/replication_of_fir[5].replication/first_module/other_sections[3].fir_section/reg_s1/P[47:0] is not pipelined (PREG=0). Pipelining the DSP48 output will improve performance and often saves power so it is suggested whenever possible to fully pipeline this function.  If this DSP48 function was inferred, it is suggested to describe an additional register stage after this function.  If the DSP48 was instantiated in the design, it is suggested to set the PREG attribute to 1.
Related violations: <none>

DPOP-1#128 Warning
PREG Output pipelining  
DSP pair_and_spare_FIR/replication_of_fir[5].replication/first_module/other_sections[3].fir_section/reg_s1__0 output pair_and_spare_FIR/replication_of_fir[5].replication/first_module/other_sections[3].fir_section/reg_s1__0/P[47:0] is not pipelined (PREG=0). Pipelining the DSP48 output will improve performance and often saves power so it is suggested whenever possible to fully pipeline this function.  If this DSP48 function was inferred, it is suggested to describe an additional register stage after this function.  If the DSP48 was instantiated in the design, it is suggested to set the PREG attribute to 1.
Related violations: <none>

DPOP-1#129 Warning
PREG Output pipelining  
DSP pair_and_spare_FIR/replication_of_fir[5].replication/first_module/other_sections[4].fir_section/reg_s1 output pair_and_spare_FIR/replication_of_fir[5].replication/first_module/other_sections[4].fir_section/reg_s1/P[47:0] is not pipelined (PREG=0). Pipelining the DSP48 output will improve performance and often saves power so it is suggested whenever possible to fully pipeline this function.  If this DSP48 function was inferred, it is suggested to describe an additional register stage after this function.  If the DSP48 was instantiated in the design, it is suggested to set the PREG attribute to 1.
Related violations: <none>

DPOP-1#130 Warning
PREG Output pipelining  
DSP pair_and_spare_FIR/replication_of_fir[5].replication/first_module/other_sections[4].fir_section/reg_s1__0 output pair_and_spare_FIR/replication_of_fir[5].replication/first_module/other_sections[4].fir_section/reg_s1__0/P[47:0] is not pipelined (PREG=0). Pipelining the DSP48 output will improve performance and often saves power so it is suggested whenever possible to fully pipeline this function.  If this DSP48 function was inferred, it is suggested to describe an additional register stage after this function.  If the DSP48 was instantiated in the design, it is suggested to set the PREG attribute to 1.
Related violations: <none>

DPOP-1#131 Warning
PREG Output pipelining  
DSP pair_and_spare_FIR/replication_of_fir[5].replication/first_module/other_sections[5].fir_section/reg_s1 output pair_and_spare_FIR/replication_of_fir[5].replication/first_module/other_sections[5].fir_section/reg_s1/P[47:0] is not pipelined (PREG=0). Pipelining the DSP48 output will improve performance and often saves power so it is suggested whenever possible to fully pipeline this function.  If this DSP48 function was inferred, it is suggested to describe an additional register stage after this function.  If the DSP48 was instantiated in the design, it is suggested to set the PREG attribute to 1.
Related violations: <none>

DPOP-1#132 Warning
PREG Output pipelining  
DSP pair_and_spare_FIR/replication_of_fir[5].replication/first_module/other_sections[5].fir_section/reg_s1__0 output pair_and_spare_FIR/replication_of_fir[5].replication/first_module/other_sections[5].fir_section/reg_s1__0/P[47:0] is not pipelined (PREG=0). Pipelining the DSP48 output will improve performance and often saves power so it is suggested whenever possible to fully pipeline this function.  If this DSP48 function was inferred, it is suggested to describe an additional register stage after this function.  If the DSP48 was instantiated in the design, it is suggested to set the PREG attribute to 1.
Related violations: <none>

DPOP-1#133 Warning
PREG Output pipelining  
DSP pair_and_spare_FIR/replication_of_fir[5].replication/second_module/first_section/reg_s1 output pair_and_spare_FIR/replication_of_fir[5].replication/second_module/first_section/reg_s1/P[47:0] is not pipelined (PREG=0). Pipelining the DSP48 output will improve performance and often saves power so it is suggested whenever possible to fully pipeline this function.  If this DSP48 function was inferred, it is suggested to describe an additional register stage after this function.  If the DSP48 was instantiated in the design, it is suggested to set the PREG attribute to 1.
Related violations: <none>

DPOP-1#134 Warning
PREG Output pipelining  
DSP pair_and_spare_FIR/replication_of_fir[5].replication/second_module/first_section/reg_s1__0 output pair_and_spare_FIR/replication_of_fir[5].replication/second_module/first_section/reg_s1__0/P[47:0] is not pipelined (PREG=0). Pipelining the DSP48 output will improve performance and often saves power so it is suggested whenever possible to fully pipeline this function.  If this DSP48 function was inferred, it is suggested to describe an additional register stage after this function.  If the DSP48 was instantiated in the design, it is suggested to set the PREG attribute to 1.
Related violations: <none>

DPOP-1#135 Warning
PREG Output pipelining  
DSP pair_and_spare_FIR/replication_of_fir[5].replication/second_module/other_sections[1].fir_section/reg_s1 output pair_and_spare_FIR/replication_of_fir[5].replication/second_module/other_sections[1].fir_section/reg_s1/P[47:0] is not pipelined (PREG=0). Pipelining the DSP48 output will improve performance and often saves power so it is suggested whenever possible to fully pipeline this function.  If this DSP48 function was inferred, it is suggested to describe an additional register stage after this function.  If the DSP48 was instantiated in the design, it is suggested to set the PREG attribute to 1.
Related violations: <none>

DPOP-1#136 Warning
PREG Output pipelining  
DSP pair_and_spare_FIR/replication_of_fir[5].replication/second_module/other_sections[1].fir_section/reg_s1__0 output pair_and_spare_FIR/replication_of_fir[5].replication/second_module/other_sections[1].fir_section/reg_s1__0/P[47:0] is not pipelined (PREG=0). Pipelining the DSP48 output will improve performance and often saves power so it is suggested whenever possible to fully pipeline this function.  If this DSP48 function was inferred, it is suggested to describe an additional register stage after this function.  If the DSP48 was instantiated in the design, it is suggested to set the PREG attribute to 1.
Related violations: <none>

DPOP-1#137 Warning
PREG Output pipelining  
DSP pair_and_spare_FIR/replication_of_fir[5].replication/second_module/other_sections[2].fir_section/reg_s1 output pair_and_spare_FIR/replication_of_fir[5].replication/second_module/other_sections[2].fir_section/reg_s1/P[47:0] is not pipelined (PREG=0). Pipelining the DSP48 output will improve performance and often saves power so it is suggested whenever possible to fully pipeline this function.  If this DSP48 function was inferred, it is suggested to describe an additional register stage after this function.  If the DSP48 was instantiated in the design, it is suggested to set the PREG attribute to 1.
Related violations: <none>

DPOP-1#138 Warning
PREG Output pipelining  
DSP pair_and_spare_FIR/replication_of_fir[5].replication/second_module/other_sections[2].fir_section/reg_s1__0 output pair_and_spare_FIR/replication_of_fir[5].replication/second_module/other_sections[2].fir_section/reg_s1__0/P[47:0] is not pipelined (PREG=0). Pipelining the DSP48 output will improve performance and often saves power so it is suggested whenever possible to fully pipeline this function.  If this DSP48 function was inferred, it is suggested to describe an additional register stage after this function.  If the DSP48 was instantiated in the design, it is suggested to set the PREG attribute to 1.
Related violations: <none>

DPOP-1#139 Warning
PREG Output pipelining  
DSP pair_and_spare_FIR/replication_of_fir[5].replication/second_module/other_sections[3].fir_section/reg_s1 output pair_and_spare_FIR/replication_of_fir[5].replication/second_module/other_sections[3].fir_section/reg_s1/P[47:0] is not pipelined (PREG=0). Pipelining the DSP48 output will improve performance and often saves power so it is suggested whenever possible to fully pipeline this function.  If this DSP48 function was inferred, it is suggested to describe an additional register stage after this function.  If the DSP48 was instantiated in the design, it is suggested to set the PREG attribute to 1.
Related violations: <none>

DPOP-1#140 Warning
PREG Output pipelining  
DSP pair_and_spare_FIR/replication_of_fir[5].replication/second_module/other_sections[3].fir_section/reg_s1__0 output pair_and_spare_FIR/replication_of_fir[5].replication/second_module/other_sections[3].fir_section/reg_s1__0/P[47:0] is not pipelined (PREG=0). Pipelining the DSP48 output will improve performance and often saves power so it is suggested whenever possible to fully pipeline this function.  If this DSP48 function was inferred, it is suggested to describe an additional register stage after this function.  If the DSP48 was instantiated in the design, it is suggested to set the PREG attribute to 1.
Related violations: <none>

DPOP-1#141 Warning
PREG Output pipelining  
DSP pair_and_spare_FIR/replication_of_fir[5].replication/second_module/other_sections[4].fir_section/reg_s1 output pair_and_spare_FIR/replication_of_fir[5].replication/second_module/other_sections[4].fir_section/reg_s1/P[47:0] is not pipelined (PREG=0). Pipelining the DSP48 output will improve performance and often saves power so it is suggested whenever possible to fully pipeline this function.  If this DSP48 function was inferred, it is suggested to describe an additional register stage after this function.  If the DSP48 was instantiated in the design, it is suggested to set the PREG attribute to 1.
Related violations: <none>

DPOP-1#142 Warning
PREG Output pipelining  
DSP pair_and_spare_FIR/replication_of_fir[5].replication/second_module/other_sections[4].fir_section/reg_s1__0 output pair_and_spare_FIR/replication_of_fir[5].replication/second_module/other_sections[4].fir_section/reg_s1__0/P[47:0] is not pipelined (PREG=0). Pipelining the DSP48 output will improve performance and often saves power so it is suggested whenever possible to fully pipeline this function.  If this DSP48 function was inferred, it is suggested to describe an additional register stage after this function.  If the DSP48 was instantiated in the design, it is suggested to set the PREG attribute to 1.
Related violations: <none>

DPOP-1#143 Warning
PREG Output pipelining  
DSP pair_and_spare_FIR/replication_of_fir[5].replication/second_module/other_sections[5].fir_section/reg_s1 output pair_and_spare_FIR/replication_of_fir[5].replication/second_module/other_sections[5].fir_section/reg_s1/P[47:0] is not pipelined (PREG=0). Pipelining the DSP48 output will improve performance and often saves power so it is suggested whenever possible to fully pipeline this function.  If this DSP48 function was inferred, it is suggested to describe an additional register stage after this function.  If the DSP48 was instantiated in the design, it is suggested to set the PREG attribute to 1.
Related violations: <none>

DPOP-1#144 Warning
PREG Output pipelining  
DSP pair_and_spare_FIR/replication_of_fir[5].replication/second_module/other_sections[5].fir_section/reg_s1__0 output pair_and_spare_FIR/replication_of_fir[5].replication/second_module/other_sections[5].fir_section/reg_s1__0/P[47:0] is not pipelined (PREG=0). Pipelining the DSP48 output will improve performance and often saves power so it is suggested whenever possible to fully pipeline this function.  If this DSP48 function was inferred, it is suggested to describe an additional register stage after this function.  If the DSP48 was instantiated in the design, it is suggested to set the PREG attribute to 1.
Related violations: <none>

DPOP-1#145 Warning
PREG Output pipelining  
DSP pair_and_spare_FIR/replication_of_fir[6].replication/first_module/first_section/reg_s1 output pair_and_spare_FIR/replication_of_fir[6].replication/first_module/first_section/reg_s1/P[47:0] is not pipelined (PREG=0). Pipelining the DSP48 output will improve performance and often saves power so it is suggested whenever possible to fully pipeline this function.  If this DSP48 function was inferred, it is suggested to describe an additional register stage after this function.  If the DSP48 was instantiated in the design, it is suggested to set the PREG attribute to 1.
Related violations: <none>

DPOP-1#146 Warning
PREG Output pipelining  
DSP pair_and_spare_FIR/replication_of_fir[6].replication/first_module/first_section/reg_s1__0 output pair_and_spare_FIR/replication_of_fir[6].replication/first_module/first_section/reg_s1__0/P[47:0] is not pipelined (PREG=0). Pipelining the DSP48 output will improve performance and often saves power so it is suggested whenever possible to fully pipeline this function.  If this DSP48 function was inferred, it is suggested to describe an additional register stage after this function.  If the DSP48 was instantiated in the design, it is suggested to set the PREG attribute to 1.
Related violations: <none>

DPOP-1#147 Warning
PREG Output pipelining  
DSP pair_and_spare_FIR/replication_of_fir[6].replication/first_module/other_sections[1].fir_section/reg_s1 output pair_and_spare_FIR/replication_of_fir[6].replication/first_module/other_sections[1].fir_section/reg_s1/P[47:0] is not pipelined (PREG=0). Pipelining the DSP48 output will improve performance and often saves power so it is suggested whenever possible to fully pipeline this function.  If this DSP48 function was inferred, it is suggested to describe an additional register stage after this function.  If the DSP48 was instantiated in the design, it is suggested to set the PREG attribute to 1.
Related violations: <none>

DPOP-1#148 Warning
PREG Output pipelining  
DSP pair_and_spare_FIR/replication_of_fir[6].replication/first_module/other_sections[1].fir_section/reg_s1__0 output pair_and_spare_FIR/replication_of_fir[6].replication/first_module/other_sections[1].fir_section/reg_s1__0/P[47:0] is not pipelined (PREG=0). Pipelining the DSP48 output will improve performance and often saves power so it is suggested whenever possible to fully pipeline this function.  If this DSP48 function was inferred, it is suggested to describe an additional register stage after this function.  If the DSP48 was instantiated in the design, it is suggested to set the PREG attribute to 1.
Related violations: <none>

DPOP-1#149 Warning
PREG Output pipelining  
DSP pair_and_spare_FIR/replication_of_fir[6].replication/first_module/other_sections[2].fir_section/reg_s1 output pair_and_spare_FIR/replication_of_fir[6].replication/first_module/other_sections[2].fir_section/reg_s1/P[47:0] is not pipelined (PREG=0). Pipelining the DSP48 output will improve performance and often saves power so it is suggested whenever possible to fully pipeline this function.  If this DSP48 function was inferred, it is suggested to describe an additional register stage after this function.  If the DSP48 was instantiated in the design, it is suggested to set the PREG attribute to 1.
Related violations: <none>

DPOP-1#150 Warning
PREG Output pipelining  
DSP pair_and_spare_FIR/replication_of_fir[6].replication/first_module/other_sections[2].fir_section/reg_s1__0 output pair_and_spare_FIR/replication_of_fir[6].replication/first_module/other_sections[2].fir_section/reg_s1__0/P[47:0] is not pipelined (PREG=0). Pipelining the DSP48 output will improve performance and often saves power so it is suggested whenever possible to fully pipeline this function.  If this DSP48 function was inferred, it is suggested to describe an additional register stage after this function.  If the DSP48 was instantiated in the design, it is suggested to set the PREG attribute to 1.
Related violations: <none>

DPOP-1#151 Warning
PREG Output pipelining  
DSP pair_and_spare_FIR/replication_of_fir[6].replication/first_module/other_sections[3].fir_section/reg_s1 output pair_and_spare_FIR/replication_of_fir[6].replication/first_module/other_sections[3].fir_section/reg_s1/P[47:0] is not pipelined (PREG=0). Pipelining the DSP48 output will improve performance and often saves power so it is suggested whenever possible to fully pipeline this function.  If this DSP48 function was inferred, it is suggested to describe an additional register stage after this function.  If the DSP48 was instantiated in the design, it is suggested to set the PREG attribute to 1.
Related violations: <none>

DPOP-1#152 Warning
PREG Output pipelining  
DSP pair_and_spare_FIR/replication_of_fir[6].replication/first_module/other_sections[3].fir_section/reg_s1__0 output pair_and_spare_FIR/replication_of_fir[6].replication/first_module/other_sections[3].fir_section/reg_s1__0/P[47:0] is not pipelined (PREG=0). Pipelining the DSP48 output will improve performance and often saves power so it is suggested whenever possible to fully pipeline this function.  If this DSP48 function was inferred, it is suggested to describe an additional register stage after this function.  If the DSP48 was instantiated in the design, it is suggested to set the PREG attribute to 1.
Related violations: <none>

DPOP-1#153 Warning
PREG Output pipelining  
DSP pair_and_spare_FIR/replication_of_fir[6].replication/first_module/other_sections[4].fir_section/reg_s1 output pair_and_spare_FIR/replication_of_fir[6].replication/first_module/other_sections[4].fir_section/reg_s1/P[47:0] is not pipelined (PREG=0). Pipelining the DSP48 output will improve performance and often saves power so it is suggested whenever possible to fully pipeline this function.  If this DSP48 function was inferred, it is suggested to describe an additional register stage after this function.  If the DSP48 was instantiated in the design, it is suggested to set the PREG attribute to 1.
Related violations: <none>

DPOP-1#154 Warning
PREG Output pipelining  
DSP pair_and_spare_FIR/replication_of_fir[6].replication/first_module/other_sections[4].fir_section/reg_s1__0 output pair_and_spare_FIR/replication_of_fir[6].replication/first_module/other_sections[4].fir_section/reg_s1__0/P[47:0] is not pipelined (PREG=0). Pipelining the DSP48 output will improve performance and often saves power so it is suggested whenever possible to fully pipeline this function.  If this DSP48 function was inferred, it is suggested to describe an additional register stage after this function.  If the DSP48 was instantiated in the design, it is suggested to set the PREG attribute to 1.
Related violations: <none>

DPOP-1#155 Warning
PREG Output pipelining  
DSP pair_and_spare_FIR/replication_of_fir[6].replication/first_module/other_sections[5].fir_section/reg_s1 output pair_and_spare_FIR/replication_of_fir[6].replication/first_module/other_sections[5].fir_section/reg_s1/P[47:0] is not pipelined (PREG=0). Pipelining the DSP48 output will improve performance and often saves power so it is suggested whenever possible to fully pipeline this function.  If this DSP48 function was inferred, it is suggested to describe an additional register stage after this function.  If the DSP48 was instantiated in the design, it is suggested to set the PREG attribute to 1.
Related violations: <none>

DPOP-1#156 Warning
PREG Output pipelining  
DSP pair_and_spare_FIR/replication_of_fir[6].replication/first_module/other_sections[5].fir_section/reg_s1__0 output pair_and_spare_FIR/replication_of_fir[6].replication/first_module/other_sections[5].fir_section/reg_s1__0/P[47:0] is not pipelined (PREG=0). Pipelining the DSP48 output will improve performance and often saves power so it is suggested whenever possible to fully pipeline this function.  If this DSP48 function was inferred, it is suggested to describe an additional register stage after this function.  If the DSP48 was instantiated in the design, it is suggested to set the PREG attribute to 1.
Related violations: <none>

DPOP-1#157 Warning
PREG Output pipelining  
DSP pair_and_spare_FIR/replication_of_fir[6].replication/second_module/first_section/reg_s1 output pair_and_spare_FIR/replication_of_fir[6].replication/second_module/first_section/reg_s1/P[47:0] is not pipelined (PREG=0). Pipelining the DSP48 output will improve performance and often saves power so it is suggested whenever possible to fully pipeline this function.  If this DSP48 function was inferred, it is suggested to describe an additional register stage after this function.  If the DSP48 was instantiated in the design, it is suggested to set the PREG attribute to 1.
Related violations: <none>

DPOP-1#158 Warning
PREG Output pipelining  
DSP pair_and_spare_FIR/replication_of_fir[6].replication/second_module/first_section/reg_s1__0 output pair_and_spare_FIR/replication_of_fir[6].replication/second_module/first_section/reg_s1__0/P[47:0] is not pipelined (PREG=0). Pipelining the DSP48 output will improve performance and often saves power so it is suggested whenever possible to fully pipeline this function.  If this DSP48 function was inferred, it is suggested to describe an additional register stage after this function.  If the DSP48 was instantiated in the design, it is suggested to set the PREG attribute to 1.
Related violations: <none>

DPOP-1#159 Warning
PREG Output pipelining  
DSP pair_and_spare_FIR/replication_of_fir[6].replication/second_module/other_sections[1].fir_section/reg_s1 output pair_and_spare_FIR/replication_of_fir[6].replication/second_module/other_sections[1].fir_section/reg_s1/P[47:0] is not pipelined (PREG=0). Pipelining the DSP48 output will improve performance and often saves power so it is suggested whenever possible to fully pipeline this function.  If this DSP48 function was inferred, it is suggested to describe an additional register stage after this function.  If the DSP48 was instantiated in the design, it is suggested to set the PREG attribute to 1.
Related violations: <none>

DPOP-1#160 Warning
PREG Output pipelining  
DSP pair_and_spare_FIR/replication_of_fir[6].replication/second_module/other_sections[1].fir_section/reg_s1__0 output pair_and_spare_FIR/replication_of_fir[6].replication/second_module/other_sections[1].fir_section/reg_s1__0/P[47:0] is not pipelined (PREG=0). Pipelining the DSP48 output will improve performance and often saves power so it is suggested whenever possible to fully pipeline this function.  If this DSP48 function was inferred, it is suggested to describe an additional register stage after this function.  If the DSP48 was instantiated in the design, it is suggested to set the PREG attribute to 1.
Related violations: <none>

DPOP-1#161 Warning
PREG Output pipelining  
DSP pair_and_spare_FIR/replication_of_fir[6].replication/second_module/other_sections[2].fir_section/reg_s1 output pair_and_spare_FIR/replication_of_fir[6].replication/second_module/other_sections[2].fir_section/reg_s1/P[47:0] is not pipelined (PREG=0). Pipelining the DSP48 output will improve performance and often saves power so it is suggested whenever possible to fully pipeline this function.  If this DSP48 function was inferred, it is suggested to describe an additional register stage after this function.  If the DSP48 was instantiated in the design, it is suggested to set the PREG attribute to 1.
Related violations: <none>

DPOP-1#162 Warning
PREG Output pipelining  
DSP pair_and_spare_FIR/replication_of_fir[6].replication/second_module/other_sections[2].fir_section/reg_s1__0 output pair_and_spare_FIR/replication_of_fir[6].replication/second_module/other_sections[2].fir_section/reg_s1__0/P[47:0] is not pipelined (PREG=0). Pipelining the DSP48 output will improve performance and often saves power so it is suggested whenever possible to fully pipeline this function.  If this DSP48 function was inferred, it is suggested to describe an additional register stage after this function.  If the DSP48 was instantiated in the design, it is suggested to set the PREG attribute to 1.
Related violations: <none>

DPOP-1#163 Warning
PREG Output pipelining  
DSP pair_and_spare_FIR/replication_of_fir[6].replication/second_module/other_sections[3].fir_section/reg_s1 output pair_and_spare_FIR/replication_of_fir[6].replication/second_module/other_sections[3].fir_section/reg_s1/P[47:0] is not pipelined (PREG=0). Pipelining the DSP48 output will improve performance and often saves power so it is suggested whenever possible to fully pipeline this function.  If this DSP48 function was inferred, it is suggested to describe an additional register stage after this function.  If the DSP48 was instantiated in the design, it is suggested to set the PREG attribute to 1.
Related violations: <none>

DPOP-1#164 Warning
PREG Output pipelining  
DSP pair_and_spare_FIR/replication_of_fir[6].replication/second_module/other_sections[3].fir_section/reg_s1__0 output pair_and_spare_FIR/replication_of_fir[6].replication/second_module/other_sections[3].fir_section/reg_s1__0/P[47:0] is not pipelined (PREG=0). Pipelining the DSP48 output will improve performance and often saves power so it is suggested whenever possible to fully pipeline this function.  If this DSP48 function was inferred, it is suggested to describe an additional register stage after this function.  If the DSP48 was instantiated in the design, it is suggested to set the PREG attribute to 1.
Related violations: <none>

DPOP-1#165 Warning
PREG Output pipelining  
DSP pair_and_spare_FIR/replication_of_fir[6].replication/second_module/other_sections[4].fir_section/reg_s1 output pair_and_spare_FIR/replication_of_fir[6].replication/second_module/other_sections[4].fir_section/reg_s1/P[47:0] is not pipelined (PREG=0). Pipelining the DSP48 output will improve performance and often saves power so it is suggested whenever possible to fully pipeline this function.  If this DSP48 function was inferred, it is suggested to describe an additional register stage after this function.  If the DSP48 was instantiated in the design, it is suggested to set the PREG attribute to 1.
Related violations: <none>

DPOP-1#166 Warning
PREG Output pipelining  
DSP pair_and_spare_FIR/replication_of_fir[6].replication/second_module/other_sections[4].fir_section/reg_s1__0 output pair_and_spare_FIR/replication_of_fir[6].replication/second_module/other_sections[4].fir_section/reg_s1__0/P[47:0] is not pipelined (PREG=0). Pipelining the DSP48 output will improve performance and often saves power so it is suggested whenever possible to fully pipeline this function.  If this DSP48 function was inferred, it is suggested to describe an additional register stage after this function.  If the DSP48 was instantiated in the design, it is suggested to set the PREG attribute to 1.
Related violations: <none>

DPOP-1#167 Warning
PREG Output pipelining  
DSP pair_and_spare_FIR/replication_of_fir[6].replication/second_module/other_sections[5].fir_section/reg_s1 output pair_and_spare_FIR/replication_of_fir[6].replication/second_module/other_sections[5].fir_section/reg_s1/P[47:0] is not pipelined (PREG=0). Pipelining the DSP48 output will improve performance and often saves power so it is suggested whenever possible to fully pipeline this function.  If this DSP48 function was inferred, it is suggested to describe an additional register stage after this function.  If the DSP48 was instantiated in the design, it is suggested to set the PREG attribute to 1.
Related violations: <none>

DPOP-1#168 Warning
PREG Output pipelining  
DSP pair_and_spare_FIR/replication_of_fir[6].replication/second_module/other_sections[5].fir_section/reg_s1__0 output pair_and_spare_FIR/replication_of_fir[6].replication/second_module/other_sections[5].fir_section/reg_s1__0/P[47:0] is not pipelined (PREG=0). Pipelining the DSP48 output will improve performance and often saves power so it is suggested whenever possible to fully pipeline this function.  If this DSP48 function was inferred, it is suggested to describe an additional register stage after this function.  If the DSP48 was instantiated in the design, it is suggested to set the PREG attribute to 1.
Related violations: <none>

DPOP-2#1 Warning
MREG Output pipelining  
DSP pair_and_spare_FIR/replication_of_fir[0].replication/first_module/first_section/reg_s1 multiplier stage pair_and_spare_FIR/replication_of_fir[0].replication/first_module/first_section/reg_s1/P[47:0] is not pipelined (MREG=0). Pipelining the multiplier function will improve performance and will save significant power so it is suggested whenever possible to fully pipeline this function.  If this multiplier was inferred, it is suggested to describe an additional register stage after this function.  If there is no registered adder/accumulator following the multiply function, two pipeline stages are suggested to allow both the MREG and PREG registers to be used.  If the DSP48 was instantiated in the design, it is suggested to set both the MREG and PREG attributes to 1 when performing multiply functions.
Related violations: <none>

DPOP-2#2 Warning
MREG Output pipelining  
DSP pair_and_spare_FIR/replication_of_fir[0].replication/first_module/first_section/reg_s1__0 multiplier stage pair_and_spare_FIR/replication_of_fir[0].replication/first_module/first_section/reg_s1__0/P[47:0] is not pipelined (MREG=0). Pipelining the multiplier function will improve performance and will save significant power so it is suggested whenever possible to fully pipeline this function.  If this multiplier was inferred, it is suggested to describe an additional register stage after this function.  If there is no registered adder/accumulator following the multiply function, two pipeline stages are suggested to allow both the MREG and PREG registers to be used.  If the DSP48 was instantiated in the design, it is suggested to set both the MREG and PREG attributes to 1 when performing multiply functions.
Related violations: <none>

DPOP-2#3 Warning
MREG Output pipelining  
DSP pair_and_spare_FIR/replication_of_fir[0].replication/first_module/other_sections[1].fir_section/reg_s1 multiplier stage pair_and_spare_FIR/replication_of_fir[0].replication/first_module/other_sections[1].fir_section/reg_s1/P[47:0] is not pipelined (MREG=0). Pipelining the multiplier function will improve performance and will save significant power so it is suggested whenever possible to fully pipeline this function.  If this multiplier was inferred, it is suggested to describe an additional register stage after this function.  If there is no registered adder/accumulator following the multiply function, two pipeline stages are suggested to allow both the MREG and PREG registers to be used.  If the DSP48 was instantiated in the design, it is suggested to set both the MREG and PREG attributes to 1 when performing multiply functions.
Related violations: <none>

DPOP-2#4 Warning
MREG Output pipelining  
DSP pair_and_spare_FIR/replication_of_fir[0].replication/first_module/other_sections[1].fir_section/reg_s1__0 multiplier stage pair_and_spare_FIR/replication_of_fir[0].replication/first_module/other_sections[1].fir_section/reg_s1__0/P[47:0] is not pipelined (MREG=0). Pipelining the multiplier function will improve performance and will save significant power so it is suggested whenever possible to fully pipeline this function.  If this multiplier was inferred, it is suggested to describe an additional register stage after this function.  If there is no registered adder/accumulator following the multiply function, two pipeline stages are suggested to allow both the MREG and PREG registers to be used.  If the DSP48 was instantiated in the design, it is suggested to set both the MREG and PREG attributes to 1 when performing multiply functions.
Related violations: <none>

DPOP-2#5 Warning
MREG Output pipelining  
DSP pair_and_spare_FIR/replication_of_fir[0].replication/first_module/other_sections[2].fir_section/reg_s1 multiplier stage pair_and_spare_FIR/replication_of_fir[0].replication/first_module/other_sections[2].fir_section/reg_s1/P[47:0] is not pipelined (MREG=0). Pipelining the multiplier function will improve performance and will save significant power so it is suggested whenever possible to fully pipeline this function.  If this multiplier was inferred, it is suggested to describe an additional register stage after this function.  If there is no registered adder/accumulator following the multiply function, two pipeline stages are suggested to allow both the MREG and PREG registers to be used.  If the DSP48 was instantiated in the design, it is suggested to set both the MREG and PREG attributes to 1 when performing multiply functions.
Related violations: <none>

DPOP-2#6 Warning
MREG Output pipelining  
DSP pair_and_spare_FIR/replication_of_fir[0].replication/first_module/other_sections[2].fir_section/reg_s1__0 multiplier stage pair_and_spare_FIR/replication_of_fir[0].replication/first_module/other_sections[2].fir_section/reg_s1__0/P[47:0] is not pipelined (MREG=0). Pipelining the multiplier function will improve performance and will save significant power so it is suggested whenever possible to fully pipeline this function.  If this multiplier was inferred, it is suggested to describe an additional register stage after this function.  If there is no registered adder/accumulator following the multiply function, two pipeline stages are suggested to allow both the MREG and PREG registers to be used.  If the DSP48 was instantiated in the design, it is suggested to set both the MREG and PREG attributes to 1 when performing multiply functions.
Related violations: <none>

DPOP-2#7 Warning
MREG Output pipelining  
DSP pair_and_spare_FIR/replication_of_fir[0].replication/first_module/other_sections[3].fir_section/reg_s1 multiplier stage pair_and_spare_FIR/replication_of_fir[0].replication/first_module/other_sections[3].fir_section/reg_s1/P[47:0] is not pipelined (MREG=0). Pipelining the multiplier function will improve performance and will save significant power so it is suggested whenever possible to fully pipeline this function.  If this multiplier was inferred, it is suggested to describe an additional register stage after this function.  If there is no registered adder/accumulator following the multiply function, two pipeline stages are suggested to allow both the MREG and PREG registers to be used.  If the DSP48 was instantiated in the design, it is suggested to set both the MREG and PREG attributes to 1 when performing multiply functions.
Related violations: <none>

DPOP-2#8 Warning
MREG Output pipelining  
DSP pair_and_spare_FIR/replication_of_fir[0].replication/first_module/other_sections[3].fir_section/reg_s1__0 multiplier stage pair_and_spare_FIR/replication_of_fir[0].replication/first_module/other_sections[3].fir_section/reg_s1__0/P[47:0] is not pipelined (MREG=0). Pipelining the multiplier function will improve performance and will save significant power so it is suggested whenever possible to fully pipeline this function.  If this multiplier was inferred, it is suggested to describe an additional register stage after this function.  If there is no registered adder/accumulator following the multiply function, two pipeline stages are suggested to allow both the MREG and PREG registers to be used.  If the DSP48 was instantiated in the design, it is suggested to set both the MREG and PREG attributes to 1 when performing multiply functions.
Related violations: <none>

DPOP-2#9 Warning
MREG Output pipelining  
DSP pair_and_spare_FIR/replication_of_fir[0].replication/first_module/other_sections[4].fir_section/reg_s1 multiplier stage pair_and_spare_FIR/replication_of_fir[0].replication/first_module/other_sections[4].fir_section/reg_s1/P[47:0] is not pipelined (MREG=0). Pipelining the multiplier function will improve performance and will save significant power so it is suggested whenever possible to fully pipeline this function.  If this multiplier was inferred, it is suggested to describe an additional register stage after this function.  If there is no registered adder/accumulator following the multiply function, two pipeline stages are suggested to allow both the MREG and PREG registers to be used.  If the DSP48 was instantiated in the design, it is suggested to set both the MREG and PREG attributes to 1 when performing multiply functions.
Related violations: <none>

DPOP-2#10 Warning
MREG Output pipelining  
DSP pair_and_spare_FIR/replication_of_fir[0].replication/first_module/other_sections[4].fir_section/reg_s1__0 multiplier stage pair_and_spare_FIR/replication_of_fir[0].replication/first_module/other_sections[4].fir_section/reg_s1__0/P[47:0] is not pipelined (MREG=0). Pipelining the multiplier function will improve performance and will save significant power so it is suggested whenever possible to fully pipeline this function.  If this multiplier was inferred, it is suggested to describe an additional register stage after this function.  If there is no registered adder/accumulator following the multiply function, two pipeline stages are suggested to allow both the MREG and PREG registers to be used.  If the DSP48 was instantiated in the design, it is suggested to set both the MREG and PREG attributes to 1 when performing multiply functions.
Related violations: <none>

DPOP-2#11 Warning
MREG Output pipelining  
DSP pair_and_spare_FIR/replication_of_fir[0].replication/first_module/other_sections[5].fir_section/reg_s1 multiplier stage pair_and_spare_FIR/replication_of_fir[0].replication/first_module/other_sections[5].fir_section/reg_s1/P[47:0] is not pipelined (MREG=0). Pipelining the multiplier function will improve performance and will save significant power so it is suggested whenever possible to fully pipeline this function.  If this multiplier was inferred, it is suggested to describe an additional register stage after this function.  If there is no registered adder/accumulator following the multiply function, two pipeline stages are suggested to allow both the MREG and PREG registers to be used.  If the DSP48 was instantiated in the design, it is suggested to set both the MREG and PREG attributes to 1 when performing multiply functions.
Related violations: <none>

DPOP-2#12 Warning
MREG Output pipelining  
DSP pair_and_spare_FIR/replication_of_fir[0].replication/first_module/other_sections[5].fir_section/reg_s1__0 multiplier stage pair_and_spare_FIR/replication_of_fir[0].replication/first_module/other_sections[5].fir_section/reg_s1__0/P[47:0] is not pipelined (MREG=0). Pipelining the multiplier function will improve performance and will save significant power so it is suggested whenever possible to fully pipeline this function.  If this multiplier was inferred, it is suggested to describe an additional register stage after this function.  If there is no registered adder/accumulator following the multiply function, two pipeline stages are suggested to allow both the MREG and PREG registers to be used.  If the DSP48 was instantiated in the design, it is suggested to set both the MREG and PREG attributes to 1 when performing multiply functions.
Related violations: <none>

DPOP-2#13 Warning
MREG Output pipelining  
DSP pair_and_spare_FIR/replication_of_fir[0].replication/second_module/first_section/reg_s1 multiplier stage pair_and_spare_FIR/replication_of_fir[0].replication/second_module/first_section/reg_s1/P[47:0] is not pipelined (MREG=0). Pipelining the multiplier function will improve performance and will save significant power so it is suggested whenever possible to fully pipeline this function.  If this multiplier was inferred, it is suggested to describe an additional register stage after this function.  If there is no registered adder/accumulator following the multiply function, two pipeline stages are suggested to allow both the MREG and PREG registers to be used.  If the DSP48 was instantiated in the design, it is suggested to set both the MREG and PREG attributes to 1 when performing multiply functions.
Related violations: <none>

DPOP-2#14 Warning
MREG Output pipelining  
DSP pair_and_spare_FIR/replication_of_fir[0].replication/second_module/first_section/reg_s1__0 multiplier stage pair_and_spare_FIR/replication_of_fir[0].replication/second_module/first_section/reg_s1__0/P[47:0] is not pipelined (MREG=0). Pipelining the multiplier function will improve performance and will save significant power so it is suggested whenever possible to fully pipeline this function.  If this multiplier was inferred, it is suggested to describe an additional register stage after this function.  If there is no registered adder/accumulator following the multiply function, two pipeline stages are suggested to allow both the MREG and PREG registers to be used.  If the DSP48 was instantiated in the design, it is suggested to set both the MREG and PREG attributes to 1 when performing multiply functions.
Related violations: <none>

DPOP-2#15 Warning
MREG Output pipelining  
DSP pair_and_spare_FIR/replication_of_fir[0].replication/second_module/other_sections[1].fir_section/reg_s1 multiplier stage pair_and_spare_FIR/replication_of_fir[0].replication/second_module/other_sections[1].fir_section/reg_s1/P[47:0] is not pipelined (MREG=0). Pipelining the multiplier function will improve performance and will save significant power so it is suggested whenever possible to fully pipeline this function.  If this multiplier was inferred, it is suggested to describe an additional register stage after this function.  If there is no registered adder/accumulator following the multiply function, two pipeline stages are suggested to allow both the MREG and PREG registers to be used.  If the DSP48 was instantiated in the design, it is suggested to set both the MREG and PREG attributes to 1 when performing multiply functions.
Related violations: <none>

DPOP-2#16 Warning
MREG Output pipelining  
DSP pair_and_spare_FIR/replication_of_fir[0].replication/second_module/other_sections[1].fir_section/reg_s1__0 multiplier stage pair_and_spare_FIR/replication_of_fir[0].replication/second_module/other_sections[1].fir_section/reg_s1__0/P[47:0] is not pipelined (MREG=0). Pipelining the multiplier function will improve performance and will save significant power so it is suggested whenever possible to fully pipeline this function.  If this multiplier was inferred, it is suggested to describe an additional register stage after this function.  If there is no registered adder/accumulator following the multiply function, two pipeline stages are suggested to allow both the MREG and PREG registers to be used.  If the DSP48 was instantiated in the design, it is suggested to set both the MREG and PREG attributes to 1 when performing multiply functions.
Related violations: <none>

DPOP-2#17 Warning
MREG Output pipelining  
DSP pair_and_spare_FIR/replication_of_fir[0].replication/second_module/other_sections[2].fir_section/reg_s1 multiplier stage pair_and_spare_FIR/replication_of_fir[0].replication/second_module/other_sections[2].fir_section/reg_s1/P[47:0] is not pipelined (MREG=0). Pipelining the multiplier function will improve performance and will save significant power so it is suggested whenever possible to fully pipeline this function.  If this multiplier was inferred, it is suggested to describe an additional register stage after this function.  If there is no registered adder/accumulator following the multiply function, two pipeline stages are suggested to allow both the MREG and PREG registers to be used.  If the DSP48 was instantiated in the design, it is suggested to set both the MREG and PREG attributes to 1 when performing multiply functions.
Related violations: <none>

DPOP-2#18 Warning
MREG Output pipelining  
DSP pair_and_spare_FIR/replication_of_fir[0].replication/second_module/other_sections[2].fir_section/reg_s1__0 multiplier stage pair_and_spare_FIR/replication_of_fir[0].replication/second_module/other_sections[2].fir_section/reg_s1__0/P[47:0] is not pipelined (MREG=0). Pipelining the multiplier function will improve performance and will save significant power so it is suggested whenever possible to fully pipeline this function.  If this multiplier was inferred, it is suggested to describe an additional register stage after this function.  If there is no registered adder/accumulator following the multiply function, two pipeline stages are suggested to allow both the MREG and PREG registers to be used.  If the DSP48 was instantiated in the design, it is suggested to set both the MREG and PREG attributes to 1 when performing multiply functions.
Related violations: <none>

DPOP-2#19 Warning
MREG Output pipelining  
DSP pair_and_spare_FIR/replication_of_fir[0].replication/second_module/other_sections[3].fir_section/reg_s1 multiplier stage pair_and_spare_FIR/replication_of_fir[0].replication/second_module/other_sections[3].fir_section/reg_s1/P[47:0] is not pipelined (MREG=0). Pipelining the multiplier function will improve performance and will save significant power so it is suggested whenever possible to fully pipeline this function.  If this multiplier was inferred, it is suggested to describe an additional register stage after this function.  If there is no registered adder/accumulator following the multiply function, two pipeline stages are suggested to allow both the MREG and PREG registers to be used.  If the DSP48 was instantiated in the design, it is suggested to set both the MREG and PREG attributes to 1 when performing multiply functions.
Related violations: <none>

DPOP-2#20 Warning
MREG Output pipelining  
DSP pair_and_spare_FIR/replication_of_fir[0].replication/second_module/other_sections[3].fir_section/reg_s1__0 multiplier stage pair_and_spare_FIR/replication_of_fir[0].replication/second_module/other_sections[3].fir_section/reg_s1__0/P[47:0] is not pipelined (MREG=0). Pipelining the multiplier function will improve performance and will save significant power so it is suggested whenever possible to fully pipeline this function.  If this multiplier was inferred, it is suggested to describe an additional register stage after this function.  If there is no registered adder/accumulator following the multiply function, two pipeline stages are suggested to allow both the MREG and PREG registers to be used.  If the DSP48 was instantiated in the design, it is suggested to set both the MREG and PREG attributes to 1 when performing multiply functions.
Related violations: <none>

DPOP-2#21 Warning
MREG Output pipelining  
DSP pair_and_spare_FIR/replication_of_fir[0].replication/second_module/other_sections[4].fir_section/reg_s1 multiplier stage pair_and_spare_FIR/replication_of_fir[0].replication/second_module/other_sections[4].fir_section/reg_s1/P[47:0] is not pipelined (MREG=0). Pipelining the multiplier function will improve performance and will save significant power so it is suggested whenever possible to fully pipeline this function.  If this multiplier was inferred, it is suggested to describe an additional register stage after this function.  If there is no registered adder/accumulator following the multiply function, two pipeline stages are suggested to allow both the MREG and PREG registers to be used.  If the DSP48 was instantiated in the design, it is suggested to set both the MREG and PREG attributes to 1 when performing multiply functions.
Related violations: <none>

DPOP-2#22 Warning
MREG Output pipelining  
DSP pair_and_spare_FIR/replication_of_fir[0].replication/second_module/other_sections[4].fir_section/reg_s1__0 multiplier stage pair_and_spare_FIR/replication_of_fir[0].replication/second_module/other_sections[4].fir_section/reg_s1__0/P[47:0] is not pipelined (MREG=0). Pipelining the multiplier function will improve performance and will save significant power so it is suggested whenever possible to fully pipeline this function.  If this multiplier was inferred, it is suggested to describe an additional register stage after this function.  If there is no registered adder/accumulator following the multiply function, two pipeline stages are suggested to allow both the MREG and PREG registers to be used.  If the DSP48 was instantiated in the design, it is suggested to set both the MREG and PREG attributes to 1 when performing multiply functions.
Related violations: <none>

DPOP-2#23 Warning
MREG Output pipelining  
DSP pair_and_spare_FIR/replication_of_fir[0].replication/second_module/other_sections[5].fir_section/reg_s1 multiplier stage pair_and_spare_FIR/replication_of_fir[0].replication/second_module/other_sections[5].fir_section/reg_s1/P[47:0] is not pipelined (MREG=0). Pipelining the multiplier function will improve performance and will save significant power so it is suggested whenever possible to fully pipeline this function.  If this multiplier was inferred, it is suggested to describe an additional register stage after this function.  If there is no registered adder/accumulator following the multiply function, two pipeline stages are suggested to allow both the MREG and PREG registers to be used.  If the DSP48 was instantiated in the design, it is suggested to set both the MREG and PREG attributes to 1 when performing multiply functions.
Related violations: <none>

DPOP-2#24 Warning
MREG Output pipelining  
DSP pair_and_spare_FIR/replication_of_fir[0].replication/second_module/other_sections[5].fir_section/reg_s1__0 multiplier stage pair_and_spare_FIR/replication_of_fir[0].replication/second_module/other_sections[5].fir_section/reg_s1__0/P[47:0] is not pipelined (MREG=0). Pipelining the multiplier function will improve performance and will save significant power so it is suggested whenever possible to fully pipeline this function.  If this multiplier was inferred, it is suggested to describe an additional register stage after this function.  If there is no registered adder/accumulator following the multiply function, two pipeline stages are suggested to allow both the MREG and PREG registers to be used.  If the DSP48 was instantiated in the design, it is suggested to set both the MREG and PREG attributes to 1 when performing multiply functions.
Related violations: <none>

DPOP-2#25 Warning
MREG Output pipelining  
DSP pair_and_spare_FIR/replication_of_fir[1].replication/first_module/first_section/reg_s1 multiplier stage pair_and_spare_FIR/replication_of_fir[1].replication/first_module/first_section/reg_s1/P[47:0] is not pipelined (MREG=0). Pipelining the multiplier function will improve performance and will save significant power so it is suggested whenever possible to fully pipeline this function.  If this multiplier was inferred, it is suggested to describe an additional register stage after this function.  If there is no registered adder/accumulator following the multiply function, two pipeline stages are suggested to allow both the MREG and PREG registers to be used.  If the DSP48 was instantiated in the design, it is suggested to set both the MREG and PREG attributes to 1 when performing multiply functions.
Related violations: <none>

DPOP-2#26 Warning
MREG Output pipelining  
DSP pair_and_spare_FIR/replication_of_fir[1].replication/first_module/first_section/reg_s1__0 multiplier stage pair_and_spare_FIR/replication_of_fir[1].replication/first_module/first_section/reg_s1__0/P[47:0] is not pipelined (MREG=0). Pipelining the multiplier function will improve performance and will save significant power so it is suggested whenever possible to fully pipeline this function.  If this multiplier was inferred, it is suggested to describe an additional register stage after this function.  If there is no registered adder/accumulator following the multiply function, two pipeline stages are suggested to allow both the MREG and PREG registers to be used.  If the DSP48 was instantiated in the design, it is suggested to set both the MREG and PREG attributes to 1 when performing multiply functions.
Related violations: <none>

DPOP-2#27 Warning
MREG Output pipelining  
DSP pair_and_spare_FIR/replication_of_fir[1].replication/first_module/other_sections[1].fir_section/reg_s1 multiplier stage pair_and_spare_FIR/replication_of_fir[1].replication/first_module/other_sections[1].fir_section/reg_s1/P[47:0] is not pipelined (MREG=0). Pipelining the multiplier function will improve performance and will save significant power so it is suggested whenever possible to fully pipeline this function.  If this multiplier was inferred, it is suggested to describe an additional register stage after this function.  If there is no registered adder/accumulator following the multiply function, two pipeline stages are suggested to allow both the MREG and PREG registers to be used.  If the DSP48 was instantiated in the design, it is suggested to set both the MREG and PREG attributes to 1 when performing multiply functions.
Related violations: <none>

DPOP-2#28 Warning
MREG Output pipelining  
DSP pair_and_spare_FIR/replication_of_fir[1].replication/first_module/other_sections[1].fir_section/reg_s1__0 multiplier stage pair_and_spare_FIR/replication_of_fir[1].replication/first_module/other_sections[1].fir_section/reg_s1__0/P[47:0] is not pipelined (MREG=0). Pipelining the multiplier function will improve performance and will save significant power so it is suggested whenever possible to fully pipeline this function.  If this multiplier was inferred, it is suggested to describe an additional register stage after this function.  If there is no registered adder/accumulator following the multiply function, two pipeline stages are suggested to allow both the MREG and PREG registers to be used.  If the DSP48 was instantiated in the design, it is suggested to set both the MREG and PREG attributes to 1 when performing multiply functions.
Related violations: <none>

DPOP-2#29 Warning
MREG Output pipelining  
DSP pair_and_spare_FIR/replication_of_fir[1].replication/first_module/other_sections[2].fir_section/reg_s1 multiplier stage pair_and_spare_FIR/replication_of_fir[1].replication/first_module/other_sections[2].fir_section/reg_s1/P[47:0] is not pipelined (MREG=0). Pipelining the multiplier function will improve performance and will save significant power so it is suggested whenever possible to fully pipeline this function.  If this multiplier was inferred, it is suggested to describe an additional register stage after this function.  If there is no registered adder/accumulator following the multiply function, two pipeline stages are suggested to allow both the MREG and PREG registers to be used.  If the DSP48 was instantiated in the design, it is suggested to set both the MREG and PREG attributes to 1 when performing multiply functions.
Related violations: <none>

DPOP-2#30 Warning
MREG Output pipelining  
DSP pair_and_spare_FIR/replication_of_fir[1].replication/first_module/other_sections[2].fir_section/reg_s1__0 multiplier stage pair_and_spare_FIR/replication_of_fir[1].replication/first_module/other_sections[2].fir_section/reg_s1__0/P[47:0] is not pipelined (MREG=0). Pipelining the multiplier function will improve performance and will save significant power so it is suggested whenever possible to fully pipeline this function.  If this multiplier was inferred, it is suggested to describe an additional register stage after this function.  If there is no registered adder/accumulator following the multiply function, two pipeline stages are suggested to allow both the MREG and PREG registers to be used.  If the DSP48 was instantiated in the design, it is suggested to set both the MREG and PREG attributes to 1 when performing multiply functions.
Related violations: <none>

DPOP-2#31 Warning
MREG Output pipelining  
DSP pair_and_spare_FIR/replication_of_fir[1].replication/first_module/other_sections[3].fir_section/reg_s1 multiplier stage pair_and_spare_FIR/replication_of_fir[1].replication/first_module/other_sections[3].fir_section/reg_s1/P[47:0] is not pipelined (MREG=0). Pipelining the multiplier function will improve performance and will save significant power so it is suggested whenever possible to fully pipeline this function.  If this multiplier was inferred, it is suggested to describe an additional register stage after this function.  If there is no registered adder/accumulator following the multiply function, two pipeline stages are suggested to allow both the MREG and PREG registers to be used.  If the DSP48 was instantiated in the design, it is suggested to set both the MREG and PREG attributes to 1 when performing multiply functions.
Related violations: <none>

DPOP-2#32 Warning
MREG Output pipelining  
DSP pair_and_spare_FIR/replication_of_fir[1].replication/first_module/other_sections[3].fir_section/reg_s1__0 multiplier stage pair_and_spare_FIR/replication_of_fir[1].replication/first_module/other_sections[3].fir_section/reg_s1__0/P[47:0] is not pipelined (MREG=0). Pipelining the multiplier function will improve performance and will save significant power so it is suggested whenever possible to fully pipeline this function.  If this multiplier was inferred, it is suggested to describe an additional register stage after this function.  If there is no registered adder/accumulator following the multiply function, two pipeline stages are suggested to allow both the MREG and PREG registers to be used.  If the DSP48 was instantiated in the design, it is suggested to set both the MREG and PREG attributes to 1 when performing multiply functions.
Related violations: <none>

DPOP-2#33 Warning
MREG Output pipelining  
DSP pair_and_spare_FIR/replication_of_fir[1].replication/first_module/other_sections[4].fir_section/reg_s1 multiplier stage pair_and_spare_FIR/replication_of_fir[1].replication/first_module/other_sections[4].fir_section/reg_s1/P[47:0] is not pipelined (MREG=0). Pipelining the multiplier function will improve performance and will save significant power so it is suggested whenever possible to fully pipeline this function.  If this multiplier was inferred, it is suggested to describe an additional register stage after this function.  If there is no registered adder/accumulator following the multiply function, two pipeline stages are suggested to allow both the MREG and PREG registers to be used.  If the DSP48 was instantiated in the design, it is suggested to set both the MREG and PREG attributes to 1 when performing multiply functions.
Related violations: <none>

DPOP-2#34 Warning
MREG Output pipelining  
DSP pair_and_spare_FIR/replication_of_fir[1].replication/first_module/other_sections[4].fir_section/reg_s1__0 multiplier stage pair_and_spare_FIR/replication_of_fir[1].replication/first_module/other_sections[4].fir_section/reg_s1__0/P[47:0] is not pipelined (MREG=0). Pipelining the multiplier function will improve performance and will save significant power so it is suggested whenever possible to fully pipeline this function.  If this multiplier was inferred, it is suggested to describe an additional register stage after this function.  If there is no registered adder/accumulator following the multiply function, two pipeline stages are suggested to allow both the MREG and PREG registers to be used.  If the DSP48 was instantiated in the design, it is suggested to set both the MREG and PREG attributes to 1 when performing multiply functions.
Related violations: <none>

DPOP-2#35 Warning
MREG Output pipelining  
DSP pair_and_spare_FIR/replication_of_fir[1].replication/first_module/other_sections[5].fir_section/reg_s1 multiplier stage pair_and_spare_FIR/replication_of_fir[1].replication/first_module/other_sections[5].fir_section/reg_s1/P[47:0] is not pipelined (MREG=0). Pipelining the multiplier function will improve performance and will save significant power so it is suggested whenever possible to fully pipeline this function.  If this multiplier was inferred, it is suggested to describe an additional register stage after this function.  If there is no registered adder/accumulator following the multiply function, two pipeline stages are suggested to allow both the MREG and PREG registers to be used.  If the DSP48 was instantiated in the design, it is suggested to set both the MREG and PREG attributes to 1 when performing multiply functions.
Related violations: <none>

DPOP-2#36 Warning
MREG Output pipelining  
DSP pair_and_spare_FIR/replication_of_fir[1].replication/first_module/other_sections[5].fir_section/reg_s1__0 multiplier stage pair_and_spare_FIR/replication_of_fir[1].replication/first_module/other_sections[5].fir_section/reg_s1__0/P[47:0] is not pipelined (MREG=0). Pipelining the multiplier function will improve performance and will save significant power so it is suggested whenever possible to fully pipeline this function.  If this multiplier was inferred, it is suggested to describe an additional register stage after this function.  If there is no registered adder/accumulator following the multiply function, two pipeline stages are suggested to allow both the MREG and PREG registers to be used.  If the DSP48 was instantiated in the design, it is suggested to set both the MREG and PREG attributes to 1 when performing multiply functions.
Related violations: <none>

DPOP-2#37 Warning
MREG Output pipelining  
DSP pair_and_spare_FIR/replication_of_fir[1].replication/second_module/first_section/reg_s1 multiplier stage pair_and_spare_FIR/replication_of_fir[1].replication/second_module/first_section/reg_s1/P[47:0] is not pipelined (MREG=0). Pipelining the multiplier function will improve performance and will save significant power so it is suggested whenever possible to fully pipeline this function.  If this multiplier was inferred, it is suggested to describe an additional register stage after this function.  If there is no registered adder/accumulator following the multiply function, two pipeline stages are suggested to allow both the MREG and PREG registers to be used.  If the DSP48 was instantiated in the design, it is suggested to set both the MREG and PREG attributes to 1 when performing multiply functions.
Related violations: <none>

DPOP-2#38 Warning
MREG Output pipelining  
DSP pair_and_spare_FIR/replication_of_fir[1].replication/second_module/first_section/reg_s1__0 multiplier stage pair_and_spare_FIR/replication_of_fir[1].replication/second_module/first_section/reg_s1__0/P[47:0] is not pipelined (MREG=0). Pipelining the multiplier function will improve performance and will save significant power so it is suggested whenever possible to fully pipeline this function.  If this multiplier was inferred, it is suggested to describe an additional register stage after this function.  If there is no registered adder/accumulator following the multiply function, two pipeline stages are suggested to allow both the MREG and PREG registers to be used.  If the DSP48 was instantiated in the design, it is suggested to set both the MREG and PREG attributes to 1 when performing multiply functions.
Related violations: <none>

DPOP-2#39 Warning
MREG Output pipelining  
DSP pair_and_spare_FIR/replication_of_fir[1].replication/second_module/other_sections[1].fir_section/reg_s1 multiplier stage pair_and_spare_FIR/replication_of_fir[1].replication/second_module/other_sections[1].fir_section/reg_s1/P[47:0] is not pipelined (MREG=0). Pipelining the multiplier function will improve performance and will save significant power so it is suggested whenever possible to fully pipeline this function.  If this multiplier was inferred, it is suggested to describe an additional register stage after this function.  If there is no registered adder/accumulator following the multiply function, two pipeline stages are suggested to allow both the MREG and PREG registers to be used.  If the DSP48 was instantiated in the design, it is suggested to set both the MREG and PREG attributes to 1 when performing multiply functions.
Related violations: <none>

DPOP-2#40 Warning
MREG Output pipelining  
DSP pair_and_spare_FIR/replication_of_fir[1].replication/second_module/other_sections[1].fir_section/reg_s1__0 multiplier stage pair_and_spare_FIR/replication_of_fir[1].replication/second_module/other_sections[1].fir_section/reg_s1__0/P[47:0] is not pipelined (MREG=0). Pipelining the multiplier function will improve performance and will save significant power so it is suggested whenever possible to fully pipeline this function.  If this multiplier was inferred, it is suggested to describe an additional register stage after this function.  If there is no registered adder/accumulator following the multiply function, two pipeline stages are suggested to allow both the MREG and PREG registers to be used.  If the DSP48 was instantiated in the design, it is suggested to set both the MREG and PREG attributes to 1 when performing multiply functions.
Related violations: <none>

DPOP-2#41 Warning
MREG Output pipelining  
DSP pair_and_spare_FIR/replication_of_fir[1].replication/second_module/other_sections[2].fir_section/reg_s1 multiplier stage pair_and_spare_FIR/replication_of_fir[1].replication/second_module/other_sections[2].fir_section/reg_s1/P[47:0] is not pipelined (MREG=0). Pipelining the multiplier function will improve performance and will save significant power so it is suggested whenever possible to fully pipeline this function.  If this multiplier was inferred, it is suggested to describe an additional register stage after this function.  If there is no registered adder/accumulator following the multiply function, two pipeline stages are suggested to allow both the MREG and PREG registers to be used.  If the DSP48 was instantiated in the design, it is suggested to set both the MREG and PREG attributes to 1 when performing multiply functions.
Related violations: <none>

DPOP-2#42 Warning
MREG Output pipelining  
DSP pair_and_spare_FIR/replication_of_fir[1].replication/second_module/other_sections[2].fir_section/reg_s1__0 multiplier stage pair_and_spare_FIR/replication_of_fir[1].replication/second_module/other_sections[2].fir_section/reg_s1__0/P[47:0] is not pipelined (MREG=0). Pipelining the multiplier function will improve performance and will save significant power so it is suggested whenever possible to fully pipeline this function.  If this multiplier was inferred, it is suggested to describe an additional register stage after this function.  If there is no registered adder/accumulator following the multiply function, two pipeline stages are suggested to allow both the MREG and PREG registers to be used.  If the DSP48 was instantiated in the design, it is suggested to set both the MREG and PREG attributes to 1 when performing multiply functions.
Related violations: <none>

DPOP-2#43 Warning
MREG Output pipelining  
DSP pair_and_spare_FIR/replication_of_fir[1].replication/second_module/other_sections[3].fir_section/reg_s1 multiplier stage pair_and_spare_FIR/replication_of_fir[1].replication/second_module/other_sections[3].fir_section/reg_s1/P[47:0] is not pipelined (MREG=0). Pipelining the multiplier function will improve performance and will save significant power so it is suggested whenever possible to fully pipeline this function.  If this multiplier was inferred, it is suggested to describe an additional register stage after this function.  If there is no registered adder/accumulator following the multiply function, two pipeline stages are suggested to allow both the MREG and PREG registers to be used.  If the DSP48 was instantiated in the design, it is suggested to set both the MREG and PREG attributes to 1 when performing multiply functions.
Related violations: <none>

DPOP-2#44 Warning
MREG Output pipelining  
DSP pair_and_spare_FIR/replication_of_fir[1].replication/second_module/other_sections[3].fir_section/reg_s1__0 multiplier stage pair_and_spare_FIR/replication_of_fir[1].replication/second_module/other_sections[3].fir_section/reg_s1__0/P[47:0] is not pipelined (MREG=0). Pipelining the multiplier function will improve performance and will save significant power so it is suggested whenever possible to fully pipeline this function.  If this multiplier was inferred, it is suggested to describe an additional register stage after this function.  If there is no registered adder/accumulator following the multiply function, two pipeline stages are suggested to allow both the MREG and PREG registers to be used.  If the DSP48 was instantiated in the design, it is suggested to set both the MREG and PREG attributes to 1 when performing multiply functions.
Related violations: <none>

DPOP-2#45 Warning
MREG Output pipelining  
DSP pair_and_spare_FIR/replication_of_fir[1].replication/second_module/other_sections[4].fir_section/reg_s1 multiplier stage pair_and_spare_FIR/replication_of_fir[1].replication/second_module/other_sections[4].fir_section/reg_s1/P[47:0] is not pipelined (MREG=0). Pipelining the multiplier function will improve performance and will save significant power so it is suggested whenever possible to fully pipeline this function.  If this multiplier was inferred, it is suggested to describe an additional register stage after this function.  If there is no registered adder/accumulator following the multiply function, two pipeline stages are suggested to allow both the MREG and PREG registers to be used.  If the DSP48 was instantiated in the design, it is suggested to set both the MREG and PREG attributes to 1 when performing multiply functions.
Related violations: <none>

DPOP-2#46 Warning
MREG Output pipelining  
DSP pair_and_spare_FIR/replication_of_fir[1].replication/second_module/other_sections[4].fir_section/reg_s1__0 multiplier stage pair_and_spare_FIR/replication_of_fir[1].replication/second_module/other_sections[4].fir_section/reg_s1__0/P[47:0] is not pipelined (MREG=0). Pipelining the multiplier function will improve performance and will save significant power so it is suggested whenever possible to fully pipeline this function.  If this multiplier was inferred, it is suggested to describe an additional register stage after this function.  If there is no registered adder/accumulator following the multiply function, two pipeline stages are suggested to allow both the MREG and PREG registers to be used.  If the DSP48 was instantiated in the design, it is suggested to set both the MREG and PREG attributes to 1 when performing multiply functions.
Related violations: <none>

DPOP-2#47 Warning
MREG Output pipelining  
DSP pair_and_spare_FIR/replication_of_fir[1].replication/second_module/other_sections[5].fir_section/reg_s1 multiplier stage pair_and_spare_FIR/replication_of_fir[1].replication/second_module/other_sections[5].fir_section/reg_s1/P[47:0] is not pipelined (MREG=0). Pipelining the multiplier function will improve performance and will save significant power so it is suggested whenever possible to fully pipeline this function.  If this multiplier was inferred, it is suggested to describe an additional register stage after this function.  If there is no registered adder/accumulator following the multiply function, two pipeline stages are suggested to allow both the MREG and PREG registers to be used.  If the DSP48 was instantiated in the design, it is suggested to set both the MREG and PREG attributes to 1 when performing multiply functions.
Related violations: <none>

DPOP-2#48 Warning
MREG Output pipelining  
DSP pair_and_spare_FIR/replication_of_fir[1].replication/second_module/other_sections[5].fir_section/reg_s1__0 multiplier stage pair_and_spare_FIR/replication_of_fir[1].replication/second_module/other_sections[5].fir_section/reg_s1__0/P[47:0] is not pipelined (MREG=0). Pipelining the multiplier function will improve performance and will save significant power so it is suggested whenever possible to fully pipeline this function.  If this multiplier was inferred, it is suggested to describe an additional register stage after this function.  If there is no registered adder/accumulator following the multiply function, two pipeline stages are suggested to allow both the MREG and PREG registers to be used.  If the DSP48 was instantiated in the design, it is suggested to set both the MREG and PREG attributes to 1 when performing multiply functions.
Related violations: <none>

DPOP-2#49 Warning
MREG Output pipelining  
DSP pair_and_spare_FIR/replication_of_fir[2].replication/first_module/first_section/reg_s1 multiplier stage pair_and_spare_FIR/replication_of_fir[2].replication/first_module/first_section/reg_s1/P[47:0] is not pipelined (MREG=0). Pipelining the multiplier function will improve performance and will save significant power so it is suggested whenever possible to fully pipeline this function.  If this multiplier was inferred, it is suggested to describe an additional register stage after this function.  If there is no registered adder/accumulator following the multiply function, two pipeline stages are suggested to allow both the MREG and PREG registers to be used.  If the DSP48 was instantiated in the design, it is suggested to set both the MREG and PREG attributes to 1 when performing multiply functions.
Related violations: <none>

DPOP-2#50 Warning
MREG Output pipelining  
DSP pair_and_spare_FIR/replication_of_fir[2].replication/first_module/first_section/reg_s1__0 multiplier stage pair_and_spare_FIR/replication_of_fir[2].replication/first_module/first_section/reg_s1__0/P[47:0] is not pipelined (MREG=0). Pipelining the multiplier function will improve performance and will save significant power so it is suggested whenever possible to fully pipeline this function.  If this multiplier was inferred, it is suggested to describe an additional register stage after this function.  If there is no registered adder/accumulator following the multiply function, two pipeline stages are suggested to allow both the MREG and PREG registers to be used.  If the DSP48 was instantiated in the design, it is suggested to set both the MREG and PREG attributes to 1 when performing multiply functions.
Related violations: <none>

DPOP-2#51 Warning
MREG Output pipelining  
DSP pair_and_spare_FIR/replication_of_fir[2].replication/first_module/other_sections[1].fir_section/reg_s1 multiplier stage pair_and_spare_FIR/replication_of_fir[2].replication/first_module/other_sections[1].fir_section/reg_s1/P[47:0] is not pipelined (MREG=0). Pipelining the multiplier function will improve performance and will save significant power so it is suggested whenever possible to fully pipeline this function.  If this multiplier was inferred, it is suggested to describe an additional register stage after this function.  If there is no registered adder/accumulator following the multiply function, two pipeline stages are suggested to allow both the MREG and PREG registers to be used.  If the DSP48 was instantiated in the design, it is suggested to set both the MREG and PREG attributes to 1 when performing multiply functions.
Related violations: <none>

DPOP-2#52 Warning
MREG Output pipelining  
DSP pair_and_spare_FIR/replication_of_fir[2].replication/first_module/other_sections[1].fir_section/reg_s1__0 multiplier stage pair_and_spare_FIR/replication_of_fir[2].replication/first_module/other_sections[1].fir_section/reg_s1__0/P[47:0] is not pipelined (MREG=0). Pipelining the multiplier function will improve performance and will save significant power so it is suggested whenever possible to fully pipeline this function.  If this multiplier was inferred, it is suggested to describe an additional register stage after this function.  If there is no registered adder/accumulator following the multiply function, two pipeline stages are suggested to allow both the MREG and PREG registers to be used.  If the DSP48 was instantiated in the design, it is suggested to set both the MREG and PREG attributes to 1 when performing multiply functions.
Related violations: <none>

DPOP-2#53 Warning
MREG Output pipelining  
DSP pair_and_spare_FIR/replication_of_fir[2].replication/first_module/other_sections[2].fir_section/reg_s1 multiplier stage pair_and_spare_FIR/replication_of_fir[2].replication/first_module/other_sections[2].fir_section/reg_s1/P[47:0] is not pipelined (MREG=0). Pipelining the multiplier function will improve performance and will save significant power so it is suggested whenever possible to fully pipeline this function.  If this multiplier was inferred, it is suggested to describe an additional register stage after this function.  If there is no registered adder/accumulator following the multiply function, two pipeline stages are suggested to allow both the MREG and PREG registers to be used.  If the DSP48 was instantiated in the design, it is suggested to set both the MREG and PREG attributes to 1 when performing multiply functions.
Related violations: <none>

DPOP-2#54 Warning
MREG Output pipelining  
DSP pair_and_spare_FIR/replication_of_fir[2].replication/first_module/other_sections[2].fir_section/reg_s1__0 multiplier stage pair_and_spare_FIR/replication_of_fir[2].replication/first_module/other_sections[2].fir_section/reg_s1__0/P[47:0] is not pipelined (MREG=0). Pipelining the multiplier function will improve performance and will save significant power so it is suggested whenever possible to fully pipeline this function.  If this multiplier was inferred, it is suggested to describe an additional register stage after this function.  If there is no registered adder/accumulator following the multiply function, two pipeline stages are suggested to allow both the MREG and PREG registers to be used.  If the DSP48 was instantiated in the design, it is suggested to set both the MREG and PREG attributes to 1 when performing multiply functions.
Related violations: <none>

DPOP-2#55 Warning
MREG Output pipelining  
DSP pair_and_spare_FIR/replication_of_fir[2].replication/first_module/other_sections[3].fir_section/reg_s1 multiplier stage pair_and_spare_FIR/replication_of_fir[2].replication/first_module/other_sections[3].fir_section/reg_s1/P[47:0] is not pipelined (MREG=0). Pipelining the multiplier function will improve performance and will save significant power so it is suggested whenever possible to fully pipeline this function.  If this multiplier was inferred, it is suggested to describe an additional register stage after this function.  If there is no registered adder/accumulator following the multiply function, two pipeline stages are suggested to allow both the MREG and PREG registers to be used.  If the DSP48 was instantiated in the design, it is suggested to set both the MREG and PREG attributes to 1 when performing multiply functions.
Related violations: <none>

DPOP-2#56 Warning
MREG Output pipelining  
DSP pair_and_spare_FIR/replication_of_fir[2].replication/first_module/other_sections[3].fir_section/reg_s1__0 multiplier stage pair_and_spare_FIR/replication_of_fir[2].replication/first_module/other_sections[3].fir_section/reg_s1__0/P[47:0] is not pipelined (MREG=0). Pipelining the multiplier function will improve performance and will save significant power so it is suggested whenever possible to fully pipeline this function.  If this multiplier was inferred, it is suggested to describe an additional register stage after this function.  If there is no registered adder/accumulator following the multiply function, two pipeline stages are suggested to allow both the MREG and PREG registers to be used.  If the DSP48 was instantiated in the design, it is suggested to set both the MREG and PREG attributes to 1 when performing multiply functions.
Related violations: <none>

DPOP-2#57 Warning
MREG Output pipelining  
DSP pair_and_spare_FIR/replication_of_fir[2].replication/first_module/other_sections[4].fir_section/reg_s1 multiplier stage pair_and_spare_FIR/replication_of_fir[2].replication/first_module/other_sections[4].fir_section/reg_s1/P[47:0] is not pipelined (MREG=0). Pipelining the multiplier function will improve performance and will save significant power so it is suggested whenever possible to fully pipeline this function.  If this multiplier was inferred, it is suggested to describe an additional register stage after this function.  If there is no registered adder/accumulator following the multiply function, two pipeline stages are suggested to allow both the MREG and PREG registers to be used.  If the DSP48 was instantiated in the design, it is suggested to set both the MREG and PREG attributes to 1 when performing multiply functions.
Related violations: <none>

DPOP-2#58 Warning
MREG Output pipelining  
DSP pair_and_spare_FIR/replication_of_fir[2].replication/first_module/other_sections[4].fir_section/reg_s1__0 multiplier stage pair_and_spare_FIR/replication_of_fir[2].replication/first_module/other_sections[4].fir_section/reg_s1__0/P[47:0] is not pipelined (MREG=0). Pipelining the multiplier function will improve performance and will save significant power so it is suggested whenever possible to fully pipeline this function.  If this multiplier was inferred, it is suggested to describe an additional register stage after this function.  If there is no registered adder/accumulator following the multiply function, two pipeline stages are suggested to allow both the MREG and PREG registers to be used.  If the DSP48 was instantiated in the design, it is suggested to set both the MREG and PREG attributes to 1 when performing multiply functions.
Related violations: <none>

DPOP-2#59 Warning
MREG Output pipelining  
DSP pair_and_spare_FIR/replication_of_fir[2].replication/first_module/other_sections[5].fir_section/reg_s1 multiplier stage pair_and_spare_FIR/replication_of_fir[2].replication/first_module/other_sections[5].fir_section/reg_s1/P[47:0] is not pipelined (MREG=0). Pipelining the multiplier function will improve performance and will save significant power so it is suggested whenever possible to fully pipeline this function.  If this multiplier was inferred, it is suggested to describe an additional register stage after this function.  If there is no registered adder/accumulator following the multiply function, two pipeline stages are suggested to allow both the MREG and PREG registers to be used.  If the DSP48 was instantiated in the design, it is suggested to set both the MREG and PREG attributes to 1 when performing multiply functions.
Related violations: <none>

DPOP-2#60 Warning
MREG Output pipelining  
DSP pair_and_spare_FIR/replication_of_fir[2].replication/first_module/other_sections[5].fir_section/reg_s1__0 multiplier stage pair_and_spare_FIR/replication_of_fir[2].replication/first_module/other_sections[5].fir_section/reg_s1__0/P[47:0] is not pipelined (MREG=0). Pipelining the multiplier function will improve performance and will save significant power so it is suggested whenever possible to fully pipeline this function.  If this multiplier was inferred, it is suggested to describe an additional register stage after this function.  If there is no registered adder/accumulator following the multiply function, two pipeline stages are suggested to allow both the MREG and PREG registers to be used.  If the DSP48 was instantiated in the design, it is suggested to set both the MREG and PREG attributes to 1 when performing multiply functions.
Related violations: <none>

DPOP-2#61 Warning
MREG Output pipelining  
DSP pair_and_spare_FIR/replication_of_fir[2].replication/second_module/first_section/reg_s1 multiplier stage pair_and_spare_FIR/replication_of_fir[2].replication/second_module/first_section/reg_s1/P[47:0] is not pipelined (MREG=0). Pipelining the multiplier function will improve performance and will save significant power so it is suggested whenever possible to fully pipeline this function.  If this multiplier was inferred, it is suggested to describe an additional register stage after this function.  If there is no registered adder/accumulator following the multiply function, two pipeline stages are suggested to allow both the MREG and PREG registers to be used.  If the DSP48 was instantiated in the design, it is suggested to set both the MREG and PREG attributes to 1 when performing multiply functions.
Related violations: <none>

DPOP-2#62 Warning
MREG Output pipelining  
DSP pair_and_spare_FIR/replication_of_fir[2].replication/second_module/first_section/reg_s1__0 multiplier stage pair_and_spare_FIR/replication_of_fir[2].replication/second_module/first_section/reg_s1__0/P[47:0] is not pipelined (MREG=0). Pipelining the multiplier function will improve performance and will save significant power so it is suggested whenever possible to fully pipeline this function.  If this multiplier was inferred, it is suggested to describe an additional register stage after this function.  If there is no registered adder/accumulator following the multiply function, two pipeline stages are suggested to allow both the MREG and PREG registers to be used.  If the DSP48 was instantiated in the design, it is suggested to set both the MREG and PREG attributes to 1 when performing multiply functions.
Related violations: <none>

DPOP-2#63 Warning
MREG Output pipelining  
DSP pair_and_spare_FIR/replication_of_fir[2].replication/second_module/other_sections[1].fir_section/reg_s1 multiplier stage pair_and_spare_FIR/replication_of_fir[2].replication/second_module/other_sections[1].fir_section/reg_s1/P[47:0] is not pipelined (MREG=0). Pipelining the multiplier function will improve performance and will save significant power so it is suggested whenever possible to fully pipeline this function.  If this multiplier was inferred, it is suggested to describe an additional register stage after this function.  If there is no registered adder/accumulator following the multiply function, two pipeline stages are suggested to allow both the MREG and PREG registers to be used.  If the DSP48 was instantiated in the design, it is suggested to set both the MREG and PREG attributes to 1 when performing multiply functions.
Related violations: <none>

DPOP-2#64 Warning
MREG Output pipelining  
DSP pair_and_spare_FIR/replication_of_fir[2].replication/second_module/other_sections[1].fir_section/reg_s1__0 multiplier stage pair_and_spare_FIR/replication_of_fir[2].replication/second_module/other_sections[1].fir_section/reg_s1__0/P[47:0] is not pipelined (MREG=0). Pipelining the multiplier function will improve performance and will save significant power so it is suggested whenever possible to fully pipeline this function.  If this multiplier was inferred, it is suggested to describe an additional register stage after this function.  If there is no registered adder/accumulator following the multiply function, two pipeline stages are suggested to allow both the MREG and PREG registers to be used.  If the DSP48 was instantiated in the design, it is suggested to set both the MREG and PREG attributes to 1 when performing multiply functions.
Related violations: <none>

DPOP-2#65 Warning
MREG Output pipelining  
DSP pair_and_spare_FIR/replication_of_fir[2].replication/second_module/other_sections[2].fir_section/reg_s1 multiplier stage pair_and_spare_FIR/replication_of_fir[2].replication/second_module/other_sections[2].fir_section/reg_s1/P[47:0] is not pipelined (MREG=0). Pipelining the multiplier function will improve performance and will save significant power so it is suggested whenever possible to fully pipeline this function.  If this multiplier was inferred, it is suggested to describe an additional register stage after this function.  If there is no registered adder/accumulator following the multiply function, two pipeline stages are suggested to allow both the MREG and PREG registers to be used.  If the DSP48 was instantiated in the design, it is suggested to set both the MREG and PREG attributes to 1 when performing multiply functions.
Related violations: <none>

DPOP-2#66 Warning
MREG Output pipelining  
DSP pair_and_spare_FIR/replication_of_fir[2].replication/second_module/other_sections[2].fir_section/reg_s1__0 multiplier stage pair_and_spare_FIR/replication_of_fir[2].replication/second_module/other_sections[2].fir_section/reg_s1__0/P[47:0] is not pipelined (MREG=0). Pipelining the multiplier function will improve performance and will save significant power so it is suggested whenever possible to fully pipeline this function.  If this multiplier was inferred, it is suggested to describe an additional register stage after this function.  If there is no registered adder/accumulator following the multiply function, two pipeline stages are suggested to allow both the MREG and PREG registers to be used.  If the DSP48 was instantiated in the design, it is suggested to set both the MREG and PREG attributes to 1 when performing multiply functions.
Related violations: <none>

DPOP-2#67 Warning
MREG Output pipelining  
DSP pair_and_spare_FIR/replication_of_fir[2].replication/second_module/other_sections[3].fir_section/reg_s1 multiplier stage pair_and_spare_FIR/replication_of_fir[2].replication/second_module/other_sections[3].fir_section/reg_s1/P[47:0] is not pipelined (MREG=0). Pipelining the multiplier function will improve performance and will save significant power so it is suggested whenever possible to fully pipeline this function.  If this multiplier was inferred, it is suggested to describe an additional register stage after this function.  If there is no registered adder/accumulator following the multiply function, two pipeline stages are suggested to allow both the MREG and PREG registers to be used.  If the DSP48 was instantiated in the design, it is suggested to set both the MREG and PREG attributes to 1 when performing multiply functions.
Related violations: <none>

DPOP-2#68 Warning
MREG Output pipelining  
DSP pair_and_spare_FIR/replication_of_fir[2].replication/second_module/other_sections[3].fir_section/reg_s1__0 multiplier stage pair_and_spare_FIR/replication_of_fir[2].replication/second_module/other_sections[3].fir_section/reg_s1__0/P[47:0] is not pipelined (MREG=0). Pipelining the multiplier function will improve performance and will save significant power so it is suggested whenever possible to fully pipeline this function.  If this multiplier was inferred, it is suggested to describe an additional register stage after this function.  If there is no registered adder/accumulator following the multiply function, two pipeline stages are suggested to allow both the MREG and PREG registers to be used.  If the DSP48 was instantiated in the design, it is suggested to set both the MREG and PREG attributes to 1 when performing multiply functions.
Related violations: <none>

DPOP-2#69 Warning
MREG Output pipelining  
DSP pair_and_spare_FIR/replication_of_fir[2].replication/second_module/other_sections[4].fir_section/reg_s1 multiplier stage pair_and_spare_FIR/replication_of_fir[2].replication/second_module/other_sections[4].fir_section/reg_s1/P[47:0] is not pipelined (MREG=0). Pipelining the multiplier function will improve performance and will save significant power so it is suggested whenever possible to fully pipeline this function.  If this multiplier was inferred, it is suggested to describe an additional register stage after this function.  If there is no registered adder/accumulator following the multiply function, two pipeline stages are suggested to allow both the MREG and PREG registers to be used.  If the DSP48 was instantiated in the design, it is suggested to set both the MREG and PREG attributes to 1 when performing multiply functions.
Related violations: <none>

DPOP-2#70 Warning
MREG Output pipelining  
DSP pair_and_spare_FIR/replication_of_fir[2].replication/second_module/other_sections[4].fir_section/reg_s1__0 multiplier stage pair_and_spare_FIR/replication_of_fir[2].replication/second_module/other_sections[4].fir_section/reg_s1__0/P[47:0] is not pipelined (MREG=0). Pipelining the multiplier function will improve performance and will save significant power so it is suggested whenever possible to fully pipeline this function.  If this multiplier was inferred, it is suggested to describe an additional register stage after this function.  If there is no registered adder/accumulator following the multiply function, two pipeline stages are suggested to allow both the MREG and PREG registers to be used.  If the DSP48 was instantiated in the design, it is suggested to set both the MREG and PREG attributes to 1 when performing multiply functions.
Related violations: <none>

DPOP-2#71 Warning
MREG Output pipelining  
DSP pair_and_spare_FIR/replication_of_fir[2].replication/second_module/other_sections[5].fir_section/reg_s1 multiplier stage pair_and_spare_FIR/replication_of_fir[2].replication/second_module/other_sections[5].fir_section/reg_s1/P[47:0] is not pipelined (MREG=0). Pipelining the multiplier function will improve performance and will save significant power so it is suggested whenever possible to fully pipeline this function.  If this multiplier was inferred, it is suggested to describe an additional register stage after this function.  If there is no registered adder/accumulator following the multiply function, two pipeline stages are suggested to allow both the MREG and PREG registers to be used.  If the DSP48 was instantiated in the design, it is suggested to set both the MREG and PREG attributes to 1 when performing multiply functions.
Related violations: <none>

DPOP-2#72 Warning
MREG Output pipelining  
DSP pair_and_spare_FIR/replication_of_fir[2].replication/second_module/other_sections[5].fir_section/reg_s1__0 multiplier stage pair_and_spare_FIR/replication_of_fir[2].replication/second_module/other_sections[5].fir_section/reg_s1__0/P[47:0] is not pipelined (MREG=0). Pipelining the multiplier function will improve performance and will save significant power so it is suggested whenever possible to fully pipeline this function.  If this multiplier was inferred, it is suggested to describe an additional register stage after this function.  If there is no registered adder/accumulator following the multiply function, two pipeline stages are suggested to allow both the MREG and PREG registers to be used.  If the DSP48 was instantiated in the design, it is suggested to set both the MREG and PREG attributes to 1 when performing multiply functions.
Related violations: <none>

DPOP-2#73 Warning
MREG Output pipelining  
DSP pair_and_spare_FIR/replication_of_fir[3].replication/first_module/first_section/reg_s1 multiplier stage pair_and_spare_FIR/replication_of_fir[3].replication/first_module/first_section/reg_s1/P[47:0] is not pipelined (MREG=0). Pipelining the multiplier function will improve performance and will save significant power so it is suggested whenever possible to fully pipeline this function.  If this multiplier was inferred, it is suggested to describe an additional register stage after this function.  If there is no registered adder/accumulator following the multiply function, two pipeline stages are suggested to allow both the MREG and PREG registers to be used.  If the DSP48 was instantiated in the design, it is suggested to set both the MREG and PREG attributes to 1 when performing multiply functions.
Related violations: <none>

DPOP-2#74 Warning
MREG Output pipelining  
DSP pair_and_spare_FIR/replication_of_fir[3].replication/first_module/first_section/reg_s1__0 multiplier stage pair_and_spare_FIR/replication_of_fir[3].replication/first_module/first_section/reg_s1__0/P[47:0] is not pipelined (MREG=0). Pipelining the multiplier function will improve performance and will save significant power so it is suggested whenever possible to fully pipeline this function.  If this multiplier was inferred, it is suggested to describe an additional register stage after this function.  If there is no registered adder/accumulator following the multiply function, two pipeline stages are suggested to allow both the MREG and PREG registers to be used.  If the DSP48 was instantiated in the design, it is suggested to set both the MREG and PREG attributes to 1 when performing multiply functions.
Related violations: <none>

DPOP-2#75 Warning
MREG Output pipelining  
DSP pair_and_spare_FIR/replication_of_fir[3].replication/first_module/other_sections[1].fir_section/reg_s1 multiplier stage pair_and_spare_FIR/replication_of_fir[3].replication/first_module/other_sections[1].fir_section/reg_s1/P[47:0] is not pipelined (MREG=0). Pipelining the multiplier function will improve performance and will save significant power so it is suggested whenever possible to fully pipeline this function.  If this multiplier was inferred, it is suggested to describe an additional register stage after this function.  If there is no registered adder/accumulator following the multiply function, two pipeline stages are suggested to allow both the MREG and PREG registers to be used.  If the DSP48 was instantiated in the design, it is suggested to set both the MREG and PREG attributes to 1 when performing multiply functions.
Related violations: <none>

DPOP-2#76 Warning
MREG Output pipelining  
DSP pair_and_spare_FIR/replication_of_fir[3].replication/first_module/other_sections[1].fir_section/reg_s1__0 multiplier stage pair_and_spare_FIR/replication_of_fir[3].replication/first_module/other_sections[1].fir_section/reg_s1__0/P[47:0] is not pipelined (MREG=0). Pipelining the multiplier function will improve performance and will save significant power so it is suggested whenever possible to fully pipeline this function.  If this multiplier was inferred, it is suggested to describe an additional register stage after this function.  If there is no registered adder/accumulator following the multiply function, two pipeline stages are suggested to allow both the MREG and PREG registers to be used.  If the DSP48 was instantiated in the design, it is suggested to set both the MREG and PREG attributes to 1 when performing multiply functions.
Related violations: <none>

DPOP-2#77 Warning
MREG Output pipelining  
DSP pair_and_spare_FIR/replication_of_fir[3].replication/first_module/other_sections[2].fir_section/reg_s1 multiplier stage pair_and_spare_FIR/replication_of_fir[3].replication/first_module/other_sections[2].fir_section/reg_s1/P[47:0] is not pipelined (MREG=0). Pipelining the multiplier function will improve performance and will save significant power so it is suggested whenever possible to fully pipeline this function.  If this multiplier was inferred, it is suggested to describe an additional register stage after this function.  If there is no registered adder/accumulator following the multiply function, two pipeline stages are suggested to allow both the MREG and PREG registers to be used.  If the DSP48 was instantiated in the design, it is suggested to set both the MREG and PREG attributes to 1 when performing multiply functions.
Related violations: <none>

DPOP-2#78 Warning
MREG Output pipelining  
DSP pair_and_spare_FIR/replication_of_fir[3].replication/first_module/other_sections[2].fir_section/reg_s1__0 multiplier stage pair_and_spare_FIR/replication_of_fir[3].replication/first_module/other_sections[2].fir_section/reg_s1__0/P[47:0] is not pipelined (MREG=0). Pipelining the multiplier function will improve performance and will save significant power so it is suggested whenever possible to fully pipeline this function.  If this multiplier was inferred, it is suggested to describe an additional register stage after this function.  If there is no registered adder/accumulator following the multiply function, two pipeline stages are suggested to allow both the MREG and PREG registers to be used.  If the DSP48 was instantiated in the design, it is suggested to set both the MREG and PREG attributes to 1 when performing multiply functions.
Related violations: <none>

DPOP-2#79 Warning
MREG Output pipelining  
DSP pair_and_spare_FIR/replication_of_fir[3].replication/first_module/other_sections[3].fir_section/reg_s1 multiplier stage pair_and_spare_FIR/replication_of_fir[3].replication/first_module/other_sections[3].fir_section/reg_s1/P[47:0] is not pipelined (MREG=0). Pipelining the multiplier function will improve performance and will save significant power so it is suggested whenever possible to fully pipeline this function.  If this multiplier was inferred, it is suggested to describe an additional register stage after this function.  If there is no registered adder/accumulator following the multiply function, two pipeline stages are suggested to allow both the MREG and PREG registers to be used.  If the DSP48 was instantiated in the design, it is suggested to set both the MREG and PREG attributes to 1 when performing multiply functions.
Related violations: <none>

DPOP-2#80 Warning
MREG Output pipelining  
DSP pair_and_spare_FIR/replication_of_fir[3].replication/first_module/other_sections[3].fir_section/reg_s1__0 multiplier stage pair_and_spare_FIR/replication_of_fir[3].replication/first_module/other_sections[3].fir_section/reg_s1__0/P[47:0] is not pipelined (MREG=0). Pipelining the multiplier function will improve performance and will save significant power so it is suggested whenever possible to fully pipeline this function.  If this multiplier was inferred, it is suggested to describe an additional register stage after this function.  If there is no registered adder/accumulator following the multiply function, two pipeline stages are suggested to allow both the MREG and PREG registers to be used.  If the DSP48 was instantiated in the design, it is suggested to set both the MREG and PREG attributes to 1 when performing multiply functions.
Related violations: <none>

DPOP-2#81 Warning
MREG Output pipelining  
DSP pair_and_spare_FIR/replication_of_fir[3].replication/first_module/other_sections[4].fir_section/reg_s1 multiplier stage pair_and_spare_FIR/replication_of_fir[3].replication/first_module/other_sections[4].fir_section/reg_s1/P[47:0] is not pipelined (MREG=0). Pipelining the multiplier function will improve performance and will save significant power so it is suggested whenever possible to fully pipeline this function.  If this multiplier was inferred, it is suggested to describe an additional register stage after this function.  If there is no registered adder/accumulator following the multiply function, two pipeline stages are suggested to allow both the MREG and PREG registers to be used.  If the DSP48 was instantiated in the design, it is suggested to set both the MREG and PREG attributes to 1 when performing multiply functions.
Related violations: <none>

DPOP-2#82 Warning
MREG Output pipelining  
DSP pair_and_spare_FIR/replication_of_fir[3].replication/first_module/other_sections[4].fir_section/reg_s1__0 multiplier stage pair_and_spare_FIR/replication_of_fir[3].replication/first_module/other_sections[4].fir_section/reg_s1__0/P[47:0] is not pipelined (MREG=0). Pipelining the multiplier function will improve performance and will save significant power so it is suggested whenever possible to fully pipeline this function.  If this multiplier was inferred, it is suggested to describe an additional register stage after this function.  If there is no registered adder/accumulator following the multiply function, two pipeline stages are suggested to allow both the MREG and PREG registers to be used.  If the DSP48 was instantiated in the design, it is suggested to set both the MREG and PREG attributes to 1 when performing multiply functions.
Related violations: <none>

DPOP-2#83 Warning
MREG Output pipelining  
DSP pair_and_spare_FIR/replication_of_fir[3].replication/first_module/other_sections[5].fir_section/reg_s1 multiplier stage pair_and_spare_FIR/replication_of_fir[3].replication/first_module/other_sections[5].fir_section/reg_s1/P[47:0] is not pipelined (MREG=0). Pipelining the multiplier function will improve performance and will save significant power so it is suggested whenever possible to fully pipeline this function.  If this multiplier was inferred, it is suggested to describe an additional register stage after this function.  If there is no registered adder/accumulator following the multiply function, two pipeline stages are suggested to allow both the MREG and PREG registers to be used.  If the DSP48 was instantiated in the design, it is suggested to set both the MREG and PREG attributes to 1 when performing multiply functions.
Related violations: <none>

DPOP-2#84 Warning
MREG Output pipelining  
DSP pair_and_spare_FIR/replication_of_fir[3].replication/first_module/other_sections[5].fir_section/reg_s1__0 multiplier stage pair_and_spare_FIR/replication_of_fir[3].replication/first_module/other_sections[5].fir_section/reg_s1__0/P[47:0] is not pipelined (MREG=0). Pipelining the multiplier function will improve performance and will save significant power so it is suggested whenever possible to fully pipeline this function.  If this multiplier was inferred, it is suggested to describe an additional register stage after this function.  If there is no registered adder/accumulator following the multiply function, two pipeline stages are suggested to allow both the MREG and PREG registers to be used.  If the DSP48 was instantiated in the design, it is suggested to set both the MREG and PREG attributes to 1 when performing multiply functions.
Related violations: <none>

DPOP-2#85 Warning
MREG Output pipelining  
DSP pair_and_spare_FIR/replication_of_fir[3].replication/second_module/first_section/reg_s1 multiplier stage pair_and_spare_FIR/replication_of_fir[3].replication/second_module/first_section/reg_s1/P[47:0] is not pipelined (MREG=0). Pipelining the multiplier function will improve performance and will save significant power so it is suggested whenever possible to fully pipeline this function.  If this multiplier was inferred, it is suggested to describe an additional register stage after this function.  If there is no registered adder/accumulator following the multiply function, two pipeline stages are suggested to allow both the MREG and PREG registers to be used.  If the DSP48 was instantiated in the design, it is suggested to set both the MREG and PREG attributes to 1 when performing multiply functions.
Related violations: <none>

DPOP-2#86 Warning
MREG Output pipelining  
DSP pair_and_spare_FIR/replication_of_fir[3].replication/second_module/first_section/reg_s1__0 multiplier stage pair_and_spare_FIR/replication_of_fir[3].replication/second_module/first_section/reg_s1__0/P[47:0] is not pipelined (MREG=0). Pipelining the multiplier function will improve performance and will save significant power so it is suggested whenever possible to fully pipeline this function.  If this multiplier was inferred, it is suggested to describe an additional register stage after this function.  If there is no registered adder/accumulator following the multiply function, two pipeline stages are suggested to allow both the MREG and PREG registers to be used.  If the DSP48 was instantiated in the design, it is suggested to set both the MREG and PREG attributes to 1 when performing multiply functions.
Related violations: <none>

DPOP-2#87 Warning
MREG Output pipelining  
DSP pair_and_spare_FIR/replication_of_fir[3].replication/second_module/other_sections[1].fir_section/reg_s1 multiplier stage pair_and_spare_FIR/replication_of_fir[3].replication/second_module/other_sections[1].fir_section/reg_s1/P[47:0] is not pipelined (MREG=0). Pipelining the multiplier function will improve performance and will save significant power so it is suggested whenever possible to fully pipeline this function.  If this multiplier was inferred, it is suggested to describe an additional register stage after this function.  If there is no registered adder/accumulator following the multiply function, two pipeline stages are suggested to allow both the MREG and PREG registers to be used.  If the DSP48 was instantiated in the design, it is suggested to set both the MREG and PREG attributes to 1 when performing multiply functions.
Related violations: <none>

DPOP-2#88 Warning
MREG Output pipelining  
DSP pair_and_spare_FIR/replication_of_fir[3].replication/second_module/other_sections[1].fir_section/reg_s1__0 multiplier stage pair_and_spare_FIR/replication_of_fir[3].replication/second_module/other_sections[1].fir_section/reg_s1__0/P[47:0] is not pipelined (MREG=0). Pipelining the multiplier function will improve performance and will save significant power so it is suggested whenever possible to fully pipeline this function.  If this multiplier was inferred, it is suggested to describe an additional register stage after this function.  If there is no registered adder/accumulator following the multiply function, two pipeline stages are suggested to allow both the MREG and PREG registers to be used.  If the DSP48 was instantiated in the design, it is suggested to set both the MREG and PREG attributes to 1 when performing multiply functions.
Related violations: <none>

DPOP-2#89 Warning
MREG Output pipelining  
DSP pair_and_spare_FIR/replication_of_fir[3].replication/second_module/other_sections[2].fir_section/reg_s1 multiplier stage pair_and_spare_FIR/replication_of_fir[3].replication/second_module/other_sections[2].fir_section/reg_s1/P[47:0] is not pipelined (MREG=0). Pipelining the multiplier function will improve performance and will save significant power so it is suggested whenever possible to fully pipeline this function.  If this multiplier was inferred, it is suggested to describe an additional register stage after this function.  If there is no registered adder/accumulator following the multiply function, two pipeline stages are suggested to allow both the MREG and PREG registers to be used.  If the DSP48 was instantiated in the design, it is suggested to set both the MREG and PREG attributes to 1 when performing multiply functions.
Related violations: <none>

DPOP-2#90 Warning
MREG Output pipelining  
DSP pair_and_spare_FIR/replication_of_fir[3].replication/second_module/other_sections[2].fir_section/reg_s1__0 multiplier stage pair_and_spare_FIR/replication_of_fir[3].replication/second_module/other_sections[2].fir_section/reg_s1__0/P[47:0] is not pipelined (MREG=0). Pipelining the multiplier function will improve performance and will save significant power so it is suggested whenever possible to fully pipeline this function.  If this multiplier was inferred, it is suggested to describe an additional register stage after this function.  If there is no registered adder/accumulator following the multiply function, two pipeline stages are suggested to allow both the MREG and PREG registers to be used.  If the DSP48 was instantiated in the design, it is suggested to set both the MREG and PREG attributes to 1 when performing multiply functions.
Related violations: <none>

DPOP-2#91 Warning
MREG Output pipelining  
DSP pair_and_spare_FIR/replication_of_fir[3].replication/second_module/other_sections[3].fir_section/reg_s1 multiplier stage pair_and_spare_FIR/replication_of_fir[3].replication/second_module/other_sections[3].fir_section/reg_s1/P[47:0] is not pipelined (MREG=0). Pipelining the multiplier function will improve performance and will save significant power so it is suggested whenever possible to fully pipeline this function.  If this multiplier was inferred, it is suggested to describe an additional register stage after this function.  If there is no registered adder/accumulator following the multiply function, two pipeline stages are suggested to allow both the MREG and PREG registers to be used.  If the DSP48 was instantiated in the design, it is suggested to set both the MREG and PREG attributes to 1 when performing multiply functions.
Related violations: <none>

DPOP-2#92 Warning
MREG Output pipelining  
DSP pair_and_spare_FIR/replication_of_fir[3].replication/second_module/other_sections[3].fir_section/reg_s1__0 multiplier stage pair_and_spare_FIR/replication_of_fir[3].replication/second_module/other_sections[3].fir_section/reg_s1__0/P[47:0] is not pipelined (MREG=0). Pipelining the multiplier function will improve performance and will save significant power so it is suggested whenever possible to fully pipeline this function.  If this multiplier was inferred, it is suggested to describe an additional register stage after this function.  If there is no registered adder/accumulator following the multiply function, two pipeline stages are suggested to allow both the MREG and PREG registers to be used.  If the DSP48 was instantiated in the design, it is suggested to set both the MREG and PREG attributes to 1 when performing multiply functions.
Related violations: <none>

DPOP-2#93 Warning
MREG Output pipelining  
DSP pair_and_spare_FIR/replication_of_fir[3].replication/second_module/other_sections[4].fir_section/reg_s1 multiplier stage pair_and_spare_FIR/replication_of_fir[3].replication/second_module/other_sections[4].fir_section/reg_s1/P[47:0] is not pipelined (MREG=0). Pipelining the multiplier function will improve performance and will save significant power so it is suggested whenever possible to fully pipeline this function.  If this multiplier was inferred, it is suggested to describe an additional register stage after this function.  If there is no registered adder/accumulator following the multiply function, two pipeline stages are suggested to allow both the MREG and PREG registers to be used.  If the DSP48 was instantiated in the design, it is suggested to set both the MREG and PREG attributes to 1 when performing multiply functions.
Related violations: <none>

DPOP-2#94 Warning
MREG Output pipelining  
DSP pair_and_spare_FIR/replication_of_fir[3].replication/second_module/other_sections[4].fir_section/reg_s1__0 multiplier stage pair_and_spare_FIR/replication_of_fir[3].replication/second_module/other_sections[4].fir_section/reg_s1__0/P[47:0] is not pipelined (MREG=0). Pipelining the multiplier function will improve performance and will save significant power so it is suggested whenever possible to fully pipeline this function.  If this multiplier was inferred, it is suggested to describe an additional register stage after this function.  If there is no registered adder/accumulator following the multiply function, two pipeline stages are suggested to allow both the MREG and PREG registers to be used.  If the DSP48 was instantiated in the design, it is suggested to set both the MREG and PREG attributes to 1 when performing multiply functions.
Related violations: <none>

DPOP-2#95 Warning
MREG Output pipelining  
DSP pair_and_spare_FIR/replication_of_fir[3].replication/second_module/other_sections[5].fir_section/reg_s1 multiplier stage pair_and_spare_FIR/replication_of_fir[3].replication/second_module/other_sections[5].fir_section/reg_s1/P[47:0] is not pipelined (MREG=0). Pipelining the multiplier function will improve performance and will save significant power so it is suggested whenever possible to fully pipeline this function.  If this multiplier was inferred, it is suggested to describe an additional register stage after this function.  If there is no registered adder/accumulator following the multiply function, two pipeline stages are suggested to allow both the MREG and PREG registers to be used.  If the DSP48 was instantiated in the design, it is suggested to set both the MREG and PREG attributes to 1 when performing multiply functions.
Related violations: <none>

DPOP-2#96 Warning
MREG Output pipelining  
DSP pair_and_spare_FIR/replication_of_fir[3].replication/second_module/other_sections[5].fir_section/reg_s1__0 multiplier stage pair_and_spare_FIR/replication_of_fir[3].replication/second_module/other_sections[5].fir_section/reg_s1__0/P[47:0] is not pipelined (MREG=0). Pipelining the multiplier function will improve performance and will save significant power so it is suggested whenever possible to fully pipeline this function.  If this multiplier was inferred, it is suggested to describe an additional register stage after this function.  If there is no registered adder/accumulator following the multiply function, two pipeline stages are suggested to allow both the MREG and PREG registers to be used.  If the DSP48 was instantiated in the design, it is suggested to set both the MREG and PREG attributes to 1 when performing multiply functions.
Related violations: <none>

DPOP-2#97 Warning
MREG Output pipelining  
DSP pair_and_spare_FIR/replication_of_fir[4].replication/first_module/first_section/reg_s1 multiplier stage pair_and_spare_FIR/replication_of_fir[4].replication/first_module/first_section/reg_s1/P[47:0] is not pipelined (MREG=0). Pipelining the multiplier function will improve performance and will save significant power so it is suggested whenever possible to fully pipeline this function.  If this multiplier was inferred, it is suggested to describe an additional register stage after this function.  If there is no registered adder/accumulator following the multiply function, two pipeline stages are suggested to allow both the MREG and PREG registers to be used.  If the DSP48 was instantiated in the design, it is suggested to set both the MREG and PREG attributes to 1 when performing multiply functions.
Related violations: <none>

DPOP-2#98 Warning
MREG Output pipelining  
DSP pair_and_spare_FIR/replication_of_fir[4].replication/first_module/first_section/reg_s1__0 multiplier stage pair_and_spare_FIR/replication_of_fir[4].replication/first_module/first_section/reg_s1__0/P[47:0] is not pipelined (MREG=0). Pipelining the multiplier function will improve performance and will save significant power so it is suggested whenever possible to fully pipeline this function.  If this multiplier was inferred, it is suggested to describe an additional register stage after this function.  If there is no registered adder/accumulator following the multiply function, two pipeline stages are suggested to allow both the MREG and PREG registers to be used.  If the DSP48 was instantiated in the design, it is suggested to set both the MREG and PREG attributes to 1 when performing multiply functions.
Related violations: <none>

DPOP-2#99 Warning
MREG Output pipelining  
DSP pair_and_spare_FIR/replication_of_fir[4].replication/first_module/other_sections[1].fir_section/reg_s1 multiplier stage pair_and_spare_FIR/replication_of_fir[4].replication/first_module/other_sections[1].fir_section/reg_s1/P[47:0] is not pipelined (MREG=0). Pipelining the multiplier function will improve performance and will save significant power so it is suggested whenever possible to fully pipeline this function.  If this multiplier was inferred, it is suggested to describe an additional register stage after this function.  If there is no registered adder/accumulator following the multiply function, two pipeline stages are suggested to allow both the MREG and PREG registers to be used.  If the DSP48 was instantiated in the design, it is suggested to set both the MREG and PREG attributes to 1 when performing multiply functions.
Related violations: <none>

DPOP-2#100 Warning
MREG Output pipelining  
DSP pair_and_spare_FIR/replication_of_fir[4].replication/first_module/other_sections[1].fir_section/reg_s1__0 multiplier stage pair_and_spare_FIR/replication_of_fir[4].replication/first_module/other_sections[1].fir_section/reg_s1__0/P[47:0] is not pipelined (MREG=0). Pipelining the multiplier function will improve performance and will save significant power so it is suggested whenever possible to fully pipeline this function.  If this multiplier was inferred, it is suggested to describe an additional register stage after this function.  If there is no registered adder/accumulator following the multiply function, two pipeline stages are suggested to allow both the MREG and PREG registers to be used.  If the DSP48 was instantiated in the design, it is suggested to set both the MREG and PREG attributes to 1 when performing multiply functions.
Related violations: <none>

DPOP-2#101 Warning
MREG Output pipelining  
DSP pair_and_spare_FIR/replication_of_fir[4].replication/first_module/other_sections[2].fir_section/reg_s1 multiplier stage pair_and_spare_FIR/replication_of_fir[4].replication/first_module/other_sections[2].fir_section/reg_s1/P[47:0] is not pipelined (MREG=0). Pipelining the multiplier function will improve performance and will save significant power so it is suggested whenever possible to fully pipeline this function.  If this multiplier was inferred, it is suggested to describe an additional register stage after this function.  If there is no registered adder/accumulator following the multiply function, two pipeline stages are suggested to allow both the MREG and PREG registers to be used.  If the DSP48 was instantiated in the design, it is suggested to set both the MREG and PREG attributes to 1 when performing multiply functions.
Related violations: <none>

DPOP-2#102 Warning
MREG Output pipelining  
DSP pair_and_spare_FIR/replication_of_fir[4].replication/first_module/other_sections[2].fir_section/reg_s1__0 multiplier stage pair_and_spare_FIR/replication_of_fir[4].replication/first_module/other_sections[2].fir_section/reg_s1__0/P[47:0] is not pipelined (MREG=0). Pipelining the multiplier function will improve performance and will save significant power so it is suggested whenever possible to fully pipeline this function.  If this multiplier was inferred, it is suggested to describe an additional register stage after this function.  If there is no registered adder/accumulator following the multiply function, two pipeline stages are suggested to allow both the MREG and PREG registers to be used.  If the DSP48 was instantiated in the design, it is suggested to set both the MREG and PREG attributes to 1 when performing multiply functions.
Related violations: <none>

DPOP-2#103 Warning
MREG Output pipelining  
DSP pair_and_spare_FIR/replication_of_fir[4].replication/first_module/other_sections[3].fir_section/reg_s1 multiplier stage pair_and_spare_FIR/replication_of_fir[4].replication/first_module/other_sections[3].fir_section/reg_s1/P[47:0] is not pipelined (MREG=0). Pipelining the multiplier function will improve performance and will save significant power so it is suggested whenever possible to fully pipeline this function.  If this multiplier was inferred, it is suggested to describe an additional register stage after this function.  If there is no registered adder/accumulator following the multiply function, two pipeline stages are suggested to allow both the MREG and PREG registers to be used.  If the DSP48 was instantiated in the design, it is suggested to set both the MREG and PREG attributes to 1 when performing multiply functions.
Related violations: <none>

DPOP-2#104 Warning
MREG Output pipelining  
DSP pair_and_spare_FIR/replication_of_fir[4].replication/first_module/other_sections[3].fir_section/reg_s1__0 multiplier stage pair_and_spare_FIR/replication_of_fir[4].replication/first_module/other_sections[3].fir_section/reg_s1__0/P[47:0] is not pipelined (MREG=0). Pipelining the multiplier function will improve performance and will save significant power so it is suggested whenever possible to fully pipeline this function.  If this multiplier was inferred, it is suggested to describe an additional register stage after this function.  If there is no registered adder/accumulator following the multiply function, two pipeline stages are suggested to allow both the MREG and PREG registers to be used.  If the DSP48 was instantiated in the design, it is suggested to set both the MREG and PREG attributes to 1 when performing multiply functions.
Related violations: <none>

DPOP-2#105 Warning
MREG Output pipelining  
DSP pair_and_spare_FIR/replication_of_fir[4].replication/first_module/other_sections[4].fir_section/reg_s1 multiplier stage pair_and_spare_FIR/replication_of_fir[4].replication/first_module/other_sections[4].fir_section/reg_s1/P[47:0] is not pipelined (MREG=0). Pipelining the multiplier function will improve performance and will save significant power so it is suggested whenever possible to fully pipeline this function.  If this multiplier was inferred, it is suggested to describe an additional register stage after this function.  If there is no registered adder/accumulator following the multiply function, two pipeline stages are suggested to allow both the MREG and PREG registers to be used.  If the DSP48 was instantiated in the design, it is suggested to set both the MREG and PREG attributes to 1 when performing multiply functions.
Related violations: <none>

DPOP-2#106 Warning
MREG Output pipelining  
DSP pair_and_spare_FIR/replication_of_fir[4].replication/first_module/other_sections[4].fir_section/reg_s1__0 multiplier stage pair_and_spare_FIR/replication_of_fir[4].replication/first_module/other_sections[4].fir_section/reg_s1__0/P[47:0] is not pipelined (MREG=0). Pipelining the multiplier function will improve performance and will save significant power so it is suggested whenever possible to fully pipeline this function.  If this multiplier was inferred, it is suggested to describe an additional register stage after this function.  If there is no registered adder/accumulator following the multiply function, two pipeline stages are suggested to allow both the MREG and PREG registers to be used.  If the DSP48 was instantiated in the design, it is suggested to set both the MREG and PREG attributes to 1 when performing multiply functions.
Related violations: <none>

DPOP-2#107 Warning
MREG Output pipelining  
DSP pair_and_spare_FIR/replication_of_fir[4].replication/first_module/other_sections[5].fir_section/reg_s1 multiplier stage pair_and_spare_FIR/replication_of_fir[4].replication/first_module/other_sections[5].fir_section/reg_s1/P[47:0] is not pipelined (MREG=0). Pipelining the multiplier function will improve performance and will save significant power so it is suggested whenever possible to fully pipeline this function.  If this multiplier was inferred, it is suggested to describe an additional register stage after this function.  If there is no registered adder/accumulator following the multiply function, two pipeline stages are suggested to allow both the MREG and PREG registers to be used.  If the DSP48 was instantiated in the design, it is suggested to set both the MREG and PREG attributes to 1 when performing multiply functions.
Related violations: <none>

DPOP-2#108 Warning
MREG Output pipelining  
DSP pair_and_spare_FIR/replication_of_fir[4].replication/first_module/other_sections[5].fir_section/reg_s1__0 multiplier stage pair_and_spare_FIR/replication_of_fir[4].replication/first_module/other_sections[5].fir_section/reg_s1__0/P[47:0] is not pipelined (MREG=0). Pipelining the multiplier function will improve performance and will save significant power so it is suggested whenever possible to fully pipeline this function.  If this multiplier was inferred, it is suggested to describe an additional register stage after this function.  If there is no registered adder/accumulator following the multiply function, two pipeline stages are suggested to allow both the MREG and PREG registers to be used.  If the DSP48 was instantiated in the design, it is suggested to set both the MREG and PREG attributes to 1 when performing multiply functions.
Related violations: <none>

DPOP-2#109 Warning
MREG Output pipelining  
DSP pair_and_spare_FIR/replication_of_fir[4].replication/second_module/first_section/reg_s1 multiplier stage pair_and_spare_FIR/replication_of_fir[4].replication/second_module/first_section/reg_s1/P[47:0] is not pipelined (MREG=0). Pipelining the multiplier function will improve performance and will save significant power so it is suggested whenever possible to fully pipeline this function.  If this multiplier was inferred, it is suggested to describe an additional register stage after this function.  If there is no registered adder/accumulator following the multiply function, two pipeline stages are suggested to allow both the MREG and PREG registers to be used.  If the DSP48 was instantiated in the design, it is suggested to set both the MREG and PREG attributes to 1 when performing multiply functions.
Related violations: <none>

DPOP-2#110 Warning
MREG Output pipelining  
DSP pair_and_spare_FIR/replication_of_fir[4].replication/second_module/first_section/reg_s1__0 multiplier stage pair_and_spare_FIR/replication_of_fir[4].replication/second_module/first_section/reg_s1__0/P[47:0] is not pipelined (MREG=0). Pipelining the multiplier function will improve performance and will save significant power so it is suggested whenever possible to fully pipeline this function.  If this multiplier was inferred, it is suggested to describe an additional register stage after this function.  If there is no registered adder/accumulator following the multiply function, two pipeline stages are suggested to allow both the MREG and PREG registers to be used.  If the DSP48 was instantiated in the design, it is suggested to set both the MREG and PREG attributes to 1 when performing multiply functions.
Related violations: <none>

DPOP-2#111 Warning
MREG Output pipelining  
DSP pair_and_spare_FIR/replication_of_fir[4].replication/second_module/other_sections[1].fir_section/reg_s1 multiplier stage pair_and_spare_FIR/replication_of_fir[4].replication/second_module/other_sections[1].fir_section/reg_s1/P[47:0] is not pipelined (MREG=0). Pipelining the multiplier function will improve performance and will save significant power so it is suggested whenever possible to fully pipeline this function.  If this multiplier was inferred, it is suggested to describe an additional register stage after this function.  If there is no registered adder/accumulator following the multiply function, two pipeline stages are suggested to allow both the MREG and PREG registers to be used.  If the DSP48 was instantiated in the design, it is suggested to set both the MREG and PREG attributes to 1 when performing multiply functions.
Related violations: <none>

DPOP-2#112 Warning
MREG Output pipelining  
DSP pair_and_spare_FIR/replication_of_fir[4].replication/second_module/other_sections[1].fir_section/reg_s1__0 multiplier stage pair_and_spare_FIR/replication_of_fir[4].replication/second_module/other_sections[1].fir_section/reg_s1__0/P[47:0] is not pipelined (MREG=0). Pipelining the multiplier function will improve performance and will save significant power so it is suggested whenever possible to fully pipeline this function.  If this multiplier was inferred, it is suggested to describe an additional register stage after this function.  If there is no registered adder/accumulator following the multiply function, two pipeline stages are suggested to allow both the MREG and PREG registers to be used.  If the DSP48 was instantiated in the design, it is suggested to set both the MREG and PREG attributes to 1 when performing multiply functions.
Related violations: <none>

DPOP-2#113 Warning
MREG Output pipelining  
DSP pair_and_spare_FIR/replication_of_fir[4].replication/second_module/other_sections[2].fir_section/reg_s1 multiplier stage pair_and_spare_FIR/replication_of_fir[4].replication/second_module/other_sections[2].fir_section/reg_s1/P[47:0] is not pipelined (MREG=0). Pipelining the multiplier function will improve performance and will save significant power so it is suggested whenever possible to fully pipeline this function.  If this multiplier was inferred, it is suggested to describe an additional register stage after this function.  If there is no registered adder/accumulator following the multiply function, two pipeline stages are suggested to allow both the MREG and PREG registers to be used.  If the DSP48 was instantiated in the design, it is suggested to set both the MREG and PREG attributes to 1 when performing multiply functions.
Related violations: <none>

DPOP-2#114 Warning
MREG Output pipelining  
DSP pair_and_spare_FIR/replication_of_fir[4].replication/second_module/other_sections[2].fir_section/reg_s1__0 multiplier stage pair_and_spare_FIR/replication_of_fir[4].replication/second_module/other_sections[2].fir_section/reg_s1__0/P[47:0] is not pipelined (MREG=0). Pipelining the multiplier function will improve performance and will save significant power so it is suggested whenever possible to fully pipeline this function.  If this multiplier was inferred, it is suggested to describe an additional register stage after this function.  If there is no registered adder/accumulator following the multiply function, two pipeline stages are suggested to allow both the MREG and PREG registers to be used.  If the DSP48 was instantiated in the design, it is suggested to set both the MREG and PREG attributes to 1 when performing multiply functions.
Related violations: <none>

DPOP-2#115 Warning
MREG Output pipelining  
DSP pair_and_spare_FIR/replication_of_fir[4].replication/second_module/other_sections[3].fir_section/reg_s1 multiplier stage pair_and_spare_FIR/replication_of_fir[4].replication/second_module/other_sections[3].fir_section/reg_s1/P[47:0] is not pipelined (MREG=0). Pipelining the multiplier function will improve performance and will save significant power so it is suggested whenever possible to fully pipeline this function.  If this multiplier was inferred, it is suggested to describe an additional register stage after this function.  If there is no registered adder/accumulator following the multiply function, two pipeline stages are suggested to allow both the MREG and PREG registers to be used.  If the DSP48 was instantiated in the design, it is suggested to set both the MREG and PREG attributes to 1 when performing multiply functions.
Related violations: <none>

DPOP-2#116 Warning
MREG Output pipelining  
DSP pair_and_spare_FIR/replication_of_fir[4].replication/second_module/other_sections[3].fir_section/reg_s1__0 multiplier stage pair_and_spare_FIR/replication_of_fir[4].replication/second_module/other_sections[3].fir_section/reg_s1__0/P[47:0] is not pipelined (MREG=0). Pipelining the multiplier function will improve performance and will save significant power so it is suggested whenever possible to fully pipeline this function.  If this multiplier was inferred, it is suggested to describe an additional register stage after this function.  If there is no registered adder/accumulator following the multiply function, two pipeline stages are suggested to allow both the MREG and PREG registers to be used.  If the DSP48 was instantiated in the design, it is suggested to set both the MREG and PREG attributes to 1 when performing multiply functions.
Related violations: <none>

DPOP-2#117 Warning
MREG Output pipelining  
DSP pair_and_spare_FIR/replication_of_fir[4].replication/second_module/other_sections[4].fir_section/reg_s1 multiplier stage pair_and_spare_FIR/replication_of_fir[4].replication/second_module/other_sections[4].fir_section/reg_s1/P[47:0] is not pipelined (MREG=0). Pipelining the multiplier function will improve performance and will save significant power so it is suggested whenever possible to fully pipeline this function.  If this multiplier was inferred, it is suggested to describe an additional register stage after this function.  If there is no registered adder/accumulator following the multiply function, two pipeline stages are suggested to allow both the MREG and PREG registers to be used.  If the DSP48 was instantiated in the design, it is suggested to set both the MREG and PREG attributes to 1 when performing multiply functions.
Related violations: <none>

DPOP-2#118 Warning
MREG Output pipelining  
DSP pair_and_spare_FIR/replication_of_fir[4].replication/second_module/other_sections[4].fir_section/reg_s1__0 multiplier stage pair_and_spare_FIR/replication_of_fir[4].replication/second_module/other_sections[4].fir_section/reg_s1__0/P[47:0] is not pipelined (MREG=0). Pipelining the multiplier function will improve performance and will save significant power so it is suggested whenever possible to fully pipeline this function.  If this multiplier was inferred, it is suggested to describe an additional register stage after this function.  If there is no registered adder/accumulator following the multiply function, two pipeline stages are suggested to allow both the MREG and PREG registers to be used.  If the DSP48 was instantiated in the design, it is suggested to set both the MREG and PREG attributes to 1 when performing multiply functions.
Related violations: <none>

DPOP-2#119 Warning
MREG Output pipelining  
DSP pair_and_spare_FIR/replication_of_fir[4].replication/second_module/other_sections[5].fir_section/reg_s1 multiplier stage pair_and_spare_FIR/replication_of_fir[4].replication/second_module/other_sections[5].fir_section/reg_s1/P[47:0] is not pipelined (MREG=0). Pipelining the multiplier function will improve performance and will save significant power so it is suggested whenever possible to fully pipeline this function.  If this multiplier was inferred, it is suggested to describe an additional register stage after this function.  If there is no registered adder/accumulator following the multiply function, two pipeline stages are suggested to allow both the MREG and PREG registers to be used.  If the DSP48 was instantiated in the design, it is suggested to set both the MREG and PREG attributes to 1 when performing multiply functions.
Related violations: <none>

DPOP-2#120 Warning
MREG Output pipelining  
DSP pair_and_spare_FIR/replication_of_fir[4].replication/second_module/other_sections[5].fir_section/reg_s1__0 multiplier stage pair_and_spare_FIR/replication_of_fir[4].replication/second_module/other_sections[5].fir_section/reg_s1__0/P[47:0] is not pipelined (MREG=0). Pipelining the multiplier function will improve performance and will save significant power so it is suggested whenever possible to fully pipeline this function.  If this multiplier was inferred, it is suggested to describe an additional register stage after this function.  If there is no registered adder/accumulator following the multiply function, two pipeline stages are suggested to allow both the MREG and PREG registers to be used.  If the DSP48 was instantiated in the design, it is suggested to set both the MREG and PREG attributes to 1 when performing multiply functions.
Related violations: <none>

DPOP-2#121 Warning
MREG Output pipelining  
DSP pair_and_spare_FIR/replication_of_fir[5].replication/first_module/first_section/reg_s1 multiplier stage pair_and_spare_FIR/replication_of_fir[5].replication/first_module/first_section/reg_s1/P[47:0] is not pipelined (MREG=0). Pipelining the multiplier function will improve performance and will save significant power so it is suggested whenever possible to fully pipeline this function.  If this multiplier was inferred, it is suggested to describe an additional register stage after this function.  If there is no registered adder/accumulator following the multiply function, two pipeline stages are suggested to allow both the MREG and PREG registers to be used.  If the DSP48 was instantiated in the design, it is suggested to set both the MREG and PREG attributes to 1 when performing multiply functions.
Related violations: <none>

DPOP-2#122 Warning
MREG Output pipelining  
DSP pair_and_spare_FIR/replication_of_fir[5].replication/first_module/first_section/reg_s1__0 multiplier stage pair_and_spare_FIR/replication_of_fir[5].replication/first_module/first_section/reg_s1__0/P[47:0] is not pipelined (MREG=0). Pipelining the multiplier function will improve performance and will save significant power so it is suggested whenever possible to fully pipeline this function.  If this multiplier was inferred, it is suggested to describe an additional register stage after this function.  If there is no registered adder/accumulator following the multiply function, two pipeline stages are suggested to allow both the MREG and PREG registers to be used.  If the DSP48 was instantiated in the design, it is suggested to set both the MREG and PREG attributes to 1 when performing multiply functions.
Related violations: <none>

DPOP-2#123 Warning
MREG Output pipelining  
DSP pair_and_spare_FIR/replication_of_fir[5].replication/first_module/other_sections[1].fir_section/reg_s1 multiplier stage pair_and_spare_FIR/replication_of_fir[5].replication/first_module/other_sections[1].fir_section/reg_s1/P[47:0] is not pipelined (MREG=0). Pipelining the multiplier function will improve performance and will save significant power so it is suggested whenever possible to fully pipeline this function.  If this multiplier was inferred, it is suggested to describe an additional register stage after this function.  If there is no registered adder/accumulator following the multiply function, two pipeline stages are suggested to allow both the MREG and PREG registers to be used.  If the DSP48 was instantiated in the design, it is suggested to set both the MREG and PREG attributes to 1 when performing multiply functions.
Related violations: <none>

DPOP-2#124 Warning
MREG Output pipelining  
DSP pair_and_spare_FIR/replication_of_fir[5].replication/first_module/other_sections[1].fir_section/reg_s1__0 multiplier stage pair_and_spare_FIR/replication_of_fir[5].replication/first_module/other_sections[1].fir_section/reg_s1__0/P[47:0] is not pipelined (MREG=0). Pipelining the multiplier function will improve performance and will save significant power so it is suggested whenever possible to fully pipeline this function.  If this multiplier was inferred, it is suggested to describe an additional register stage after this function.  If there is no registered adder/accumulator following the multiply function, two pipeline stages are suggested to allow both the MREG and PREG registers to be used.  If the DSP48 was instantiated in the design, it is suggested to set both the MREG and PREG attributes to 1 when performing multiply functions.
Related violations: <none>

DPOP-2#125 Warning
MREG Output pipelining  
DSP pair_and_spare_FIR/replication_of_fir[5].replication/first_module/other_sections[2].fir_section/reg_s1 multiplier stage pair_and_spare_FIR/replication_of_fir[5].replication/first_module/other_sections[2].fir_section/reg_s1/P[47:0] is not pipelined (MREG=0). Pipelining the multiplier function will improve performance and will save significant power so it is suggested whenever possible to fully pipeline this function.  If this multiplier was inferred, it is suggested to describe an additional register stage after this function.  If there is no registered adder/accumulator following the multiply function, two pipeline stages are suggested to allow both the MREG and PREG registers to be used.  If the DSP48 was instantiated in the design, it is suggested to set both the MREG and PREG attributes to 1 when performing multiply functions.
Related violations: <none>

DPOP-2#126 Warning
MREG Output pipelining  
DSP pair_and_spare_FIR/replication_of_fir[5].replication/first_module/other_sections[2].fir_section/reg_s1__0 multiplier stage pair_and_spare_FIR/replication_of_fir[5].replication/first_module/other_sections[2].fir_section/reg_s1__0/P[47:0] is not pipelined (MREG=0). Pipelining the multiplier function will improve performance and will save significant power so it is suggested whenever possible to fully pipeline this function.  If this multiplier was inferred, it is suggested to describe an additional register stage after this function.  If there is no registered adder/accumulator following the multiply function, two pipeline stages are suggested to allow both the MREG and PREG registers to be used.  If the DSP48 was instantiated in the design, it is suggested to set both the MREG and PREG attributes to 1 when performing multiply functions.
Related violations: <none>

DPOP-2#127 Warning
MREG Output pipelining  
DSP pair_and_spare_FIR/replication_of_fir[5].replication/first_module/other_sections[3].fir_section/reg_s1 multiplier stage pair_and_spare_FIR/replication_of_fir[5].replication/first_module/other_sections[3].fir_section/reg_s1/P[47:0] is not pipelined (MREG=0). Pipelining the multiplier function will improve performance and will save significant power so it is suggested whenever possible to fully pipeline this function.  If this multiplier was inferred, it is suggested to describe an additional register stage after this function.  If there is no registered adder/accumulator following the multiply function, two pipeline stages are suggested to allow both the MREG and PREG registers to be used.  If the DSP48 was instantiated in the design, it is suggested to set both the MREG and PREG attributes to 1 when performing multiply functions.
Related violations: <none>

DPOP-2#128 Warning
MREG Output pipelining  
DSP pair_and_spare_FIR/replication_of_fir[5].replication/first_module/other_sections[3].fir_section/reg_s1__0 multiplier stage pair_and_spare_FIR/replication_of_fir[5].replication/first_module/other_sections[3].fir_section/reg_s1__0/P[47:0] is not pipelined (MREG=0). Pipelining the multiplier function will improve performance and will save significant power so it is suggested whenever possible to fully pipeline this function.  If this multiplier was inferred, it is suggested to describe an additional register stage after this function.  If there is no registered adder/accumulator following the multiply function, two pipeline stages are suggested to allow both the MREG and PREG registers to be used.  If the DSP48 was instantiated in the design, it is suggested to set both the MREG and PREG attributes to 1 when performing multiply functions.
Related violations: <none>

DPOP-2#129 Warning
MREG Output pipelining  
DSP pair_and_spare_FIR/replication_of_fir[5].replication/first_module/other_sections[4].fir_section/reg_s1 multiplier stage pair_and_spare_FIR/replication_of_fir[5].replication/first_module/other_sections[4].fir_section/reg_s1/P[47:0] is not pipelined (MREG=0). Pipelining the multiplier function will improve performance and will save significant power so it is suggested whenever possible to fully pipeline this function.  If this multiplier was inferred, it is suggested to describe an additional register stage after this function.  If there is no registered adder/accumulator following the multiply function, two pipeline stages are suggested to allow both the MREG and PREG registers to be used.  If the DSP48 was instantiated in the design, it is suggested to set both the MREG and PREG attributes to 1 when performing multiply functions.
Related violations: <none>

DPOP-2#130 Warning
MREG Output pipelining  
DSP pair_and_spare_FIR/replication_of_fir[5].replication/first_module/other_sections[4].fir_section/reg_s1__0 multiplier stage pair_and_spare_FIR/replication_of_fir[5].replication/first_module/other_sections[4].fir_section/reg_s1__0/P[47:0] is not pipelined (MREG=0). Pipelining the multiplier function will improve performance and will save significant power so it is suggested whenever possible to fully pipeline this function.  If this multiplier was inferred, it is suggested to describe an additional register stage after this function.  If there is no registered adder/accumulator following the multiply function, two pipeline stages are suggested to allow both the MREG and PREG registers to be used.  If the DSP48 was instantiated in the design, it is suggested to set both the MREG and PREG attributes to 1 when performing multiply functions.
Related violations: <none>

DPOP-2#131 Warning
MREG Output pipelining  
DSP pair_and_spare_FIR/replication_of_fir[5].replication/first_module/other_sections[5].fir_section/reg_s1 multiplier stage pair_and_spare_FIR/replication_of_fir[5].replication/first_module/other_sections[5].fir_section/reg_s1/P[47:0] is not pipelined (MREG=0). Pipelining the multiplier function will improve performance and will save significant power so it is suggested whenever possible to fully pipeline this function.  If this multiplier was inferred, it is suggested to describe an additional register stage after this function.  If there is no registered adder/accumulator following the multiply function, two pipeline stages are suggested to allow both the MREG and PREG registers to be used.  If the DSP48 was instantiated in the design, it is suggested to set both the MREG and PREG attributes to 1 when performing multiply functions.
Related violations: <none>

DPOP-2#132 Warning
MREG Output pipelining  
DSP pair_and_spare_FIR/replication_of_fir[5].replication/first_module/other_sections[5].fir_section/reg_s1__0 multiplier stage pair_and_spare_FIR/replication_of_fir[5].replication/first_module/other_sections[5].fir_section/reg_s1__0/P[47:0] is not pipelined (MREG=0). Pipelining the multiplier function will improve performance and will save significant power so it is suggested whenever possible to fully pipeline this function.  If this multiplier was inferred, it is suggested to describe an additional register stage after this function.  If there is no registered adder/accumulator following the multiply function, two pipeline stages are suggested to allow both the MREG and PREG registers to be used.  If the DSP48 was instantiated in the design, it is suggested to set both the MREG and PREG attributes to 1 when performing multiply functions.
Related violations: <none>

DPOP-2#133 Warning
MREG Output pipelining  
DSP pair_and_spare_FIR/replication_of_fir[5].replication/second_module/first_section/reg_s1 multiplier stage pair_and_spare_FIR/replication_of_fir[5].replication/second_module/first_section/reg_s1/P[47:0] is not pipelined (MREG=0). Pipelining the multiplier function will improve performance and will save significant power so it is suggested whenever possible to fully pipeline this function.  If this multiplier was inferred, it is suggested to describe an additional register stage after this function.  If there is no registered adder/accumulator following the multiply function, two pipeline stages are suggested to allow both the MREG and PREG registers to be used.  If the DSP48 was instantiated in the design, it is suggested to set both the MREG and PREG attributes to 1 when performing multiply functions.
Related violations: <none>

DPOP-2#134 Warning
MREG Output pipelining  
DSP pair_and_spare_FIR/replication_of_fir[5].replication/second_module/first_section/reg_s1__0 multiplier stage pair_and_spare_FIR/replication_of_fir[5].replication/second_module/first_section/reg_s1__0/P[47:0] is not pipelined (MREG=0). Pipelining the multiplier function will improve performance and will save significant power so it is suggested whenever possible to fully pipeline this function.  If this multiplier was inferred, it is suggested to describe an additional register stage after this function.  If there is no registered adder/accumulator following the multiply function, two pipeline stages are suggested to allow both the MREG and PREG registers to be used.  If the DSP48 was instantiated in the design, it is suggested to set both the MREG and PREG attributes to 1 when performing multiply functions.
Related violations: <none>

DPOP-2#135 Warning
MREG Output pipelining  
DSP pair_and_spare_FIR/replication_of_fir[5].replication/second_module/other_sections[1].fir_section/reg_s1 multiplier stage pair_and_spare_FIR/replication_of_fir[5].replication/second_module/other_sections[1].fir_section/reg_s1/P[47:0] is not pipelined (MREG=0). Pipelining the multiplier function will improve performance and will save significant power so it is suggested whenever possible to fully pipeline this function.  If this multiplier was inferred, it is suggested to describe an additional register stage after this function.  If there is no registered adder/accumulator following the multiply function, two pipeline stages are suggested to allow both the MREG and PREG registers to be used.  If the DSP48 was instantiated in the design, it is suggested to set both the MREG and PREG attributes to 1 when performing multiply functions.
Related violations: <none>

DPOP-2#136 Warning
MREG Output pipelining  
DSP pair_and_spare_FIR/replication_of_fir[5].replication/second_module/other_sections[1].fir_section/reg_s1__0 multiplier stage pair_and_spare_FIR/replication_of_fir[5].replication/second_module/other_sections[1].fir_section/reg_s1__0/P[47:0] is not pipelined (MREG=0). Pipelining the multiplier function will improve performance and will save significant power so it is suggested whenever possible to fully pipeline this function.  If this multiplier was inferred, it is suggested to describe an additional register stage after this function.  If there is no registered adder/accumulator following the multiply function, two pipeline stages are suggested to allow both the MREG and PREG registers to be used.  If the DSP48 was instantiated in the design, it is suggested to set both the MREG and PREG attributes to 1 when performing multiply functions.
Related violations: <none>

DPOP-2#137 Warning
MREG Output pipelining  
DSP pair_and_spare_FIR/replication_of_fir[5].replication/second_module/other_sections[2].fir_section/reg_s1 multiplier stage pair_and_spare_FIR/replication_of_fir[5].replication/second_module/other_sections[2].fir_section/reg_s1/P[47:0] is not pipelined (MREG=0). Pipelining the multiplier function will improve performance and will save significant power so it is suggested whenever possible to fully pipeline this function.  If this multiplier was inferred, it is suggested to describe an additional register stage after this function.  If there is no registered adder/accumulator following the multiply function, two pipeline stages are suggested to allow both the MREG and PREG registers to be used.  If the DSP48 was instantiated in the design, it is suggested to set both the MREG and PREG attributes to 1 when performing multiply functions.
Related violations: <none>

DPOP-2#138 Warning
MREG Output pipelining  
DSP pair_and_spare_FIR/replication_of_fir[5].replication/second_module/other_sections[2].fir_section/reg_s1__0 multiplier stage pair_and_spare_FIR/replication_of_fir[5].replication/second_module/other_sections[2].fir_section/reg_s1__0/P[47:0] is not pipelined (MREG=0). Pipelining the multiplier function will improve performance and will save significant power so it is suggested whenever possible to fully pipeline this function.  If this multiplier was inferred, it is suggested to describe an additional register stage after this function.  If there is no registered adder/accumulator following the multiply function, two pipeline stages are suggested to allow both the MREG and PREG registers to be used.  If the DSP48 was instantiated in the design, it is suggested to set both the MREG and PREG attributes to 1 when performing multiply functions.
Related violations: <none>

DPOP-2#139 Warning
MREG Output pipelining  
DSP pair_and_spare_FIR/replication_of_fir[5].replication/second_module/other_sections[3].fir_section/reg_s1 multiplier stage pair_and_spare_FIR/replication_of_fir[5].replication/second_module/other_sections[3].fir_section/reg_s1/P[47:0] is not pipelined (MREG=0). Pipelining the multiplier function will improve performance and will save significant power so it is suggested whenever possible to fully pipeline this function.  If this multiplier was inferred, it is suggested to describe an additional register stage after this function.  If there is no registered adder/accumulator following the multiply function, two pipeline stages are suggested to allow both the MREG and PREG registers to be used.  If the DSP48 was instantiated in the design, it is suggested to set both the MREG and PREG attributes to 1 when performing multiply functions.
Related violations: <none>

DPOP-2#140 Warning
MREG Output pipelining  
DSP pair_and_spare_FIR/replication_of_fir[5].replication/second_module/other_sections[3].fir_section/reg_s1__0 multiplier stage pair_and_spare_FIR/replication_of_fir[5].replication/second_module/other_sections[3].fir_section/reg_s1__0/P[47:0] is not pipelined (MREG=0). Pipelining the multiplier function will improve performance and will save significant power so it is suggested whenever possible to fully pipeline this function.  If this multiplier was inferred, it is suggested to describe an additional register stage after this function.  If there is no registered adder/accumulator following the multiply function, two pipeline stages are suggested to allow both the MREG and PREG registers to be used.  If the DSP48 was instantiated in the design, it is suggested to set both the MREG and PREG attributes to 1 when performing multiply functions.
Related violations: <none>

DPOP-2#141 Warning
MREG Output pipelining  
DSP pair_and_spare_FIR/replication_of_fir[5].replication/second_module/other_sections[4].fir_section/reg_s1 multiplier stage pair_and_spare_FIR/replication_of_fir[5].replication/second_module/other_sections[4].fir_section/reg_s1/P[47:0] is not pipelined (MREG=0). Pipelining the multiplier function will improve performance and will save significant power so it is suggested whenever possible to fully pipeline this function.  If this multiplier was inferred, it is suggested to describe an additional register stage after this function.  If there is no registered adder/accumulator following the multiply function, two pipeline stages are suggested to allow both the MREG and PREG registers to be used.  If the DSP48 was instantiated in the design, it is suggested to set both the MREG and PREG attributes to 1 when performing multiply functions.
Related violations: <none>

DPOP-2#142 Warning
MREG Output pipelining  
DSP pair_and_spare_FIR/replication_of_fir[5].replication/second_module/other_sections[4].fir_section/reg_s1__0 multiplier stage pair_and_spare_FIR/replication_of_fir[5].replication/second_module/other_sections[4].fir_section/reg_s1__0/P[47:0] is not pipelined (MREG=0). Pipelining the multiplier function will improve performance and will save significant power so it is suggested whenever possible to fully pipeline this function.  If this multiplier was inferred, it is suggested to describe an additional register stage after this function.  If there is no registered adder/accumulator following the multiply function, two pipeline stages are suggested to allow both the MREG and PREG registers to be used.  If the DSP48 was instantiated in the design, it is suggested to set both the MREG and PREG attributes to 1 when performing multiply functions.
Related violations: <none>

DPOP-2#143 Warning
MREG Output pipelining  
DSP pair_and_spare_FIR/replication_of_fir[5].replication/second_module/other_sections[5].fir_section/reg_s1 multiplier stage pair_and_spare_FIR/replication_of_fir[5].replication/second_module/other_sections[5].fir_section/reg_s1/P[47:0] is not pipelined (MREG=0). Pipelining the multiplier function will improve performance and will save significant power so it is suggested whenever possible to fully pipeline this function.  If this multiplier was inferred, it is suggested to describe an additional register stage after this function.  If there is no registered adder/accumulator following the multiply function, two pipeline stages are suggested to allow both the MREG and PREG registers to be used.  If the DSP48 was instantiated in the design, it is suggested to set both the MREG and PREG attributes to 1 when performing multiply functions.
Related violations: <none>

DPOP-2#144 Warning
MREG Output pipelining  
DSP pair_and_spare_FIR/replication_of_fir[5].replication/second_module/other_sections[5].fir_section/reg_s1__0 multiplier stage pair_and_spare_FIR/replication_of_fir[5].replication/second_module/other_sections[5].fir_section/reg_s1__0/P[47:0] is not pipelined (MREG=0). Pipelining the multiplier function will improve performance and will save significant power so it is suggested whenever possible to fully pipeline this function.  If this multiplier was inferred, it is suggested to describe an additional register stage after this function.  If there is no registered adder/accumulator following the multiply function, two pipeline stages are suggested to allow both the MREG and PREG registers to be used.  If the DSP48 was instantiated in the design, it is suggested to set both the MREG and PREG attributes to 1 when performing multiply functions.
Related violations: <none>

DPOP-2#145 Warning
MREG Output pipelining  
DSP pair_and_spare_FIR/replication_of_fir[6].replication/first_module/first_section/reg_s1 multiplier stage pair_and_spare_FIR/replication_of_fir[6].replication/first_module/first_section/reg_s1/P[47:0] is not pipelined (MREG=0). Pipelining the multiplier function will improve performance and will save significant power so it is suggested whenever possible to fully pipeline this function.  If this multiplier was inferred, it is suggested to describe an additional register stage after this function.  If there is no registered adder/accumulator following the multiply function, two pipeline stages are suggested to allow both the MREG and PREG registers to be used.  If the DSP48 was instantiated in the design, it is suggested to set both the MREG and PREG attributes to 1 when performing multiply functions.
Related violations: <none>

DPOP-2#146 Warning
MREG Output pipelining  
DSP pair_and_spare_FIR/replication_of_fir[6].replication/first_module/first_section/reg_s1__0 multiplier stage pair_and_spare_FIR/replication_of_fir[6].replication/first_module/first_section/reg_s1__0/P[47:0] is not pipelined (MREG=0). Pipelining the multiplier function will improve performance and will save significant power so it is suggested whenever possible to fully pipeline this function.  If this multiplier was inferred, it is suggested to describe an additional register stage after this function.  If there is no registered adder/accumulator following the multiply function, two pipeline stages are suggested to allow both the MREG and PREG registers to be used.  If the DSP48 was instantiated in the design, it is suggested to set both the MREG and PREG attributes to 1 when performing multiply functions.
Related violations: <none>

DPOP-2#147 Warning
MREG Output pipelining  
DSP pair_and_spare_FIR/replication_of_fir[6].replication/first_module/other_sections[1].fir_section/reg_s1 multiplier stage pair_and_spare_FIR/replication_of_fir[6].replication/first_module/other_sections[1].fir_section/reg_s1/P[47:0] is not pipelined (MREG=0). Pipelining the multiplier function will improve performance and will save significant power so it is suggested whenever possible to fully pipeline this function.  If this multiplier was inferred, it is suggested to describe an additional register stage after this function.  If there is no registered adder/accumulator following the multiply function, two pipeline stages are suggested to allow both the MREG and PREG registers to be used.  If the DSP48 was instantiated in the design, it is suggested to set both the MREG and PREG attributes to 1 when performing multiply functions.
Related violations: <none>

DPOP-2#148 Warning
MREG Output pipelining  
DSP pair_and_spare_FIR/replication_of_fir[6].replication/first_module/other_sections[1].fir_section/reg_s1__0 multiplier stage pair_and_spare_FIR/replication_of_fir[6].replication/first_module/other_sections[1].fir_section/reg_s1__0/P[47:0] is not pipelined (MREG=0). Pipelining the multiplier function will improve performance and will save significant power so it is suggested whenever possible to fully pipeline this function.  If this multiplier was inferred, it is suggested to describe an additional register stage after this function.  If there is no registered adder/accumulator following the multiply function, two pipeline stages are suggested to allow both the MREG and PREG registers to be used.  If the DSP48 was instantiated in the design, it is suggested to set both the MREG and PREG attributes to 1 when performing multiply functions.
Related violations: <none>

DPOP-2#149 Warning
MREG Output pipelining  
DSP pair_and_spare_FIR/replication_of_fir[6].replication/first_module/other_sections[2].fir_section/reg_s1 multiplier stage pair_and_spare_FIR/replication_of_fir[6].replication/first_module/other_sections[2].fir_section/reg_s1/P[47:0] is not pipelined (MREG=0). Pipelining the multiplier function will improve performance and will save significant power so it is suggested whenever possible to fully pipeline this function.  If this multiplier was inferred, it is suggested to describe an additional register stage after this function.  If there is no registered adder/accumulator following the multiply function, two pipeline stages are suggested to allow both the MREG and PREG registers to be used.  If the DSP48 was instantiated in the design, it is suggested to set both the MREG and PREG attributes to 1 when performing multiply functions.
Related violations: <none>

DPOP-2#150 Warning
MREG Output pipelining  
DSP pair_and_spare_FIR/replication_of_fir[6].replication/first_module/other_sections[2].fir_section/reg_s1__0 multiplier stage pair_and_spare_FIR/replication_of_fir[6].replication/first_module/other_sections[2].fir_section/reg_s1__0/P[47:0] is not pipelined (MREG=0). Pipelining the multiplier function will improve performance and will save significant power so it is suggested whenever possible to fully pipeline this function.  If this multiplier was inferred, it is suggested to describe an additional register stage after this function.  If there is no registered adder/accumulator following the multiply function, two pipeline stages are suggested to allow both the MREG and PREG registers to be used.  If the DSP48 was instantiated in the design, it is suggested to set both the MREG and PREG attributes to 1 when performing multiply functions.
Related violations: <none>

DPOP-2#151 Warning
MREG Output pipelining  
DSP pair_and_spare_FIR/replication_of_fir[6].replication/first_module/other_sections[3].fir_section/reg_s1 multiplier stage pair_and_spare_FIR/replication_of_fir[6].replication/first_module/other_sections[3].fir_section/reg_s1/P[47:0] is not pipelined (MREG=0). Pipelining the multiplier function will improve performance and will save significant power so it is suggested whenever possible to fully pipeline this function.  If this multiplier was inferred, it is suggested to describe an additional register stage after this function.  If there is no registered adder/accumulator following the multiply function, two pipeline stages are suggested to allow both the MREG and PREG registers to be used.  If the DSP48 was instantiated in the design, it is suggested to set both the MREG and PREG attributes to 1 when performing multiply functions.
Related violations: <none>

DPOP-2#152 Warning
MREG Output pipelining  
DSP pair_and_spare_FIR/replication_of_fir[6].replication/first_module/other_sections[3].fir_section/reg_s1__0 multiplier stage pair_and_spare_FIR/replication_of_fir[6].replication/first_module/other_sections[3].fir_section/reg_s1__0/P[47:0] is not pipelined (MREG=0). Pipelining the multiplier function will improve performance and will save significant power so it is suggested whenever possible to fully pipeline this function.  If this multiplier was inferred, it is suggested to describe an additional register stage after this function.  If there is no registered adder/accumulator following the multiply function, two pipeline stages are suggested to allow both the MREG and PREG registers to be used.  If the DSP48 was instantiated in the design, it is suggested to set both the MREG and PREG attributes to 1 when performing multiply functions.
Related violations: <none>

DPOP-2#153 Warning
MREG Output pipelining  
DSP pair_and_spare_FIR/replication_of_fir[6].replication/first_module/other_sections[4].fir_section/reg_s1 multiplier stage pair_and_spare_FIR/replication_of_fir[6].replication/first_module/other_sections[4].fir_section/reg_s1/P[47:0] is not pipelined (MREG=0). Pipelining the multiplier function will improve performance and will save significant power so it is suggested whenever possible to fully pipeline this function.  If this multiplier was inferred, it is suggested to describe an additional register stage after this function.  If there is no registered adder/accumulator following the multiply function, two pipeline stages are suggested to allow both the MREG and PREG registers to be used.  If the DSP48 was instantiated in the design, it is suggested to set both the MREG and PREG attributes to 1 when performing multiply functions.
Related violations: <none>

DPOP-2#154 Warning
MREG Output pipelining  
DSP pair_and_spare_FIR/replication_of_fir[6].replication/first_module/other_sections[4].fir_section/reg_s1__0 multiplier stage pair_and_spare_FIR/replication_of_fir[6].replication/first_module/other_sections[4].fir_section/reg_s1__0/P[47:0] is not pipelined (MREG=0). Pipelining the multiplier function will improve performance and will save significant power so it is suggested whenever possible to fully pipeline this function.  If this multiplier was inferred, it is suggested to describe an additional register stage after this function.  If there is no registered adder/accumulator following the multiply function, two pipeline stages are suggested to allow both the MREG and PREG registers to be used.  If the DSP48 was instantiated in the design, it is suggested to set both the MREG and PREG attributes to 1 when performing multiply functions.
Related violations: <none>

DPOP-2#155 Warning
MREG Output pipelining  
DSP pair_and_spare_FIR/replication_of_fir[6].replication/first_module/other_sections[5].fir_section/reg_s1 multiplier stage pair_and_spare_FIR/replication_of_fir[6].replication/first_module/other_sections[5].fir_section/reg_s1/P[47:0] is not pipelined (MREG=0). Pipelining the multiplier function will improve performance and will save significant power so it is suggested whenever possible to fully pipeline this function.  If this multiplier was inferred, it is suggested to describe an additional register stage after this function.  If there is no registered adder/accumulator following the multiply function, two pipeline stages are suggested to allow both the MREG and PREG registers to be used.  If the DSP48 was instantiated in the design, it is suggested to set both the MREG and PREG attributes to 1 when performing multiply functions.
Related violations: <none>

DPOP-2#156 Warning
MREG Output pipelining  
DSP pair_and_spare_FIR/replication_of_fir[6].replication/first_module/other_sections[5].fir_section/reg_s1__0 multiplier stage pair_and_spare_FIR/replication_of_fir[6].replication/first_module/other_sections[5].fir_section/reg_s1__0/P[47:0] is not pipelined (MREG=0). Pipelining the multiplier function will improve performance and will save significant power so it is suggested whenever possible to fully pipeline this function.  If this multiplier was inferred, it is suggested to describe an additional register stage after this function.  If there is no registered adder/accumulator following the multiply function, two pipeline stages are suggested to allow both the MREG and PREG registers to be used.  If the DSP48 was instantiated in the design, it is suggested to set both the MREG and PREG attributes to 1 when performing multiply functions.
Related violations: <none>

DPOP-2#157 Warning
MREG Output pipelining  
DSP pair_and_spare_FIR/replication_of_fir[6].replication/second_module/first_section/reg_s1 multiplier stage pair_and_spare_FIR/replication_of_fir[6].replication/second_module/first_section/reg_s1/P[47:0] is not pipelined (MREG=0). Pipelining the multiplier function will improve performance and will save significant power so it is suggested whenever possible to fully pipeline this function.  If this multiplier was inferred, it is suggested to describe an additional register stage after this function.  If there is no registered adder/accumulator following the multiply function, two pipeline stages are suggested to allow both the MREG and PREG registers to be used.  If the DSP48 was instantiated in the design, it is suggested to set both the MREG and PREG attributes to 1 when performing multiply functions.
Related violations: <none>

DPOP-2#158 Warning
MREG Output pipelining  
DSP pair_and_spare_FIR/replication_of_fir[6].replication/second_module/first_section/reg_s1__0 multiplier stage pair_and_spare_FIR/replication_of_fir[6].replication/second_module/first_section/reg_s1__0/P[47:0] is not pipelined (MREG=0). Pipelining the multiplier function will improve performance and will save significant power so it is suggested whenever possible to fully pipeline this function.  If this multiplier was inferred, it is suggested to describe an additional register stage after this function.  If there is no registered adder/accumulator following the multiply function, two pipeline stages are suggested to allow both the MREG and PREG registers to be used.  If the DSP48 was instantiated in the design, it is suggested to set both the MREG and PREG attributes to 1 when performing multiply functions.
Related violations: <none>

DPOP-2#159 Warning
MREG Output pipelining  
DSP pair_and_spare_FIR/replication_of_fir[6].replication/second_module/other_sections[1].fir_section/reg_s1 multiplier stage pair_and_spare_FIR/replication_of_fir[6].replication/second_module/other_sections[1].fir_section/reg_s1/P[47:0] is not pipelined (MREG=0). Pipelining the multiplier function will improve performance and will save significant power so it is suggested whenever possible to fully pipeline this function.  If this multiplier was inferred, it is suggested to describe an additional register stage after this function.  If there is no registered adder/accumulator following the multiply function, two pipeline stages are suggested to allow both the MREG and PREG registers to be used.  If the DSP48 was instantiated in the design, it is suggested to set both the MREG and PREG attributes to 1 when performing multiply functions.
Related violations: <none>

DPOP-2#160 Warning
MREG Output pipelining  
DSP pair_and_spare_FIR/replication_of_fir[6].replication/second_module/other_sections[1].fir_section/reg_s1__0 multiplier stage pair_and_spare_FIR/replication_of_fir[6].replication/second_module/other_sections[1].fir_section/reg_s1__0/P[47:0] is not pipelined (MREG=0). Pipelining the multiplier function will improve performance and will save significant power so it is suggested whenever possible to fully pipeline this function.  If this multiplier was inferred, it is suggested to describe an additional register stage after this function.  If there is no registered adder/accumulator following the multiply function, two pipeline stages are suggested to allow both the MREG and PREG registers to be used.  If the DSP48 was instantiated in the design, it is suggested to set both the MREG and PREG attributes to 1 when performing multiply functions.
Related violations: <none>

DPOP-2#161 Warning
MREG Output pipelining  
DSP pair_and_spare_FIR/replication_of_fir[6].replication/second_module/other_sections[2].fir_section/reg_s1 multiplier stage pair_and_spare_FIR/replication_of_fir[6].replication/second_module/other_sections[2].fir_section/reg_s1/P[47:0] is not pipelined (MREG=0). Pipelining the multiplier function will improve performance and will save significant power so it is suggested whenever possible to fully pipeline this function.  If this multiplier was inferred, it is suggested to describe an additional register stage after this function.  If there is no registered adder/accumulator following the multiply function, two pipeline stages are suggested to allow both the MREG and PREG registers to be used.  If the DSP48 was instantiated in the design, it is suggested to set both the MREG and PREG attributes to 1 when performing multiply functions.
Related violations: <none>

DPOP-2#162 Warning
MREG Output pipelining  
DSP pair_and_spare_FIR/replication_of_fir[6].replication/second_module/other_sections[2].fir_section/reg_s1__0 multiplier stage pair_and_spare_FIR/replication_of_fir[6].replication/second_module/other_sections[2].fir_section/reg_s1__0/P[47:0] is not pipelined (MREG=0). Pipelining the multiplier function will improve performance and will save significant power so it is suggested whenever possible to fully pipeline this function.  If this multiplier was inferred, it is suggested to describe an additional register stage after this function.  If there is no registered adder/accumulator following the multiply function, two pipeline stages are suggested to allow both the MREG and PREG registers to be used.  If the DSP48 was instantiated in the design, it is suggested to set both the MREG and PREG attributes to 1 when performing multiply functions.
Related violations: <none>

DPOP-2#163 Warning
MREG Output pipelining  
DSP pair_and_spare_FIR/replication_of_fir[6].replication/second_module/other_sections[3].fir_section/reg_s1 multiplier stage pair_and_spare_FIR/replication_of_fir[6].replication/second_module/other_sections[3].fir_section/reg_s1/P[47:0] is not pipelined (MREG=0). Pipelining the multiplier function will improve performance and will save significant power so it is suggested whenever possible to fully pipeline this function.  If this multiplier was inferred, it is suggested to describe an additional register stage after this function.  If there is no registered adder/accumulator following the multiply function, two pipeline stages are suggested to allow both the MREG and PREG registers to be used.  If the DSP48 was instantiated in the design, it is suggested to set both the MREG and PREG attributes to 1 when performing multiply functions.
Related violations: <none>

DPOP-2#164 Warning
MREG Output pipelining  
DSP pair_and_spare_FIR/replication_of_fir[6].replication/second_module/other_sections[3].fir_section/reg_s1__0 multiplier stage pair_and_spare_FIR/replication_of_fir[6].replication/second_module/other_sections[3].fir_section/reg_s1__0/P[47:0] is not pipelined (MREG=0). Pipelining the multiplier function will improve performance and will save significant power so it is suggested whenever possible to fully pipeline this function.  If this multiplier was inferred, it is suggested to describe an additional register stage after this function.  If there is no registered adder/accumulator following the multiply function, two pipeline stages are suggested to allow both the MREG and PREG registers to be used.  If the DSP48 was instantiated in the design, it is suggested to set both the MREG and PREG attributes to 1 when performing multiply functions.
Related violations: <none>

DPOP-2#165 Warning
MREG Output pipelining  
DSP pair_and_spare_FIR/replication_of_fir[6].replication/second_module/other_sections[4].fir_section/reg_s1 multiplier stage pair_and_spare_FIR/replication_of_fir[6].replication/second_module/other_sections[4].fir_section/reg_s1/P[47:0] is not pipelined (MREG=0). Pipelining the multiplier function will improve performance and will save significant power so it is suggested whenever possible to fully pipeline this function.  If this multiplier was inferred, it is suggested to describe an additional register stage after this function.  If there is no registered adder/accumulator following the multiply function, two pipeline stages are suggested to allow both the MREG and PREG registers to be used.  If the DSP48 was instantiated in the design, it is suggested to set both the MREG and PREG attributes to 1 when performing multiply functions.
Related violations: <none>

DPOP-2#166 Warning
MREG Output pipelining  
DSP pair_and_spare_FIR/replication_of_fir[6].replication/second_module/other_sections[4].fir_section/reg_s1__0 multiplier stage pair_and_spare_FIR/replication_of_fir[6].replication/second_module/other_sections[4].fir_section/reg_s1__0/P[47:0] is not pipelined (MREG=0). Pipelining the multiplier function will improve performance and will save significant power so it is suggested whenever possible to fully pipeline this function.  If this multiplier was inferred, it is suggested to describe an additional register stage after this function.  If there is no registered adder/accumulator following the multiply function, two pipeline stages are suggested to allow both the MREG and PREG registers to be used.  If the DSP48 was instantiated in the design, it is suggested to set both the MREG and PREG attributes to 1 when performing multiply functions.
Related violations: <none>

DPOP-2#167 Warning
MREG Output pipelining  
DSP pair_and_spare_FIR/replication_of_fir[6].replication/second_module/other_sections[5].fir_section/reg_s1 multiplier stage pair_and_spare_FIR/replication_of_fir[6].replication/second_module/other_sections[5].fir_section/reg_s1/P[47:0] is not pipelined (MREG=0). Pipelining the multiplier function will improve performance and will save significant power so it is suggested whenever possible to fully pipeline this function.  If this multiplier was inferred, it is suggested to describe an additional register stage after this function.  If there is no registered adder/accumulator following the multiply function, two pipeline stages are suggested to allow both the MREG and PREG registers to be used.  If the DSP48 was instantiated in the design, it is suggested to set both the MREG and PREG attributes to 1 when performing multiply functions.
Related violations: <none>

DPOP-2#168 Warning
MREG Output pipelining  
DSP pair_and_spare_FIR/replication_of_fir[6].replication/second_module/other_sections[5].fir_section/reg_s1__0 multiplier stage pair_and_spare_FIR/replication_of_fir[6].replication/second_module/other_sections[5].fir_section/reg_s1__0/P[47:0] is not pipelined (MREG=0). Pipelining the multiplier function will improve performance and will save significant power so it is suggested whenever possible to fully pipeline this function.  If this multiplier was inferred, it is suggested to describe an additional register stage after this function.  If there is no registered adder/accumulator following the multiply function, two pipeline stages are suggested to allow both the MREG and PREG registers to be used.  If the DSP48 was instantiated in the design, it is suggested to set both the MREG and PREG attributes to 1 when performing multiply functions.
Related violations: <none>

ZPS7-1#1 Warning
PS7 block required  
The PS7 cell must be used in this Zynq design in order to enable correct default configuration.
Related violations: <none>


