Copyright 1986-2022 Xilinx, Inc. All Rights Reserved. Copyright 2022-2023 Advanced Micro Devices, Inc. All Rights Reserved.
------------------------------------------------------------------------------------------------------------------------------------------------------------------------------------------------------
| Tool Version : Vivado v.2023.1 (win64) Build 3865809 Sun May  7 15:05:29 MDT 2023
| Date         : Tue Aug 25 12:04:59 2026
| Host         : DESKTOP-U5TLLQS running 64-bit major release  (build 9200)
| Command      : report_timing_summary -max_paths 10 -report_unconstrained -file top_timing_summary_routed.rpt -pb top_timing_summary_routed.pb -rpx top_timing_summary_routed.rpx -warn_on_violation
| Design       : top
| Device       : 7z020-clg400
| Speed File   : -1  PRODUCTION 1.12 2019-11-22
| Design State : Routed
------------------------------------------------------------------------------------------------------------------------------------------------------------------------------------------------------

Timing Summary Report

------------------------------------------------------------------------------------------------
| Timer Settings
| --------------
------------------------------------------------------------------------------------------------

  Enable Multi Corner Analysis               :  Yes
  Enable Pessimism Removal                   :  Yes
  Pessimism Removal Resolution               :  Nearest Common Node
  Enable Input Delay Default Clock           :  No
  Enable Preset / Clear Arcs                 :  No
  Disable Flight Delays                      :  No
  Ignore I/O Paths                           :  No
  Timing Early Launch at Borrowing Latches   :  No
  Borrow Time for Max Delay Exceptions       :  Yes
  Merge Timing Exceptions                    :  Yes

  Corner  Analyze    Analyze    
  Name    Max Paths  Min Paths  
  ------  ---------  ---------  
  Slow    Yes        Yes        
  Fast    Yes        Yes        


------------------------------------------------------------------------------------------------
| Report Methodology
| ------------------
------------------------------------------------------------------------------------------------

Rule       Severity  Description                    Violations  
---------  --------  -----------------------------  ----------  
TIMING-18  Warning   Missing input or output delay  103         

Note: This report is based on the most recent report_methodology run and may not be up-to-date. Run report_methodology on the current design for the latest report.



check_timing report

Table of Contents
-----------------
1. checking no_clock (0)
2. checking constant_clock (0)
3. checking pulse_width_clock (0)
4. checking unconstrained_internal_endpoints (0)
5. checking no_input_delay (78)
6. checking no_output_delay (25)
7. checking multiple_clock (0)
8. checking generated_clocks (0)
9. checking loops (0)
10. checking partial_input_delay (0)
11. checking partial_output_delay (0)
12. checking latch_loops (0)

1. checking no_clock (0)
------------------------
 There are 0 register/latch pins with no clock.


2. checking constant_clock (0)
------------------------------
 There are 0 register/latch pins with constant_clock.


3. checking pulse_width_clock (0)
---------------------------------
 There are 0 register/latch pins which need pulse_width check


4. checking unconstrained_internal_endpoints (0)
------------------------------------------------
 There are 0 pins that are not constrained for maximum delay.

 There are 0 pins that are not constrained for maximum delay due to constant clock.


5. checking no_input_delay (78)
-------------------------------
 There are 78 input ports with no input delay specified. (HIGH)

 There are 0 input ports with no input delay but user has a false path constraint.


6. checking no_output_delay (25)
--------------------------------
 There are 25 ports with no output delay specified. (HIGH)

 There are 0 ports with no output delay but user has a false path constraint

 There are 0 ports with no output delay but with a timing clock defined on it or propagating through it


7. checking multiple_clock (0)
------------------------------
 There are 0 register/latch pins with multiple clocks.


8. checking generated_clocks (0)
--------------------------------
 There are 0 generated clocks that are not connected to a clock source.


9. checking loops (0)
---------------------
 There are 0 combinational loops in the design.


10. checking partial_input_delay (0)
------------------------------------
 There are 0 input ports with partial input delay specified.


11. checking partial_output_delay (0)
-------------------------------------
 There are 0 ports with partial output delay specified.


12. checking latch_loops (0)
----------------------------
 There are 0 combinational latch loops in the design through latch input



------------------------------------------------------------------------------------------------
| Design Timing Summary
| ---------------------
------------------------------------------------------------------------------------------------

    WNS(ns)      TNS(ns)  TNS Failing Endpoints  TNS Total Endpoints      WHS(ns)      THS(ns)  THS Failing Endpoints  THS Total Endpoints     WPWS(ns)     TPWS(ns)  TPWS Failing Endpoints  TPWS Total Endpoints  
    -------      -------  ---------------------  -------------------      -------      -------  ---------------------  -------------------     --------     --------  ----------------------  --------------------  
      0.099        0.000                      0                11596        0.079        0.000                      0                11596        7.500        0.000                       0                  2409  


All user specified timing constraints are met.


------------------------------------------------------------------------------------------------
| Clock Summary
| -------------
------------------------------------------------------------------------------------------------

Clock  Waveform(ns)       Period(ns)      Frequency(MHz)
-----  ------------       ----------      --------------
clk    {0.000 8.000}      16.000          62.500          


------------------------------------------------------------------------------------------------
| Intra Clock Table
| -----------------
------------------------------------------------------------------------------------------------

Clock             WNS(ns)      TNS(ns)  TNS Failing Endpoints  TNS Total Endpoints      WHS(ns)      THS(ns)  THS Failing Endpoints  THS Total Endpoints     WPWS(ns)     TPWS(ns)  TPWS Failing Endpoints  TPWS Total Endpoints  
-----             -------      -------  ---------------------  -------------------      -------      -------  ---------------------  -------------------     --------     --------  ----------------------  --------------------  
clk                 0.099        0.000                      0                11596        0.079        0.000                      0                11596        7.500        0.000                       0                  2409  


------------------------------------------------------------------------------------------------
| Inter Clock Table
| -----------------
------------------------------------------------------------------------------------------------

From Clock    To Clock          WNS(ns)      TNS(ns)  TNS Failing Endpoints  TNS Total Endpoints      WHS(ns)      THS(ns)  THS Failing Endpoints  THS Total Endpoints  
----------    --------          -------      -------  ---------------------  -------------------      -------      -------  ---------------------  -------------------  


------------------------------------------------------------------------------------------------
| Other Path Groups Table
| -----------------------
------------------------------------------------------------------------------------------------

Path Group    From Clock    To Clock          WNS(ns)      TNS(ns)  TNS Failing Endpoints  TNS Total Endpoints      WHS(ns)      THS(ns)  THS Failing Endpoints  THS Total Endpoints  
----------    ----------    --------          -------      -------  ---------------------  -------------------      -------      -------  ---------------------  -------------------  


------------------------------------------------------------------------------------------------
| User Ignored Path Table
| -----------------------
------------------------------------------------------------------------------------------------

Path Group    From Clock    To Clock    
----------    ----------    --------    


------------------------------------------------------------------------------------------------
| Unconstrained Path Table
| ------------------------
------------------------------------------------------------------------------------------------

Path Group    From Clock    To Clock    
----------    ----------    --------    
(none)                                    
(none)        clk                         
(none)                      clk           


------------------------------------------------------------------------------------------------
| Timing Details
| --------------
------------------------------------------------------------------------------------------------


---------------------------------------------------------------------------------------------------
From Clock:  clk
  To Clock:  clk

Setup :            0  Failing Endpoints,  Worst Slack        0.099ns,  Total Violation        0.000ns
Hold  :            0  Failing Endpoints,  Worst Slack        0.079ns,  Total Violation        0.000ns
PW    :            0  Failing Endpoints,  Worst Slack        7.500ns,  Total Violation        0.000ns
---------------------------------------------------------------------------------------------------


Max Delay Paths
--------------------------------------------------------------------------------------
Slack (MET) :             0.099ns  (required time - arrival time)
  Source:                 INPUT_bram/memory_reg_1/CLKBWRCLK
                            (rising edge-triggered cell RAMB36E1 clocked by clk  {rise@0.000ns fall@8.000ns period=16.000ns})
  Destination:            pair_and_spare_FIR/replication_of_fir[5].replication/first_module/other_sections[1].fir_section/reg_s1__0/A[15]
                            (rising edge-triggered cell DSP48E1 clocked by clk  {rise@0.000ns fall@8.000ns period=16.000ns})
  Path Group:             clk
  Path Type:              Setup (Max at Slow Process Corner)
  Requirement:            16.000ns  (clk rise@16.000ns - clk rise@0.000ns)
  Data Path Delay:        15.447ns  (logic 2.454ns (15.887%)  route 12.993ns (84.113%))
  Logic Levels:           0  
  Clock Path Skew:        -0.057ns (DCD - SCD + CPR)
    Destination Clock Delay (DCD):    4.617ns = ( 20.617 - 16.000 ) 
    Source Clock Delay      (SCD):    5.030ns
    Clock Pessimism Removal (CPR):    0.356ns
  Clock Uncertainty:      0.035ns  ((TSJ^2 + TIJ^2)^1/2 + DJ) / 2 + PE
    Total System Jitter     (TSJ):    0.071ns
    Total Input Jitter      (TIJ):    0.000ns
    Discrete Jitter          (DJ):    0.000ns
    Phase Error              (PE):    0.000ns

    Location             Delay type                Incr(ns)  Path(ns)    Netlist Resource(s)
  -------------------------------------------------------------------    -------------------
                         (clock clk rise edge)        0.000     0.000 r  
    N20                                               0.000     0.000 r  clk (IN)
                         net (fo=0)                   0.000     0.000    clk
    N20                  IBUF (Prop_ibuf_I_O)         0.940     0.940 r  clk_IBUF_inst/O
                         net (fo=1, routed)           2.205     3.145    clk_IBUF
    BUFGCTRL_X0Y16       BUFG (Prop_bufg_I_O)         0.101     3.246 r  clk_IBUF_BUFG_inst/O
                         net (fo=2408, routed)        1.784     5.030    INPUT_bram/clk_IBUF_BUFG
    RAMB36_X0Y4          RAMB36E1                                     r  INPUT_bram/memory_reg_1/CLKBWRCLK
  -------------------------------------------------------------------    -------------------
    RAMB36_X0Y4          RAMB36E1 (Prop_ramb36e1_CLKBWRCLK_DOBDO[6])
                                                      2.454     7.484 r  INPUT_bram/memory_reg_1/DOBDO[6]
                         net (fo=168, routed)        12.993    20.477    pair_and_spare_FIR/replication_of_fir[5].replication/first_module/other_sections[1].fir_section/data_out[15]
    DSP48_X4Y3           DSP48E1                                      r  pair_and_spare_FIR/replication_of_fir[5].replication/first_module/other_sections[1].fir_section/reg_s1__0/A[15]
  -------------------------------------------------------------------    -------------------

                         (clock clk rise edge)       16.000    16.000 r  
    N20                                               0.000    16.000 r  clk (IN)
                         net (fo=0)                   0.000    16.000    clk
    N20                  IBUF (Prop_ibuf_I_O)         0.806    16.806 r  clk_IBUF_inst/O
                         net (fo=1, routed)           2.006    18.812    clk_IBUF
    BUFGCTRL_X0Y16       BUFG (Prop_bufg_I_O)         0.091    18.903 r  clk_IBUF_BUFG_inst/O
                         net (fo=2408, routed)        1.714    20.617    pair_and_spare_FIR/replication_of_fir[5].replication/first_module/other_sections[1].fir_section/clk_IBUF_BUFG
    DSP48_X4Y3           DSP48E1                                      r  pair_and_spare_FIR/replication_of_fir[5].replication/first_module/other_sections[1].fir_section/reg_s1__0/CLK
                         clock pessimism              0.356    20.974    
                         clock uncertainty           -0.035    20.938    
    DSP48_X4Y3           DSP48E1 (Setup_dsp48e1_CLK_A[15])
                                                     -0.362    20.576    pair_and_spare_FIR/replication_of_fir[5].replication/first_module/other_sections[1].fir_section/reg_s1__0
  -------------------------------------------------------------------
                         required time                         20.576    
                         arrival time                         -20.477    
  -------------------------------------------------------------------
                         slack                                  0.099    

Slack (MET) :             0.102ns  (required time - arrival time)
  Source:                 INPUT_bram/memory_reg_1/CLKBWRCLK
                            (rising edge-triggered cell RAMB36E1 clocked by clk  {rise@0.000ns fall@8.000ns period=16.000ns})
  Destination:            pair_and_spare_FIR/replication_of_fir[5].replication/first_module/first_section/reg_s1__0/A[15]
                            (rising edge-triggered cell DSP48E1 clocked by clk  {rise@0.000ns fall@8.000ns period=16.000ns})
  Path Group:             clk
  Path Type:              Setup (Max at Slow Process Corner)
  Requirement:            16.000ns  (clk rise@16.000ns - clk rise@0.000ns)
  Data Path Delay:        15.445ns  (logic 2.454ns (15.889%)  route 12.991ns (84.111%))
  Logic Levels:           0  
  Clock Path Skew:        -0.056ns (DCD - SCD + CPR)
    Destination Clock Delay (DCD):    4.618ns = ( 20.618 - 16.000 ) 
    Source Clock Delay      (SCD):    5.030ns
    Clock Pessimism Removal (CPR):    0.356ns
  Clock Uncertainty:      0.035ns  ((TSJ^2 + TIJ^2)^1/2 + DJ) / 2 + PE
    Total System Jitter     (TSJ):    0.071ns
    Total Input Jitter      (TIJ):    0.000ns
    Discrete Jitter          (DJ):    0.000ns
    Phase Error              (PE):    0.000ns

    Location             Delay type                Incr(ns)  Path(ns)    Netlist Resource(s)
  -------------------------------------------------------------------    -------------------
                         (clock clk rise edge)        0.000     0.000 r  
    N20                                               0.000     0.000 r  clk (IN)
                         net (fo=0)                   0.000     0.000    clk
    N20                  IBUF (Prop_ibuf_I_O)         0.940     0.940 r  clk_IBUF_inst/O
                         net (fo=1, routed)           2.205     3.145    clk_IBUF
    BUFGCTRL_X0Y16       BUFG (Prop_bufg_I_O)         0.101     3.246 r  clk_IBUF_BUFG_inst/O
                         net (fo=2408, routed)        1.784     5.030    INPUT_bram/clk_IBUF_BUFG
    RAMB36_X0Y4          RAMB36E1                                     r  INPUT_bram/memory_reg_1/CLKBWRCLK
  -------------------------------------------------------------------    -------------------
    RAMB36_X0Y4          RAMB36E1 (Prop_ramb36e1_CLKBWRCLK_DOBDO[6])
                                                      2.454     7.484 r  INPUT_bram/memory_reg_1/DOBDO[6]
                         net (fo=168, routed)        12.991    20.475    pair_and_spare_FIR/replication_of_fir[5].replication/first_module/first_section/data_out[15]
    DSP48_X4Y1           DSP48E1                                      r  pair_and_spare_FIR/replication_of_fir[5].replication/first_module/first_section/reg_s1__0/A[15]
  -------------------------------------------------------------------    -------------------

                         (clock clk rise edge)       16.000    16.000 r  
    N20                                               0.000    16.000 r  clk (IN)
                         net (fo=0)                   0.000    16.000    clk
    N20                  IBUF (Prop_ibuf_I_O)         0.806    16.806 r  clk_IBUF_inst/O
                         net (fo=1, routed)           2.006    18.812    clk_IBUF
    BUFGCTRL_X0Y16       BUFG (Prop_bufg_I_O)         0.091    18.903 r  clk_IBUF_BUFG_inst/O
                         net (fo=2408, routed)        1.715    20.618    pair_and_spare_FIR/replication_of_fir[5].replication/first_module/first_section/clk_IBUF_BUFG
    DSP48_X4Y1           DSP48E1                                      r  pair_and_spare_FIR/replication_of_fir[5].replication/first_module/first_section/reg_s1__0/CLK
                         clock pessimism              0.356    20.975    
                         clock uncertainty           -0.035    20.939    
    DSP48_X4Y1           DSP48E1 (Setup_dsp48e1_CLK_A[15])
                                                     -0.362    20.577    pair_and_spare_FIR/replication_of_fir[5].replication/first_module/first_section/reg_s1__0
  -------------------------------------------------------------------
                         required time                         20.577    
                         arrival time                         -20.475    
  -------------------------------------------------------------------
                         slack                                  0.102    

Slack (MET) :             0.130ns  (required time - arrival time)
  Source:                 INPUT_bram/memory_reg_1/CLKBWRCLK
                            (rising edge-triggered cell RAMB36E1 clocked by clk  {rise@0.000ns fall@8.000ns period=16.000ns})
  Destination:            pair_and_spare_FIR/replication_of_fir[5].replication/second_module/other_sections[1].fir_section/reg_s1__0/A[15]
                            (rising edge-triggered cell DSP48E1 clocked by clk  {rise@0.000ns fall@8.000ns period=16.000ns})
  Path Group:             clk
  Path Type:              Setup (Max at Slow Process Corner)
  Requirement:            16.000ns  (clk rise@16.000ns - clk rise@0.000ns)
  Data Path Delay:        15.413ns  (logic 2.454ns (15.921%)  route 12.959ns (84.079%))
  Logic Levels:           0  
  Clock Path Skew:        -0.060ns (DCD - SCD + CPR)
    Destination Clock Delay (DCD):    4.614ns = ( 20.614 - 16.000 ) 
    Source Clock Delay      (SCD):    5.030ns
    Clock Pessimism Removal (CPR):    0.356ns
  Clock Uncertainty:      0.035ns  ((TSJ^2 + TIJ^2)^1/2 + DJ) / 2 + PE
    Total System Jitter     (TSJ):    0.071ns
    Total Input Jitter      (TIJ):    0.000ns
    Discrete Jitter          (DJ):    0.000ns
    Phase Error              (PE):    0.000ns

    Location             Delay type                Incr(ns)  Path(ns)    Netlist Resource(s)
  -------------------------------------------------------------------    -------------------
                         (clock clk rise edge)        0.000     0.000 r  
    N20                                               0.000     0.000 r  clk (IN)
                         net (fo=0)                   0.000     0.000    clk
    N20                  IBUF (Prop_ibuf_I_O)         0.940     0.940 r  clk_IBUF_inst/O
                         net (fo=1, routed)           2.205     3.145    clk_IBUF
    BUFGCTRL_X0Y16       BUFG (Prop_bufg_I_O)         0.101     3.246 r  clk_IBUF_BUFG_inst/O
                         net (fo=2408, routed)        1.784     5.030    INPUT_bram/clk_IBUF_BUFG
    RAMB36_X0Y4          RAMB36E1                                     r  INPUT_bram/memory_reg_1/CLKBWRCLK
  -------------------------------------------------------------------    -------------------
    RAMB36_X0Y4          RAMB36E1 (Prop_ramb36e1_CLKBWRCLK_DOBDO[6])
                                                      2.454     7.484 r  INPUT_bram/memory_reg_1/DOBDO[6]
                         net (fo=168, routed)        12.959    20.443    pair_and_spare_FIR/replication_of_fir[5].replication/second_module/other_sections[1].fir_section/data_out[15]
    DSP48_X3Y3           DSP48E1                                      r  pair_and_spare_FIR/replication_of_fir[5].replication/second_module/other_sections[1].fir_section/reg_s1__0/A[15]
  -------------------------------------------------------------------    -------------------

                         (clock clk rise edge)       16.000    16.000 r  
    N20                                               0.000    16.000 r  clk (IN)
                         net (fo=0)                   0.000    16.000    clk
    N20                  IBUF (Prop_ibuf_I_O)         0.806    16.806 r  clk_IBUF_inst/O
                         net (fo=1, routed)           2.006    18.812    clk_IBUF
    BUFGCTRL_X0Y16       BUFG (Prop_bufg_I_O)         0.091    18.903 r  clk_IBUF_BUFG_inst/O
                         net (fo=2408, routed)        1.711    20.614    pair_and_spare_FIR/replication_of_fir[5].replication/second_module/other_sections[1].fir_section/clk_IBUF_BUFG
    DSP48_X3Y3           DSP48E1                                      r  pair_and_spare_FIR/replication_of_fir[5].replication/second_module/other_sections[1].fir_section/reg_s1__0/CLK
                         clock pessimism              0.356    20.971    
                         clock uncertainty           -0.035    20.935    
    DSP48_X3Y3           DSP48E1 (Setup_dsp48e1_CLK_A[15])
                                                     -0.362    20.573    pair_and_spare_FIR/replication_of_fir[5].replication/second_module/other_sections[1].fir_section/reg_s1__0
  -------------------------------------------------------------------
                         required time                         20.573    
                         arrival time                         -20.443    
  -------------------------------------------------------------------
                         slack                                  0.130    

Slack (MET) :             0.130ns  (required time - arrival time)
  Source:                 INPUT_bram/memory_reg_2/CLKBWRCLK
                            (rising edge-triggered cell RAMB36E1 clocked by clk  {rise@0.000ns fall@8.000ns period=16.000ns})
  Destination:            pair_and_spare_FIR/replication_of_fir[5].replication/second_module/other_sections[5].fir_section/reg_s1/A[20]
                            (rising edge-triggered cell DSP48E1 clocked by clk  {rise@0.000ns fall@8.000ns period=16.000ns})
  Path Group:             clk
  Path Type:              Setup (Max at Slow Process Corner)
  Requirement:            16.000ns  (clk rise@16.000ns - clk rise@0.000ns)
  Data Path Delay:        15.411ns  (logic 2.454ns (15.924%)  route 12.957ns (84.076%))
  Logic Levels:           0  
  Clock Path Skew:        -0.062ns (DCD - SCD + CPR)
    Destination Clock Delay (DCD):    4.608ns = ( 20.608 - 16.000 ) 
    Source Clock Delay      (SCD):    5.026ns
    Clock Pessimism Removal (CPR):    0.356ns
  Clock Uncertainty:      0.035ns  ((TSJ^2 + TIJ^2)^1/2 + DJ) / 2 + PE
    Total System Jitter     (TSJ):    0.071ns
    Total Input Jitter      (TIJ):    0.000ns
    Discrete Jitter          (DJ):    0.000ns
    Phase Error              (PE):    0.000ns

    Location             Delay type                Incr(ns)  Path(ns)    Netlist Resource(s)
  -------------------------------------------------------------------    -------------------
                         (clock clk rise edge)        0.000     0.000 r  
    N20                                               0.000     0.000 r  clk (IN)
                         net (fo=0)                   0.000     0.000    clk
    N20                  IBUF (Prop_ibuf_I_O)         0.940     0.940 r  clk_IBUF_inst/O
                         net (fo=1, routed)           2.205     3.145    clk_IBUF
    BUFGCTRL_X0Y16       BUFG (Prop_bufg_I_O)         0.101     3.246 r  clk_IBUF_BUFG_inst/O
                         net (fo=2408, routed)        1.780     5.026    INPUT_bram/clk_IBUF_BUFG
    RAMB36_X0Y5          RAMB36E1                                     r  INPUT_bram/memory_reg_2/CLKBWRCLK
  -------------------------------------------------------------------    -------------------
    RAMB36_X0Y5          RAMB36E1 (Prop_ramb36e1_CLKBWRCLK_DOBDO[2])
                                                      2.454     7.480 r  INPUT_bram/memory_reg_2/DOBDO[2]
                         net (fo=168, routed)        12.957    20.437    pair_and_spare_FIR/replication_of_fir[5].replication/second_module/other_sections[5].fir_section/data_out[20]
    DSP48_X3Y6           DSP48E1                                      r  pair_and_spare_FIR/replication_of_fir[5].replication/second_module/other_sections[5].fir_section/reg_s1/A[20]
  -------------------------------------------------------------------    -------------------

                         (clock clk rise edge)       16.000    16.000 r  
    N20                                               0.000    16.000 r  clk (IN)
                         net (fo=0)                   0.000    16.000    clk
    N20                  IBUF (Prop_ibuf_I_O)         0.806    16.806 r  clk_IBUF_inst/O
                         net (fo=1, routed)           2.006    18.812    clk_IBUF
    BUFGCTRL_X0Y16       BUFG (Prop_bufg_I_O)         0.091    18.903 r  clk_IBUF_BUFG_inst/O
                         net (fo=2408, routed)        1.705    20.608    pair_and_spare_FIR/replication_of_fir[5].replication/second_module/other_sections[5].fir_section/clk_IBUF_BUFG
    DSP48_X3Y6           DSP48E1                                      r  pair_and_spare_FIR/replication_of_fir[5].replication/second_module/other_sections[5].fir_section/reg_s1/CLK
                         clock pessimism              0.356    20.965    
                         clock uncertainty           -0.035    20.929    
    DSP48_X3Y6           DSP48E1 (Setup_dsp48e1_CLK_A[20])
                                                     -0.362    20.567    pair_and_spare_FIR/replication_of_fir[5].replication/second_module/other_sections[5].fir_section/reg_s1
  -------------------------------------------------------------------
                         required time                         20.567    
                         arrival time                         -20.437    
  -------------------------------------------------------------------
                         slack                                  0.130    

Slack (MET) :             0.130ns  (required time - arrival time)
  Source:                 INPUT_bram/memory_reg_1/CLKBWRCLK
                            (rising edge-triggered cell RAMB36E1 clocked by clk  {rise@0.000ns fall@8.000ns period=16.000ns})
  Destination:            pair_and_spare_FIR/replication_of_fir[5].replication/second_module/other_sections[5].fir_section/reg_s1/A[15]
                            (rising edge-triggered cell DSP48E1 clocked by clk  {rise@0.000ns fall@8.000ns period=16.000ns})
  Path Group:             clk
  Path Type:              Setup (Max at Slow Process Corner)
  Requirement:            16.000ns  (clk rise@16.000ns - clk rise@0.000ns)
  Data Path Delay:        15.407ns  (logic 2.454ns (15.928%)  route 12.953ns (84.072%))
  Logic Levels:           0  
  Clock Path Skew:        -0.066ns (DCD - SCD + CPR)
    Destination Clock Delay (DCD):    4.608ns = ( 20.608 - 16.000 ) 
    Source Clock Delay      (SCD):    5.030ns
    Clock Pessimism Removal (CPR):    0.356ns
  Clock Uncertainty:      0.035ns  ((TSJ^2 + TIJ^2)^1/2 + DJ) / 2 + PE
    Total System Jitter     (TSJ):    0.071ns
    Total Input Jitter      (TIJ):    0.000ns
    Discrete Jitter          (DJ):    0.000ns
    Phase Error              (PE):    0.000ns

    Location             Delay type                Incr(ns)  Path(ns)    Netlist Resource(s)
  -------------------------------------------------------------------    -------------------
                         (clock clk rise edge)        0.000     0.000 r  
    N20                                               0.000     0.000 r  clk (IN)
                         net (fo=0)                   0.000     0.000    clk
    N20                  IBUF (Prop_ibuf_I_O)         0.940     0.940 r  clk_IBUF_inst/O
                         net (fo=1, routed)           2.205     3.145    clk_IBUF
    BUFGCTRL_X0Y16       BUFG (Prop_bufg_I_O)         0.101     3.246 r  clk_IBUF_BUFG_inst/O
                         net (fo=2408, routed)        1.784     5.030    INPUT_bram/clk_IBUF_BUFG
    RAMB36_X0Y4          RAMB36E1                                     r  INPUT_bram/memory_reg_1/CLKBWRCLK
  -------------------------------------------------------------------    -------------------
    RAMB36_X0Y4          RAMB36E1 (Prop_ramb36e1_CLKBWRCLK_DOBDO[6])
                                                      2.454     7.484 r  INPUT_bram/memory_reg_1/DOBDO[6]
                         net (fo=168, routed)        12.953    20.437    pair_and_spare_FIR/replication_of_fir[5].replication/second_module/other_sections[5].fir_section/data_out[15]
    DSP48_X3Y6           DSP48E1                                      r  pair_and_spare_FIR/replication_of_fir[5].replication/second_module/other_sections[5].fir_section/reg_s1/A[15]
  -------------------------------------------------------------------    -------------------

                         (clock clk rise edge)       16.000    16.000 r  
    N20                                               0.000    16.000 r  clk (IN)
                         net (fo=0)                   0.000    16.000    clk
    N20                  IBUF (Prop_ibuf_I_O)         0.806    16.806 r  clk_IBUF_inst/O
                         net (fo=1, routed)           2.006    18.812    clk_IBUF
    BUFGCTRL_X0Y16       BUFG (Prop_bufg_I_O)         0.091    18.903 r  clk_IBUF_BUFG_inst/O
                         net (fo=2408, routed)        1.705    20.608    pair_and_spare_FIR/replication_of_fir[5].replication/second_module/other_sections[5].fir_section/clk_IBUF_BUFG
    DSP48_X3Y6           DSP48E1                                      r  pair_and_spare_FIR/replication_of_fir[5].replication/second_module/other_sections[5].fir_section/reg_s1/CLK
                         clock pessimism              0.356    20.965    
                         clock uncertainty           -0.035    20.929    
    DSP48_X3Y6           DSP48E1 (Setup_dsp48e1_CLK_A[15])
                                                     -0.362    20.567    pair_and_spare_FIR/replication_of_fir[5].replication/second_module/other_sections[5].fir_section/reg_s1
  -------------------------------------------------------------------
                         required time                         20.567    
                         arrival time                         -20.437    
  -------------------------------------------------------------------
                         slack                                  0.130    

Slack (MET) :             0.139ns  (required time - arrival time)
  Source:                 INPUT_bram/memory_reg_2/CLKBWRCLK
                            (rising edge-triggered cell RAMB36E1 clocked by clk  {rise@0.000ns fall@8.000ns period=16.000ns})
  Destination:            pair_and_spare_FIR/replication_of_fir[0].replication/second_module/other_sections[1].fir_section/reg_s1/A[21]
                            (rising edge-triggered cell DSP48E1 clocked by clk  {rise@0.000ns fall@8.000ns period=16.000ns})
  Path Group:             clk
  Path Type:              Setup (Max at Slow Process Corner)
  Requirement:            16.000ns  (clk rise@16.000ns - clk rise@0.000ns)
  Data Path Delay:        15.379ns  (logic 2.454ns (15.957%)  route 12.925ns (84.043%))
  Logic Levels:           0  
  Clock Path Skew:        -0.085ns (DCD - SCD + CPR)
    Destination Clock Delay (DCD):    4.599ns = ( 20.599 - 16.000 ) 
    Source Clock Delay      (SCD):    5.026ns
    Clock Pessimism Removal (CPR):    0.342ns
  Clock Uncertainty:      0.035ns  ((TSJ^2 + TIJ^2)^1/2 + DJ) / 2 + PE
    Total System Jitter     (TSJ):    0.071ns
    Total Input Jitter      (TIJ):    0.000ns
    Discrete Jitter          (DJ):    0.000ns
    Phase Error              (PE):    0.000ns

    Location             Delay type                Incr(ns)  Path(ns)    Netlist Resource(s)
  -------------------------------------------------------------------    -------------------
                         (clock clk rise edge)        0.000     0.000 r  
    N20                                               0.000     0.000 r  clk (IN)
                         net (fo=0)                   0.000     0.000    clk
    N20                  IBUF (Prop_ibuf_I_O)         0.940     0.940 r  clk_IBUF_inst/O
                         net (fo=1, routed)           2.205     3.145    clk_IBUF
    BUFGCTRL_X0Y16       BUFG (Prop_bufg_I_O)         0.101     3.246 r  clk_IBUF_BUFG_inst/O
                         net (fo=2408, routed)        1.780     5.026    INPUT_bram/clk_IBUF_BUFG
    RAMB36_X0Y5          RAMB36E1                                     r  INPUT_bram/memory_reg_2/CLKBWRCLK
  -------------------------------------------------------------------    -------------------
    RAMB36_X0Y5          RAMB36E1 (Prop_ramb36e1_CLKBWRCLK_DOBDO[3])
                                                      2.454     7.480 r  INPUT_bram/memory_reg_2/DOBDO[3]
                         net (fo=168, routed)        12.925    20.405    pair_and_spare_FIR/replication_of_fir[0].replication/second_module/other_sections[1].fir_section/data_out[21]
    DSP48_X4Y35          DSP48E1                                      r  pair_and_spare_FIR/replication_of_fir[0].replication/second_module/other_sections[1].fir_section/reg_s1/A[21]
  -------------------------------------------------------------------    -------------------

                         (clock clk rise edge)       16.000    16.000 r  
    N20                                               0.000    16.000 r  clk (IN)
                         net (fo=0)                   0.000    16.000    clk
    N20                  IBUF (Prop_ibuf_I_O)         0.806    16.806 r  clk_IBUF_inst/O
                         net (fo=1, routed)           2.006    18.812    clk_IBUF
    BUFGCTRL_X0Y16       BUFG (Prop_bufg_I_O)         0.091    18.903 r  clk_IBUF_BUFG_inst/O
                         net (fo=2408, routed)        1.695    20.599    pair_and_spare_FIR/replication_of_fir[0].replication/second_module/other_sections[1].fir_section/clk_IBUF_BUFG
    DSP48_X4Y35          DSP48E1                                      r  pair_and_spare_FIR/replication_of_fir[0].replication/second_module/other_sections[1].fir_section/reg_s1/CLK
                         clock pessimism              0.342    20.941    
                         clock uncertainty           -0.035    20.905    
    DSP48_X4Y35          DSP48E1 (Setup_dsp48e1_CLK_A[21])
                                                     -0.362    20.543    pair_and_spare_FIR/replication_of_fir[0].replication/second_module/other_sections[1].fir_section/reg_s1
  -------------------------------------------------------------------
                         required time                         20.543    
                         arrival time                         -20.405    
  -------------------------------------------------------------------
                         slack                                  0.139    

Slack (MET) :             0.150ns  (required time - arrival time)
  Source:                 INPUT_bram/memory_reg_0/CLKBWRCLK
                            (rising edge-triggered cell RAMB36E1 clocked by clk  {rise@0.000ns fall@8.000ns period=16.000ns})
  Destination:            pair_and_spare_FIR/replication_of_fir[2].replication/second_module/other_sections[5].fir_section/reg_s1__0/A[6]
                            (rising edge-triggered cell DSP48E1 clocked by clk  {rise@0.000ns fall@8.000ns period=16.000ns})
  Path Group:             clk
  Path Type:              Setup (Max at Slow Process Corner)
  Requirement:            16.000ns  (clk rise@16.000ns - clk rise@0.000ns)
  Data Path Delay:        15.353ns  (logic 2.454ns (15.984%)  route 12.899ns (84.016%))
  Logic Levels:           0  
  Clock Path Skew:        -0.100ns (DCD - SCD + CPR)
    Destination Clock Delay (DCD):    4.594ns = ( 20.594 - 16.000 ) 
    Source Clock Delay      (SCD):    5.036ns
    Clock Pessimism Removal (CPR):    0.342ns
  Clock Uncertainty:      0.035ns  ((TSJ^2 + TIJ^2)^1/2 + DJ) / 2 + PE
    Total System Jitter     (TSJ):    0.071ns
    Total Input Jitter      (TIJ):    0.000ns
    Discrete Jitter          (DJ):    0.000ns
    Phase Error              (PE):    0.000ns

    Location             Delay type                Incr(ns)  Path(ns)    Netlist Resource(s)
  -------------------------------------------------------------------    -------------------
                         (clock clk rise edge)        0.000     0.000 r  
    N20                                               0.000     0.000 r  clk (IN)
                         net (fo=0)                   0.000     0.000    clk
    N20                  IBUF (Prop_ibuf_I_O)         0.940     0.940 r  clk_IBUF_inst/O
                         net (fo=1, routed)           2.205     3.145    clk_IBUF
    BUFGCTRL_X0Y16       BUFG (Prop_bufg_I_O)         0.101     3.246 r  clk_IBUF_BUFG_inst/O
                         net (fo=2408, routed)        1.790     5.036    INPUT_bram/clk_IBUF_BUFG
    RAMB36_X0Y3          RAMB36E1                                     r  INPUT_bram/memory_reg_0/CLKBWRCLK
  -------------------------------------------------------------------    -------------------
    RAMB36_X0Y3          RAMB36E1 (Prop_ramb36e1_CLKBWRCLK_DOBDO[6])
                                                      2.454     7.490 r  INPUT_bram/memory_reg_0/DOBDO[6]
                         net (fo=168, routed)        12.899    20.389    pair_and_spare_FIR/replication_of_fir[2].replication/second_module/other_sections[5].fir_section/data_out[6]
    DSP48_X3Y25          DSP48E1                                      r  pair_and_spare_FIR/replication_of_fir[2].replication/second_module/other_sections[5].fir_section/reg_s1__0/A[6]
  -------------------------------------------------------------------    -------------------

                         (clock clk rise edge)       16.000    16.000 r  
    N20                                               0.000    16.000 r  clk (IN)
                         net (fo=0)                   0.000    16.000    clk
    N20                  IBUF (Prop_ibuf_I_O)         0.806    16.806 r  clk_IBUF_inst/O
                         net (fo=1, routed)           2.006    18.812    clk_IBUF
    BUFGCTRL_X0Y16       BUFG (Prop_bufg_I_O)         0.091    18.903 r  clk_IBUF_BUFG_inst/O
                         net (fo=2408, routed)        1.690    20.594    pair_and_spare_FIR/replication_of_fir[2].replication/second_module/other_sections[5].fir_section/clk_IBUF_BUFG
    DSP48_X3Y25          DSP48E1                                      r  pair_and_spare_FIR/replication_of_fir[2].replication/second_module/other_sections[5].fir_section/reg_s1__0/CLK
                         clock pessimism              0.342    20.936    
                         clock uncertainty           -0.035    20.900    
    DSP48_X3Y25          DSP48E1 (Setup_dsp48e1_CLK_A[6])
                                                     -0.362    20.538    pair_and_spare_FIR/replication_of_fir[2].replication/second_module/other_sections[5].fir_section/reg_s1__0
  -------------------------------------------------------------------
                         required time                         20.538    
                         arrival time                         -20.389    
  -------------------------------------------------------------------
                         slack                                  0.150    

Slack (MET) :             0.152ns  (required time - arrival time)
  Source:                 INPUT_bram/memory_reg_0/CLKBWRCLK
                            (rising edge-triggered cell RAMB36E1 clocked by clk  {rise@0.000ns fall@8.000ns period=16.000ns})
  Destination:            pair_and_spare_FIR/replication_of_fir[2].replication/second_module/other_sections[5].fir_section/reg_s1/A[6]
                            (rising edge-triggered cell DSP48E1 clocked by clk  {rise@0.000ns fall@8.000ns period=16.000ns})
  Path Group:             clk
  Path Type:              Setup (Max at Slow Process Corner)
  Requirement:            16.000ns  (clk rise@16.000ns - clk rise@0.000ns)
  Data Path Delay:        15.353ns  (logic 2.454ns (15.984%)  route 12.899ns (84.016%))
  Logic Levels:           0  
  Clock Path Skew:        -0.098ns (DCD - SCD + CPR)
    Destination Clock Delay (DCD):    4.596ns = ( 20.596 - 16.000 ) 
    Source Clock Delay      (SCD):    5.036ns
    Clock Pessimism Removal (CPR):    0.342ns
  Clock Uncertainty:      0.035ns  ((TSJ^2 + TIJ^2)^1/2 + DJ) / 2 + PE
    Total System Jitter     (TSJ):    0.071ns
    Total Input Jitter      (TIJ):    0.000ns
    Discrete Jitter          (DJ):    0.000ns
    Phase Error              (PE):    0.000ns

    Location             Delay type                Incr(ns)  Path(ns)    Netlist Resource(s)
  -------------------------------------------------------------------    -------------------
                         (clock clk rise edge)        0.000     0.000 r  
    N20                                               0.000     0.000 r  clk (IN)
                         net (fo=0)                   0.000     0.000    clk
    N20                  IBUF (Prop_ibuf_I_O)         0.940     0.940 r  clk_IBUF_inst/O
                         net (fo=1, routed)           2.205     3.145    clk_IBUF
    BUFGCTRL_X0Y16       BUFG (Prop_bufg_I_O)         0.101     3.246 r  clk_IBUF_BUFG_inst/O
                         net (fo=2408, routed)        1.790     5.036    INPUT_bram/clk_IBUF_BUFG
    RAMB36_X0Y3          RAMB36E1                                     r  INPUT_bram/memory_reg_0/CLKBWRCLK
  -------------------------------------------------------------------    -------------------
    RAMB36_X0Y3          RAMB36E1 (Prop_ramb36e1_CLKBWRCLK_DOBDO[6])
                                                      2.454     7.490 r  INPUT_bram/memory_reg_0/DOBDO[6]
                         net (fo=168, routed)        12.899    20.389    pair_and_spare_FIR/replication_of_fir[2].replication/second_module/other_sections[5].fir_section/data_out[6]
    DSP48_X3Y24          DSP48E1                                      r  pair_and_spare_FIR/replication_of_fir[2].replication/second_module/other_sections[5].fir_section/reg_s1/A[6]
  -------------------------------------------------------------------    -------------------

                         (clock clk rise edge)       16.000    16.000 r  
    N20                                               0.000    16.000 r  clk (IN)
                         net (fo=0)                   0.000    16.000    clk
    N20                  IBUF (Prop_ibuf_I_O)         0.806    16.806 r  clk_IBUF_inst/O
                         net (fo=1, routed)           2.006    18.812    clk_IBUF
    BUFGCTRL_X0Y16       BUFG (Prop_bufg_I_O)         0.091    18.903 r  clk_IBUF_BUFG_inst/O
                         net (fo=2408, routed)        1.692    20.596    pair_and_spare_FIR/replication_of_fir[2].replication/second_module/other_sections[5].fir_section/clk_IBUF_BUFG
    DSP48_X3Y24          DSP48E1                                      r  pair_and_spare_FIR/replication_of_fir[2].replication/second_module/other_sections[5].fir_section/reg_s1/CLK
                         clock pessimism              0.342    20.938    
                         clock uncertainty           -0.035    20.902    
    DSP48_X3Y24          DSP48E1 (Setup_dsp48e1_CLK_A[6])
                                                     -0.362    20.540    pair_and_spare_FIR/replication_of_fir[2].replication/second_module/other_sections[5].fir_section/reg_s1
  -------------------------------------------------------------------
                         required time                         20.540    
                         arrival time                         -20.389    
  -------------------------------------------------------------------
                         slack                                  0.152    

Slack (MET) :             0.152ns  (required time - arrival time)
  Source:                 INPUT_bram/memory_reg_2/CLKBWRCLK
                            (rising edge-triggered cell RAMB36E1 clocked by clk  {rise@0.000ns fall@8.000ns period=16.000ns})
  Destination:            pair_and_spare_FIR/replication_of_fir[5].replication/first_module/other_sections[5].fir_section/reg_s1/A[20]
                            (rising edge-triggered cell DSP48E1 clocked by clk  {rise@0.000ns fall@8.000ns period=16.000ns})
  Path Group:             clk
  Path Type:              Setup (Max at Slow Process Corner)
  Requirement:            16.000ns  (clk rise@16.000ns - clk rise@0.000ns)
  Data Path Delay:        15.384ns  (logic 2.454ns (15.952%)  route 12.930ns (84.048%))
  Logic Levels:           0  
  Clock Path Skew:        -0.067ns (DCD - SCD + CPR)
    Destination Clock Delay (DCD):    4.603ns = ( 20.603 - 16.000 ) 
    Source Clock Delay      (SCD):    5.026ns
    Clock Pessimism Removal (CPR):    0.356ns
  Clock Uncertainty:      0.035ns  ((TSJ^2 + TIJ^2)^1/2 + DJ) / 2 + PE
    Total System Jitter     (TSJ):    0.071ns
    Total Input Jitter      (TIJ):    0.000ns
    Discrete Jitter          (DJ):    0.000ns
    Phase Error              (PE):    0.000ns

    Location             Delay type                Incr(ns)  Path(ns)    Netlist Resource(s)
  -------------------------------------------------------------------    -------------------
                         (clock clk rise edge)        0.000     0.000 r  
    N20                                               0.000     0.000 r  clk (IN)
                         net (fo=0)                   0.000     0.000    clk
    N20                  IBUF (Prop_ibuf_I_O)         0.940     0.940 r  clk_IBUF_inst/O
                         net (fo=1, routed)           2.205     3.145    clk_IBUF
    BUFGCTRL_X0Y16       BUFG (Prop_bufg_I_O)         0.101     3.246 r  clk_IBUF_BUFG_inst/O
                         net (fo=2408, routed)        1.780     5.026    INPUT_bram/clk_IBUF_BUFG
    RAMB36_X0Y5          RAMB36E1                                     r  INPUT_bram/memory_reg_2/CLKBWRCLK
  -------------------------------------------------------------------    -------------------
    RAMB36_X0Y5          RAMB36E1 (Prop_ramb36e1_CLKBWRCLK_DOBDO[2])
                                                      2.454     7.480 r  INPUT_bram/memory_reg_2/DOBDO[2]
                         net (fo=168, routed)        12.930    20.410    pair_and_spare_FIR/replication_of_fir[5].replication/first_module/other_sections[5].fir_section/data_out[20]
    DSP48_X3Y8           DSP48E1                                      r  pair_and_spare_FIR/replication_of_fir[5].replication/first_module/other_sections[5].fir_section/reg_s1/A[20]
  -------------------------------------------------------------------    -------------------

                         (clock clk rise edge)       16.000    16.000 r  
    N20                                               0.000    16.000 r  clk (IN)
                         net (fo=0)                   0.000    16.000    clk
    N20                  IBUF (Prop_ibuf_I_O)         0.806    16.806 r  clk_IBUF_inst/O
                         net (fo=1, routed)           2.006    18.812    clk_IBUF
    BUFGCTRL_X0Y16       BUFG (Prop_bufg_I_O)         0.091    18.903 r  clk_IBUF_BUFG_inst/O
                         net (fo=2408, routed)        1.700    20.603    pair_and_spare_FIR/replication_of_fir[5].replication/first_module/other_sections[5].fir_section/clk_IBUF_BUFG
    DSP48_X3Y8           DSP48E1                                      r  pair_and_spare_FIR/replication_of_fir[5].replication/first_module/other_sections[5].fir_section/reg_s1/CLK
                         clock pessimism              0.356    20.960    
                         clock uncertainty           -0.035    20.924    
    DSP48_X3Y8           DSP48E1 (Setup_dsp48e1_CLK_A[20])
                                                     -0.362    20.562    pair_and_spare_FIR/replication_of_fir[5].replication/first_module/other_sections[5].fir_section/reg_s1
  -------------------------------------------------------------------
                         required time                         20.562    
                         arrival time                         -20.410    
  -------------------------------------------------------------------
                         slack                                  0.152    

Slack (MET) :             0.152ns  (required time - arrival time)
  Source:                 INPUT_bram/memory_reg_0/CLKBWRCLK
                            (rising edge-triggered cell RAMB36E1 clocked by clk  {rise@0.000ns fall@8.000ns period=16.000ns})
  Destination:            pair_and_spare_FIR/replication_of_fir[0].replication/second_module/other_sections[1].fir_section/reg_s1__0/A[6]
                            (rising edge-triggered cell DSP48E1 clocked by clk  {rise@0.000ns fall@8.000ns period=16.000ns})
  Path Group:             clk
  Path Type:              Setup (Max at Slow Process Corner)
  Requirement:            16.000ns  (clk rise@16.000ns - clk rise@0.000ns)
  Data Path Delay:        15.357ns  (logic 2.454ns (15.979%)  route 12.903ns (84.021%))
  Logic Levels:           0  
  Clock Path Skew:        -0.093ns (DCD - SCD + CPR)
    Destination Clock Delay (DCD):    4.601ns = ( 20.601 - 16.000 ) 
    Source Clock Delay      (SCD):    5.036ns
    Clock Pessimism Removal (CPR):    0.342ns
  Clock Uncertainty:      0.035ns  ((TSJ^2 + TIJ^2)^1/2 + DJ) / 2 + PE
    Total System Jitter     (TSJ):    0.071ns
    Total Input Jitter      (TIJ):    0.000ns
    Discrete Jitter          (DJ):    0.000ns
    Phase Error              (PE):    0.000ns

    Location             Delay type                Incr(ns)  Path(ns)    Netlist Resource(s)
  -------------------------------------------------------------------    -------------------
                         (clock clk rise edge)        0.000     0.000 r  
    N20                                               0.000     0.000 r  clk (IN)
                         net (fo=0)                   0.000     0.000    clk
    N20                  IBUF (Prop_ibuf_I_O)         0.940     0.940 r  clk_IBUF_inst/O
                         net (fo=1, routed)           2.205     3.145    clk_IBUF
    BUFGCTRL_X0Y16       BUFG (Prop_bufg_I_O)         0.101     3.246 r  clk_IBUF_BUFG_inst/O
                         net (fo=2408, routed)        1.790     5.036    INPUT_bram/clk_IBUF_BUFG
    RAMB36_X0Y3          RAMB36E1                                     r  INPUT_bram/memory_reg_0/CLKBWRCLK
  -------------------------------------------------------------------    -------------------
    RAMB36_X0Y3          RAMB36E1 (Prop_ramb36e1_CLKBWRCLK_DOBDO[6])
                                                      2.454     7.490 r  INPUT_bram/memory_reg_0/DOBDO[6]
                         net (fo=168, routed)        12.903    20.393    pair_and_spare_FIR/replication_of_fir[0].replication/second_module/other_sections[1].fir_section/data_out[6]
    DSP48_X4Y36          DSP48E1                                      r  pair_and_spare_FIR/replication_of_fir[0].replication/second_module/other_sections[1].fir_section/reg_s1__0/A[6]
  -------------------------------------------------------------------    -------------------

                         (clock clk rise edge)       16.000    16.000 r  
    N20                                               0.000    16.000 r  clk (IN)
                         net (fo=0)                   0.000    16.000    clk
    N20                  IBUF (Prop_ibuf_I_O)         0.806    16.806 r  clk_IBUF_inst/O
                         net (fo=1, routed)           2.006    18.812    clk_IBUF
    BUFGCTRL_X0Y16       BUFG (Prop_bufg_I_O)         0.091    18.903 r  clk_IBUF_BUFG_inst/O
                         net (fo=2408, routed)        1.697    20.601    pair_and_spare_FIR/replication_of_fir[0].replication/second_module/other_sections[1].fir_section/clk_IBUF_BUFG
    DSP48_X4Y36          DSP48E1                                      r  pair_and_spare_FIR/replication_of_fir[0].replication/second_module/other_sections[1].fir_section/reg_s1__0/CLK
                         clock pessimism              0.342    20.943    
                         clock uncertainty           -0.035    20.907    
    DSP48_X4Y36          DSP48E1 (Setup_dsp48e1_CLK_A[6])
                                                     -0.362    20.545    pair_and_spare_FIR/replication_of_fir[0].replication/second_module/other_sections[1].fir_section/reg_s1__0
  -------------------------------------------------------------------
                         required time                         20.545    
                         arrival time                         -20.393    
  -------------------------------------------------------------------
                         slack                                  0.152    





Min Delay Paths
--------------------------------------------------------------------------------------
Slack (MET) :             0.079ns  (arrival time - required time)
  Source:                 address_output_bram_reg[4]/C
                            (rising edge-triggered cell FDRE clocked by clk  {rise@0.000ns fall@8.000ns period=16.000ns})
  Destination:            OUTPUT_bram/memory_reg_2/ADDRARDADDR[7]
                            (rising edge-triggered cell RAMB36E1 clocked by clk  {rise@0.000ns fall@8.000ns period=16.000ns})
  Path Group:             clk
  Path Type:              Hold (Min at Fast Process Corner)
  Requirement:            0.000ns  (clk rise@0.000ns - clk rise@0.000ns)
  Data Path Delay:        0.319ns  (logic 0.141ns (44.147%)  route 0.178ns (55.853%))
  Logic Levels:           0  
  Clock Path Skew:        0.057ns (DCD - SCD - CPR)
    Destination Clock Delay (DCD):    2.030ns
    Source Clock Delay      (SCD):    1.468ns
    Clock Pessimism Removal (CPR):    0.504ns

    Location             Delay type                Incr(ns)  Path(ns)    Netlist Resource(s)
  -------------------------------------------------------------------    -------------------
                         (clock clk rise edge)        0.000     0.000 r  
    N20                                               0.000     0.000 r  clk (IN)
                         net (fo=0)                   0.000     0.000    clk
    N20                  IBUF (Prop_ibuf_I_O)         0.169     0.169 r  clk_IBUF_inst/O
                         net (fo=1, routed)           0.674     0.843    clk_IBUF
    BUFGCTRL_X0Y16       BUFG (Prop_bufg_I_O)         0.026     0.869 r  clk_IBUF_BUFG_inst/O
                         net (fo=2408, routed)        0.600     1.468    clk_IBUF_BUFG
    SLICE_X105Y69        FDRE                                         r  address_output_bram_reg[4]/C
  -------------------------------------------------------------------    -------------------
    SLICE_X105Y69        FDRE (Prop_fdre_C_Q)         0.141     1.609 r  address_output_bram_reg[4]/Q
                         net (fo=5, routed)           0.178     1.788    OUTPUT_bram/ADDRARDADDR[4]
    RAMB36_X5Y13         RAMB36E1                                     r  OUTPUT_bram/memory_reg_2/ADDRARDADDR[7]
  -------------------------------------------------------------------    -------------------

                         (clock clk rise edge)        0.000     0.000 r  
    N20                                               0.000     0.000 r  clk (IN)
                         net (fo=0)                   0.000     0.000    clk
    N20                  IBUF (Prop_ibuf_I_O)         0.357     0.357 r  clk_IBUF_inst/O
                         net (fo=1, routed)           0.731     1.088    clk_IBUF
    BUFGCTRL_X0Y16       BUFG (Prop_bufg_I_O)         0.029     1.117 r  clk_IBUF_BUFG_inst/O
                         net (fo=2408, routed)        0.912     2.030    OUTPUT_bram/clk_IBUF_BUFG
    RAMB36_X5Y13         RAMB36E1                                     r  OUTPUT_bram/memory_reg_2/CLKARDCLK
                         clock pessimism             -0.504     1.526    
    RAMB36_X5Y13         RAMB36E1 (Hold_ramb36e1_CLKARDCLK_ADDRARDADDR[7])
                                                      0.183     1.709    OUTPUT_bram/memory_reg_2
  -------------------------------------------------------------------
                         required time                         -1.709    
                         arrival time                           1.788    
  -------------------------------------------------------------------
                         slack                                  0.079    

Slack (MET) :             0.091ns  (arrival time - required time)
  Source:                 address_input_bram_reg[7]/C
                            (rising edge-triggered cell FDRE clocked by clk  {rise@0.000ns fall@8.000ns period=16.000ns})
  Destination:            INPUT_bram/memory_reg_1/ADDRBWRADDR[10]
                            (rising edge-triggered cell RAMB36E1 clocked by clk  {rise@0.000ns fall@8.000ns period=16.000ns})
  Path Group:             clk
  Path Type:              Hold (Min at Fast Process Corner)
  Requirement:            0.000ns  (clk rise@0.000ns - clk rise@0.000ns)
  Data Path Delay:        0.331ns  (logic 0.164ns (49.608%)  route 0.167ns (50.392%))
  Logic Levels:           0  
  Clock Path Skew:        0.056ns (DCD - SCD - CPR)
    Destination Clock Delay (DCD):    2.013ns
    Source Clock Delay      (SCD):    1.454ns
    Clock Pessimism Removal (CPR):    0.502ns

    Location             Delay type                Incr(ns)  Path(ns)    Netlist Resource(s)
  -------------------------------------------------------------------    -------------------
                         (clock clk rise edge)        0.000     0.000 r  
    N20                                               0.000     0.000 r  clk (IN)
                         net (fo=0)                   0.000     0.000    clk
    N20                  IBUF (Prop_ibuf_I_O)         0.169     0.169 r  clk_IBUF_inst/O
                         net (fo=1, routed)           0.674     0.843    clk_IBUF
    BUFGCTRL_X0Y16       BUFG (Prop_bufg_I_O)         0.026     0.869 r  clk_IBUF_BUFG_inst/O
                         net (fo=2408, routed)        0.586     1.454    clk_IBUF_BUFG
    SLICE_X8Y22          FDRE                                         r  address_input_bram_reg[7]/C
  -------------------------------------------------------------------    -------------------
    SLICE_X8Y22          FDRE (Prop_fdre_C_Q)         0.164     1.618 r  address_input_bram_reg[7]/Q
                         net (fo=4, routed)           0.167     1.785    INPUT_bram/O204[7]
    RAMB36_X0Y4          RAMB36E1                                     r  INPUT_bram/memory_reg_1/ADDRBWRADDR[10]
  -------------------------------------------------------------------    -------------------

                         (clock clk rise edge)        0.000     0.000 r  
    N20                                               0.000     0.000 r  clk (IN)
                         net (fo=0)                   0.000     0.000    clk
    N20                  IBUF (Prop_ibuf_I_O)         0.357     0.357 r  clk_IBUF_inst/O
                         net (fo=1, routed)           0.731     1.088    clk_IBUF
    BUFGCTRL_X0Y16       BUFG (Prop_bufg_I_O)         0.029     1.117 r  clk_IBUF_BUFG_inst/O
                         net (fo=2408, routed)        0.895     2.013    INPUT_bram/clk_IBUF_BUFG
    RAMB36_X0Y4          RAMB36E1                                     r  INPUT_bram/memory_reg_1/CLKBWRCLK
                         clock pessimism             -0.502     1.511    
    RAMB36_X0Y4          RAMB36E1 (Hold_ramb36e1_CLKBWRCLK_ADDRBWRADDR[10])
                                                      0.183     1.694    INPUT_bram/memory_reg_1
  -------------------------------------------------------------------
                         required time                         -1.694    
                         arrival time                           1.785    
  -------------------------------------------------------------------
                         slack                                  0.091    

Slack (MET) :             0.138ns  (arrival time - required time)
  Source:                 pair_and_spare_FIR/replication_of_fir[3].replication/first_module/other_sections[5].fir_section/reg_s_reg/CLK
                            (rising edge-triggered cell DSP48E1 clocked by clk  {rise@0.000ns fall@8.000ns period=16.000ns})
  Destination:            pair_and_spare_FIR/replication_of_fir[3].replication/first_module/data_o_reg[22]/D
                            (rising edge-triggered cell FDRE clocked by clk  {rise@0.000ns fall@8.000ns period=16.000ns})
  Path Group:             clk
  Path Type:              Hold (Min at Fast Process Corner)
  Requirement:            0.000ns  (clk rise@0.000ns - clk rise@0.000ns)
  Data Path Delay:        0.370ns  (logic 0.126ns (34.044%)  route 0.244ns (65.956%))
  Logic Levels:           0  
  Clock Path Skew:        0.172ns (DCD - SCD - CPR)
    Destination Clock Delay (DCD):    1.942ns
    Source Clock Delay      (SCD):    1.522ns
    Clock Pessimism Removal (CPR):    0.249ns

    Location             Delay type                Incr(ns)  Path(ns)    Netlist Resource(s)
  -------------------------------------------------------------------    -------------------
                         (clock clk rise edge)        0.000     0.000 r  
    N20                                               0.000     0.000 r  clk (IN)
                         net (fo=0)                   0.000     0.000    clk
    N20                  IBUF (Prop_ibuf_I_O)         0.169     0.169 r  clk_IBUF_inst/O
                         net (fo=1, routed)           0.674     0.843    clk_IBUF
    BUFGCTRL_X0Y16       BUFG (Prop_bufg_I_O)         0.026     0.869 r  clk_IBUF_BUFG_inst/O
                         net (fo=2408, routed)        0.653     1.522    pair_and_spare_FIR/replication_of_fir[3].replication/first_module/other_sections[5].fir_section/clk_IBUF_BUFG
    DSP48_X2Y18          DSP48E1                                      r  pair_and_spare_FIR/replication_of_fir[3].replication/first_module/other_sections[5].fir_section/reg_s_reg/CLK
  -------------------------------------------------------------------    -------------------
    DSP48_X2Y18          DSP48E1 (Prop_dsp48e1_CLK_P[45])
                                                      0.126     1.648 r  pair_and_spare_FIR/replication_of_fir[3].replication/first_module/other_sections[5].fir_section/reg_s_reg/P[45]
                         net (fo=1, routed)           0.244     1.892    pair_and_spare_FIR/replication_of_fir[3].replication/first_module/mac_inter[5]_33[45]
    SLICE_X36Y51         FDRE                                         r  pair_and_spare_FIR/replication_of_fir[3].replication/first_module/data_o_reg[22]/D
  -------------------------------------------------------------------    -------------------

                         (clock clk rise edge)        0.000     0.000 r  
    N20                                               0.000     0.000 r  clk (IN)
                         net (fo=0)                   0.000     0.000    clk
    N20                  IBUF (Prop_ibuf_I_O)         0.357     0.357 r  clk_IBUF_inst/O
                         net (fo=1, routed)           0.731     1.088    clk_IBUF
    BUFGCTRL_X0Y16       BUFG (Prop_bufg_I_O)         0.029     1.117 r  clk_IBUF_BUFG_inst/O
                         net (fo=2408, routed)        0.825     1.942    pair_and_spare_FIR/replication_of_fir[3].replication/first_module/clk_IBUF_BUFG
    SLICE_X36Y51         FDRE                                         r  pair_and_spare_FIR/replication_of_fir[3].replication/first_module/data_o_reg[22]/C
                         clock pessimism             -0.249     1.694    
    SLICE_X36Y51         FDRE (Hold_fdre_C_D)         0.060     1.754    pair_and_spare_FIR/replication_of_fir[3].replication/first_module/data_o_reg[22]
  -------------------------------------------------------------------
                         required time                         -1.754    
                         arrival time                           1.892    
  -------------------------------------------------------------------
                         slack                                  0.138    

Slack (MET) :             0.141ns  (arrival time - required time)
  Source:                 address_output_bram_reg[10]/C
                            (rising edge-triggered cell FDRE clocked by clk  {rise@0.000ns fall@8.000ns period=16.000ns})
  Destination:            OUTPUT_bram/memory_reg_1/ADDRARDADDR[13]
                            (rising edge-triggered cell RAMB36E1 clocked by clk  {rise@0.000ns fall@8.000ns period=16.000ns})
  Path Group:             clk
  Path Type:              Hold (Min at Fast Process Corner)
  Requirement:            0.000ns  (clk rise@0.000ns - clk rise@0.000ns)
  Data Path Delay:        0.376ns  (logic 0.141ns (37.459%)  route 0.235ns (62.541%))
  Logic Levels:           0  
  Clock Path Skew:        0.052ns (DCD - SCD - CPR)
    Destination Clock Delay (DCD):    2.024ns
    Source Clock Delay      (SCD):    1.467ns
    Clock Pessimism Removal (CPR):    0.504ns

    Location             Delay type                Incr(ns)  Path(ns)    Netlist Resource(s)
  -------------------------------------------------------------------    -------------------
                         (clock clk rise edge)        0.000     0.000 r  
    N20                                               0.000     0.000 r  clk (IN)
                         net (fo=0)                   0.000     0.000    clk
    N20                  IBUF (Prop_ibuf_I_O)         0.169     0.169 r  clk_IBUF_inst/O
                         net (fo=1, routed)           0.674     0.843    clk_IBUF
    BUFGCTRL_X0Y16       BUFG (Prop_bufg_I_O)         0.026     0.869 r  clk_IBUF_BUFG_inst/O
                         net (fo=2408, routed)        0.599     1.467    clk_IBUF_BUFG
    SLICE_X105Y70        FDRE                                         r  address_output_bram_reg[10]/C
  -------------------------------------------------------------------    -------------------
    SLICE_X105Y70        FDRE (Prop_fdre_C_Q)         0.141     1.608 r  address_output_bram_reg[10]/Q
                         net (fo=5, routed)           0.235     1.844    OUTPUT_bram/ADDRARDADDR[10]
    RAMB36_X5Y14         RAMB36E1                                     r  OUTPUT_bram/memory_reg_1/ADDRARDADDR[13]
  -------------------------------------------------------------------    -------------------

                         (clock clk rise edge)        0.000     0.000 r  
    N20                                               0.000     0.000 r  clk (IN)
                         net (fo=0)                   0.000     0.000    clk
    N20                  IBUF (Prop_ibuf_I_O)         0.357     0.357 r  clk_IBUF_inst/O
                         net (fo=1, routed)           0.731     1.088    clk_IBUF
    BUFGCTRL_X0Y16       BUFG (Prop_bufg_I_O)         0.029     1.117 r  clk_IBUF_BUFG_inst/O
                         net (fo=2408, routed)        0.906     2.024    OUTPUT_bram/clk_IBUF_BUFG
    RAMB36_X5Y14         RAMB36E1                                     r  OUTPUT_bram/memory_reg_1/CLKARDCLK
                         clock pessimism             -0.504     1.520    
    RAMB36_X5Y14         RAMB36E1 (Hold_ramb36e1_CLKARDCLK_ADDRARDADDR[13])
                                                      0.183     1.703    OUTPUT_bram/memory_reg_1
  -------------------------------------------------------------------
                         required time                         -1.703    
                         arrival time                           1.844    
  -------------------------------------------------------------------
                         slack                                  0.141    

Slack (MET) :             0.146ns  (arrival time - required time)
  Source:                 pair_and_spare_FIR/replication_of_fir[4].replication/first_module/other_sections[1].fir_section/reg_s_reg/CLK
                            (rising edge-triggered cell DSP48E1 clocked by clk  {rise@0.000ns fall@8.000ns period=16.000ns})
  Destination:            pair_and_spare_FIR/replication_of_fir[4].replication/first_module/other_sections[2].fir_section/reg_s_reg/PCIN[0]
                            (rising edge-triggered cell DSP48E1 clocked by clk  {rise@0.000ns fall@8.000ns period=16.000ns})
  Path Group:             clk
  Path Type:              Hold (Min at Fast Process Corner)
  Requirement:            0.000ns  (clk rise@0.000ns - clk rise@0.000ns)
  Data Path Delay:        0.402ns  (logic 0.400ns (99.502%)  route 0.002ns (0.498%))
  Logic Levels:           0  
  Clock Path Skew:        0.348ns (DCD - SCD - CPR)
    Destination Clock Delay (DCD):    2.119ns
    Source Clock Delay      (SCD):    1.517ns
    Clock Pessimism Removal (CPR):    0.254ns

    Location             Delay type                Incr(ns)  Path(ns)    Netlist Resource(s)
  -------------------------------------------------------------------    -------------------
                         (clock clk rise edge)        0.000     0.000 r  
    N20                                               0.000     0.000 r  clk (IN)
                         net (fo=0)                   0.000     0.000    clk
    N20                  IBUF (Prop_ibuf_I_O)         0.169     0.169 r  clk_IBUF_inst/O
                         net (fo=1, routed)           0.674     0.843    clk_IBUF
    BUFGCTRL_X0Y16       BUFG (Prop_bufg_I_O)         0.026     0.869 r  clk_IBUF_BUFG_inst/O
                         net (fo=2408, routed)        0.648     1.517    pair_and_spare_FIR/replication_of_fir[4].replication/first_module/other_sections[1].fir_section/clk_IBUF_BUFG
    DSP48_X2Y39          DSP48E1                                      r  pair_and_spare_FIR/replication_of_fir[4].replication/first_module/other_sections[1].fir_section/reg_s_reg/CLK
  -------------------------------------------------------------------    -------------------
    DSP48_X2Y39          DSP48E1 (Prop_dsp48e1_CLK_PCOUT[0])
                                                      0.400     1.917 r  pair_and_spare_FIR/replication_of_fir[4].replication/first_module/other_sections[1].fir_section/reg_s_reg/PCOUT[0]
                         net (fo=1, routed)           0.002     1.919    pair_and_spare_FIR/replication_of_fir[4].replication/first_module/other_sections[2].fir_section/reg_s_reg_0[0]
    DSP48_X2Y40          DSP48E1                                      r  pair_and_spare_FIR/replication_of_fir[4].replication/first_module/other_sections[2].fir_section/reg_s_reg/PCIN[0]
  -------------------------------------------------------------------    -------------------

                         (clock clk rise edge)        0.000     0.000 r  
    N20                                               0.000     0.000 r  clk (IN)
                         net (fo=0)                   0.000     0.000    clk
    N20                  IBUF (Prop_ibuf_I_O)         0.357     0.357 r  clk_IBUF_inst/O
                         net (fo=1, routed)           0.731     1.088    clk_IBUF
    BUFGCTRL_X0Y16       BUFG (Prop_bufg_I_O)         0.029     1.117 r  clk_IBUF_BUFG_inst/O
                         net (fo=2408, routed)        1.002     2.119    pair_and_spare_FIR/replication_of_fir[4].replication/first_module/other_sections[2].fir_section/clk_IBUF_BUFG
    DSP48_X2Y40          DSP48E1                                      r  pair_and_spare_FIR/replication_of_fir[4].replication/first_module/other_sections[2].fir_section/reg_s_reg/CLK
                         clock pessimism             -0.254     1.865    
    DSP48_X2Y40          DSP48E1 (Hold_dsp48e1_CLK_PCIN[0])
                                                     -0.092     1.773    pair_and_spare_FIR/replication_of_fir[4].replication/first_module/other_sections[2].fir_section/reg_s_reg
  -------------------------------------------------------------------
                         required time                         -1.773    
                         arrival time                           1.919    
  -------------------------------------------------------------------
                         slack                                  0.146    

Slack (MET) :             0.146ns  (arrival time - required time)
  Source:                 pair_and_spare_FIR/replication_of_fir[4].replication/first_module/other_sections[1].fir_section/reg_s_reg/CLK
                            (rising edge-triggered cell DSP48E1 clocked by clk  {rise@0.000ns fall@8.000ns period=16.000ns})
  Destination:            pair_and_spare_FIR/replication_of_fir[4].replication/first_module/other_sections[2].fir_section/reg_s_reg/PCIN[10]
                            (rising edge-triggered cell DSP48E1 clocked by clk  {rise@0.000ns fall@8.000ns period=16.000ns})
  Path Group:             clk
  Path Type:              Hold (Min at Fast Process Corner)
  Requirement:            0.000ns  (clk rise@0.000ns - clk rise@0.000ns)
  Data Path Delay:        0.402ns  (logic 0.400ns (99.502%)  route 0.002ns (0.498%))
  Logic Levels:           0  
  Clock Path Skew:        0.348ns (DCD - SCD - CPR)
    Destination Clock Delay (DCD):    2.119ns
    Source Clock Delay      (SCD):    1.517ns
    Clock Pessimism Removal (CPR):    0.254ns

    Location             Delay type                Incr(ns)  Path(ns)    Netlist Resource(s)
  -------------------------------------------------------------------    -------------------
                         (clock clk rise edge)        0.000     0.000 r  
    N20                                               0.000     0.000 r  clk (IN)
                         net (fo=0)                   0.000     0.000    clk
    N20                  IBUF (Prop_ibuf_I_O)         0.169     0.169 r  clk_IBUF_inst/O
                         net (fo=1, routed)           0.674     0.843    clk_IBUF
    BUFGCTRL_X0Y16       BUFG (Prop_bufg_I_O)         0.026     0.869 r  clk_IBUF_BUFG_inst/O
                         net (fo=2408, routed)        0.648     1.517    pair_and_spare_FIR/replication_of_fir[4].replication/first_module/other_sections[1].fir_section/clk_IBUF_BUFG
    DSP48_X2Y39          DSP48E1                                      r  pair_and_spare_FIR/replication_of_fir[4].replication/first_module/other_sections[1].fir_section/reg_s_reg/CLK
  -------------------------------------------------------------------    -------------------
    DSP48_X2Y39          DSP48E1 (Prop_dsp48e1_CLK_PCOUT[10])
                                                      0.400     1.917 r  pair_and_spare_FIR/replication_of_fir[4].replication/first_module/other_sections[1].fir_section/reg_s_reg/PCOUT[10]
                         net (fo=1, routed)           0.002     1.919    pair_and_spare_FIR/replication_of_fir[4].replication/first_module/other_sections[2].fir_section/reg_s_reg_0[10]
    DSP48_X2Y40          DSP48E1                                      r  pair_and_spare_FIR/replication_of_fir[4].replication/first_module/other_sections[2].fir_section/reg_s_reg/PCIN[10]
  -------------------------------------------------------------------    -------------------

                         (clock clk rise edge)        0.000     0.000 r  
    N20                                               0.000     0.000 r  clk (IN)
                         net (fo=0)                   0.000     0.000    clk
    N20                  IBUF (Prop_ibuf_I_O)         0.357     0.357 r  clk_IBUF_inst/O
                         net (fo=1, routed)           0.731     1.088    clk_IBUF
    BUFGCTRL_X0Y16       BUFG (Prop_bufg_I_O)         0.029     1.117 r  clk_IBUF_BUFG_inst/O
                         net (fo=2408, routed)        1.002     2.119    pair_and_spare_FIR/replication_of_fir[4].replication/first_module/other_sections[2].fir_section/clk_IBUF_BUFG
    DSP48_X2Y40          DSP48E1                                      r  pair_and_spare_FIR/replication_of_fir[4].replication/first_module/other_sections[2].fir_section/reg_s_reg/CLK
                         clock pessimism             -0.254     1.865    
    DSP48_X2Y40          DSP48E1 (Hold_dsp48e1_CLK_PCIN[10])
                                                     -0.092     1.773    pair_and_spare_FIR/replication_of_fir[4].replication/first_module/other_sections[2].fir_section/reg_s_reg
  -------------------------------------------------------------------
                         required time                         -1.773    
                         arrival time                           1.919    
  -------------------------------------------------------------------
                         slack                                  0.146    

Slack (MET) :             0.146ns  (arrival time - required time)
  Source:                 pair_and_spare_FIR/replication_of_fir[4].replication/first_module/other_sections[1].fir_section/reg_s_reg/CLK
                            (rising edge-triggered cell DSP48E1 clocked by clk  {rise@0.000ns fall@8.000ns period=16.000ns})
  Destination:            pair_and_spare_FIR/replication_of_fir[4].replication/first_module/other_sections[2].fir_section/reg_s_reg/PCIN[11]
                            (rising edge-triggered cell DSP48E1 clocked by clk  {rise@0.000ns fall@8.000ns period=16.000ns})
  Path Group:             clk
  Path Type:              Hold (Min at Fast Process Corner)
  Requirement:            0.000ns  (clk rise@0.000ns - clk rise@0.000ns)
  Data Path Delay:        0.402ns  (logic 0.400ns (99.502%)  route 0.002ns (0.498%))
  Logic Levels:           0  
  Clock Path Skew:        0.348ns (DCD - SCD - CPR)
    Destination Clock Delay (DCD):    2.119ns
    Source Clock Delay      (SCD):    1.517ns
    Clock Pessimism Removal (CPR):    0.254ns

    Location             Delay type                Incr(ns)  Path(ns)    Netlist Resource(s)
  -------------------------------------------------------------------    -------------------
                         (clock clk rise edge)        0.000     0.000 r  
    N20                                               0.000     0.000 r  clk (IN)
                         net (fo=0)                   0.000     0.000    clk
    N20                  IBUF (Prop_ibuf_I_O)         0.169     0.169 r  clk_IBUF_inst/O
                         net (fo=1, routed)           0.674     0.843    clk_IBUF
    BUFGCTRL_X0Y16       BUFG (Prop_bufg_I_O)         0.026     0.869 r  clk_IBUF_BUFG_inst/O
                         net (fo=2408, routed)        0.648     1.517    pair_and_spare_FIR/replication_of_fir[4].replication/first_module/other_sections[1].fir_section/clk_IBUF_BUFG
    DSP48_X2Y39          DSP48E1                                      r  pair_and_spare_FIR/replication_of_fir[4].replication/first_module/other_sections[1].fir_section/reg_s_reg/CLK
  -------------------------------------------------------------------    -------------------
    DSP48_X2Y39          DSP48E1 (Prop_dsp48e1_CLK_PCOUT[11])
                                                      0.400     1.917 r  pair_and_spare_FIR/replication_of_fir[4].replication/first_module/other_sections[1].fir_section/reg_s_reg/PCOUT[11]
                         net (fo=1, routed)           0.002     1.919    pair_and_spare_FIR/replication_of_fir[4].replication/first_module/other_sections[2].fir_section/reg_s_reg_0[11]
    DSP48_X2Y40          DSP48E1                                      r  pair_and_spare_FIR/replication_of_fir[4].replication/first_module/other_sections[2].fir_section/reg_s_reg/PCIN[11]
  -------------------------------------------------------------------    -------------------

                         (clock clk rise edge)        0.000     0.000 r  
    N20                                               0.000     0.000 r  clk (IN)
                         net (fo=0)                   0.000     0.000    clk
    N20                  IBUF (Prop_ibuf_I_O)         0.357     0.357 r  clk_IBUF_inst/O
                         net (fo=1, routed)           0.731     1.088    clk_IBUF
    BUFGCTRL_X0Y16       BUFG (Prop_bufg_I_O)         0.029     1.117 r  clk_IBUF_BUFG_inst/O
                         net (fo=2408, routed)        1.002     2.119    pair_and_spare_FIR/replication_of_fir[4].replication/first_module/other_sections[2].fir_section/clk_IBUF_BUFG
    DSP48_X2Y40          DSP48E1                                      r  pair_and_spare_FIR/replication_of_fir[4].replication/first_module/other_sections[2].fir_section/reg_s_reg/CLK
                         clock pessimism             -0.254     1.865    
    DSP48_X2Y40          DSP48E1 (Hold_dsp48e1_CLK_PCIN[11])
                                                     -0.092     1.773    pair_and_spare_FIR/replication_of_fir[4].replication/first_module/other_sections[2].fir_section/reg_s_reg
  -------------------------------------------------------------------
                         required time                         -1.773    
                         arrival time                           1.919    
  -------------------------------------------------------------------
                         slack                                  0.146    

Slack (MET) :             0.146ns  (arrival time - required time)
  Source:                 pair_and_spare_FIR/replication_of_fir[4].replication/first_module/other_sections[1].fir_section/reg_s_reg/CLK
                            (rising edge-triggered cell DSP48E1 clocked by clk  {rise@0.000ns fall@8.000ns period=16.000ns})
  Destination:            pair_and_spare_FIR/replication_of_fir[4].replication/first_module/other_sections[2].fir_section/reg_s_reg/PCIN[12]
                            (rising edge-triggered cell DSP48E1 clocked by clk  {rise@0.000ns fall@8.000ns period=16.000ns})
  Path Group:             clk
  Path Type:              Hold (Min at Fast Process Corner)
  Requirement:            0.000ns  (clk rise@0.000ns - clk rise@0.000ns)
  Data Path Delay:        0.402ns  (logic 0.400ns (99.502%)  route 0.002ns (0.498%))
  Logic Levels:           0  
  Clock Path Skew:        0.348ns (DCD - SCD - CPR)
    Destination Clock Delay (DCD):    2.119ns
    Source Clock Delay      (SCD):    1.517ns
    Clock Pessimism Removal (CPR):    0.254ns

    Location             Delay type                Incr(ns)  Path(ns)    Netlist Resource(s)
  -------------------------------------------------------------------    -------------------
                         (clock clk rise edge)        0.000     0.000 r  
    N20                                               0.000     0.000 r  clk (IN)
                         net (fo=0)                   0.000     0.000    clk
    N20                  IBUF (Prop_ibuf_I_O)         0.169     0.169 r  clk_IBUF_inst/O
                         net (fo=1, routed)           0.674     0.843    clk_IBUF
    BUFGCTRL_X0Y16       BUFG (Prop_bufg_I_O)         0.026     0.869 r  clk_IBUF_BUFG_inst/O
                         net (fo=2408, routed)        0.648     1.517    pair_and_spare_FIR/replication_of_fir[4].replication/first_module/other_sections[1].fir_section/clk_IBUF_BUFG
    DSP48_X2Y39          DSP48E1                                      r  pair_and_spare_FIR/replication_of_fir[4].replication/first_module/other_sections[1].fir_section/reg_s_reg/CLK
  -------------------------------------------------------------------    -------------------
    DSP48_X2Y39          DSP48E1 (Prop_dsp48e1_CLK_PCOUT[12])
                                                      0.400     1.917 r  pair_and_spare_FIR/replication_of_fir[4].replication/first_module/other_sections[1].fir_section/reg_s_reg/PCOUT[12]
                         net (fo=1, routed)           0.002     1.919    pair_and_spare_FIR/replication_of_fir[4].replication/first_module/other_sections[2].fir_section/reg_s_reg_0[12]
    DSP48_X2Y40          DSP48E1                                      r  pair_and_spare_FIR/replication_of_fir[4].replication/first_module/other_sections[2].fir_section/reg_s_reg/PCIN[12]
  -------------------------------------------------------------------    -------------------

                         (clock clk rise edge)        0.000     0.000 r  
    N20                                               0.000     0.000 r  clk (IN)
                         net (fo=0)                   0.000     0.000    clk
    N20                  IBUF (Prop_ibuf_I_O)         0.357     0.357 r  clk_IBUF_inst/O
                         net (fo=1, routed)           0.731     1.088    clk_IBUF
    BUFGCTRL_X0Y16       BUFG (Prop_bufg_I_O)         0.029     1.117 r  clk_IBUF_BUFG_inst/O
                         net (fo=2408, routed)        1.002     2.119    pair_and_spare_FIR/replication_of_fir[4].replication/first_module/other_sections[2].fir_section/clk_IBUF_BUFG
    DSP48_X2Y40          DSP48E1                                      r  pair_and_spare_FIR/replication_of_fir[4].replication/first_module/other_sections[2].fir_section/reg_s_reg/CLK
                         clock pessimism             -0.254     1.865    
    DSP48_X2Y40          DSP48E1 (Hold_dsp48e1_CLK_PCIN[12])
                                                     -0.092     1.773    pair_and_spare_FIR/replication_of_fir[4].replication/first_module/other_sections[2].fir_section/reg_s_reg
  -------------------------------------------------------------------
                         required time                         -1.773    
                         arrival time                           1.919    
  -------------------------------------------------------------------
                         slack                                  0.146    

Slack (MET) :             0.146ns  (arrival time - required time)
  Source:                 pair_and_spare_FIR/replication_of_fir[4].replication/first_module/other_sections[1].fir_section/reg_s_reg/CLK
                            (rising edge-triggered cell DSP48E1 clocked by clk  {rise@0.000ns fall@8.000ns period=16.000ns})
  Destination:            pair_and_spare_FIR/replication_of_fir[4].replication/first_module/other_sections[2].fir_section/reg_s_reg/PCIN[13]
                            (rising edge-triggered cell DSP48E1 clocked by clk  {rise@0.000ns fall@8.000ns period=16.000ns})
  Path Group:             clk
  Path Type:              Hold (Min at Fast Process Corner)
  Requirement:            0.000ns  (clk rise@0.000ns - clk rise@0.000ns)
  Data Path Delay:        0.402ns  (logic 0.400ns (99.502%)  route 0.002ns (0.498%))
  Logic Levels:           0  
  Clock Path Skew:        0.348ns (DCD - SCD - CPR)
    Destination Clock Delay (DCD):    2.119ns
    Source Clock Delay      (SCD):    1.517ns
    Clock Pessimism Removal (CPR):    0.254ns

    Location             Delay type                Incr(ns)  Path(ns)    Netlist Resource(s)
  -------------------------------------------------------------------    -------------------
                         (clock clk rise edge)        0.000     0.000 r  
    N20                                               0.000     0.000 r  clk (IN)
                         net (fo=0)                   0.000     0.000    clk
    N20                  IBUF (Prop_ibuf_I_O)         0.169     0.169 r  clk_IBUF_inst/O
                         net (fo=1, routed)           0.674     0.843    clk_IBUF
    BUFGCTRL_X0Y16       BUFG (Prop_bufg_I_O)         0.026     0.869 r  clk_IBUF_BUFG_inst/O
                         net (fo=2408, routed)        0.648     1.517    pair_and_spare_FIR/replication_of_fir[4].replication/first_module/other_sections[1].fir_section/clk_IBUF_BUFG
    DSP48_X2Y39          DSP48E1                                      r  pair_and_spare_FIR/replication_of_fir[4].replication/first_module/other_sections[1].fir_section/reg_s_reg/CLK
  -------------------------------------------------------------------    -------------------
    DSP48_X2Y39          DSP48E1 (Prop_dsp48e1_CLK_PCOUT[13])
                                                      0.400     1.917 r  pair_and_spare_FIR/replication_of_fir[4].replication/first_module/other_sections[1].fir_section/reg_s_reg/PCOUT[13]
                         net (fo=1, routed)           0.002     1.919    pair_and_spare_FIR/replication_of_fir[4].replication/first_module/other_sections[2].fir_section/reg_s_reg_0[13]
    DSP48_X2Y40          DSP48E1                                      r  pair_and_spare_FIR/replication_of_fir[4].replication/first_module/other_sections[2].fir_section/reg_s_reg/PCIN[13]
  -------------------------------------------------------------------    -------------------

                         (clock clk rise edge)        0.000     0.000 r  
    N20                                               0.000     0.000 r  clk (IN)
                         net (fo=0)                   0.000     0.000    clk
    N20                  IBUF (Prop_ibuf_I_O)         0.357     0.357 r  clk_IBUF_inst/O
                         net (fo=1, routed)           0.731     1.088    clk_IBUF
    BUFGCTRL_X0Y16       BUFG (Prop_bufg_I_O)         0.029     1.117 r  clk_IBUF_BUFG_inst/O
                         net (fo=2408, routed)        1.002     2.119    pair_and_spare_FIR/replication_of_fir[4].replication/first_module/other_sections[2].fir_section/clk_IBUF_BUFG
    DSP48_X2Y40          DSP48E1                                      r  pair_and_spare_FIR/replication_of_fir[4].replication/first_module/other_sections[2].fir_section/reg_s_reg/CLK
                         clock pessimism             -0.254     1.865    
    DSP48_X2Y40          DSP48E1 (Hold_dsp48e1_CLK_PCIN[13])
                                                     -0.092     1.773    pair_and_spare_FIR/replication_of_fir[4].replication/first_module/other_sections[2].fir_section/reg_s_reg
  -------------------------------------------------------------------
                         required time                         -1.773    
                         arrival time                           1.919    
  -------------------------------------------------------------------
                         slack                                  0.146    

Slack (MET) :             0.146ns  (arrival time - required time)
  Source:                 pair_and_spare_FIR/replication_of_fir[4].replication/first_module/other_sections[1].fir_section/reg_s_reg/CLK
                            (rising edge-triggered cell DSP48E1 clocked by clk  {rise@0.000ns fall@8.000ns period=16.000ns})
  Destination:            pair_and_spare_FIR/replication_of_fir[4].replication/first_module/other_sections[2].fir_section/reg_s_reg/PCIN[14]
                            (rising edge-triggered cell DSP48E1 clocked by clk  {rise@0.000ns fall@8.000ns period=16.000ns})
  Path Group:             clk
  Path Type:              Hold (Min at Fast Process Corner)
  Requirement:            0.000ns  (clk rise@0.000ns - clk rise@0.000ns)
  Data Path Delay:        0.402ns  (logic 0.400ns (99.502%)  route 0.002ns (0.498%))
  Logic Levels:           0  
  Clock Path Skew:        0.348ns (DCD - SCD - CPR)
    Destination Clock Delay (DCD):    2.119ns
    Source Clock Delay      (SCD):    1.517ns
    Clock Pessimism Removal (CPR):    0.254ns

    Location             Delay type                Incr(ns)  Path(ns)    Netlist Resource(s)
  -------------------------------------------------------------------    -------------------
                         (clock clk rise edge)        0.000     0.000 r  
    N20                                               0.000     0.000 r  clk (IN)
                         net (fo=0)                   0.000     0.000    clk
    N20                  IBUF (Prop_ibuf_I_O)         0.169     0.169 r  clk_IBUF_inst/O
                         net (fo=1, routed)           0.674     0.843    clk_IBUF
    BUFGCTRL_X0Y16       BUFG (Prop_bufg_I_O)         0.026     0.869 r  clk_IBUF_BUFG_inst/O
                         net (fo=2408, routed)        0.648     1.517    pair_and_spare_FIR/replication_of_fir[4].replication/first_module/other_sections[1].fir_section/clk_IBUF_BUFG
    DSP48_X2Y39          DSP48E1                                      r  pair_and_spare_FIR/replication_of_fir[4].replication/first_module/other_sections[1].fir_section/reg_s_reg/CLK
  -------------------------------------------------------------------    -------------------
    DSP48_X2Y39          DSP48E1 (Prop_dsp48e1_CLK_PCOUT[14])
                                                      0.400     1.917 r  pair_and_spare_FIR/replication_of_fir[4].replication/first_module/other_sections[1].fir_section/reg_s_reg/PCOUT[14]
                         net (fo=1, routed)           0.002     1.919    pair_and_spare_FIR/replication_of_fir[4].replication/first_module/other_sections[2].fir_section/reg_s_reg_0[14]
    DSP48_X2Y40          DSP48E1                                      r  pair_and_spare_FIR/replication_of_fir[4].replication/first_module/other_sections[2].fir_section/reg_s_reg/PCIN[14]
  -------------------------------------------------------------------    -------------------

                         (clock clk rise edge)        0.000     0.000 r  
    N20                                               0.000     0.000 r  clk (IN)
                         net (fo=0)                   0.000     0.000    clk
    N20                  IBUF (Prop_ibuf_I_O)         0.357     0.357 r  clk_IBUF_inst/O
                         net (fo=1, routed)           0.731     1.088    clk_IBUF
    BUFGCTRL_X0Y16       BUFG (Prop_bufg_I_O)         0.029     1.117 r  clk_IBUF_BUFG_inst/O
                         net (fo=2408, routed)        1.002     2.119    pair_and_spare_FIR/replication_of_fir[4].replication/first_module/other_sections[2].fir_section/clk_IBUF_BUFG
    DSP48_X2Y40          DSP48E1                                      r  pair_and_spare_FIR/replication_of_fir[4].replication/first_module/other_sections[2].fir_section/reg_s_reg/CLK
                         clock pessimism             -0.254     1.865    
    DSP48_X2Y40          DSP48E1 (Hold_dsp48e1_CLK_PCIN[14])
                                                     -0.092     1.773    pair_and_spare_FIR/replication_of_fir[4].replication/first_module/other_sections[2].fir_section/reg_s_reg
  -------------------------------------------------------------------
                         required time                         -1.773    
                         arrival time                           1.919    
  -------------------------------------------------------------------
                         slack                                  0.146    





Pulse Width Checks
--------------------------------------------------------------------------------------
Clock Name:         clk
Waveform(ns):       { 0.000 8.000 }
Period(ns):         16.000
Sources:            { clk }

Check Type        Corner  Lib Pin             Reference Pin  Required(ns)  Actual(ns)  Slack(ns)  Location      Pin
Min Period        n/a     RAMB36E1/CLKARDCLK  n/a            2.944         16.000      13.056     RAMB36_X0Y3   INPUT_bram/memory_reg_0/CLKARDCLK
Min Period        n/a     RAMB36E1/CLKARDCLK  n/a            2.944         16.000      13.056     RAMB36_X0Y4   INPUT_bram/memory_reg_1/CLKARDCLK
Min Period        n/a     RAMB36E1/CLKARDCLK  n/a            2.944         16.000      13.056     RAMB36_X0Y5   INPUT_bram/memory_reg_2/CLKARDCLK
Min Period        n/a     RAMB36E1/CLKARDCLK  n/a            2.944         16.000      13.056     RAMB36_X5Y15  OUTPUT_bram/memory_reg_0/CLKARDCLK
Min Period        n/a     RAMB36E1/CLKARDCLK  n/a            2.944         16.000      13.056     RAMB36_X5Y14  OUTPUT_bram/memory_reg_1/CLKARDCLK
Min Period        n/a     RAMB36E1/CLKARDCLK  n/a            2.944         16.000      13.056     RAMB36_X5Y13  OUTPUT_bram/memory_reg_2/CLKARDCLK
Min Period        n/a     RAMB36E1/CLKBWRCLK  n/a            2.576         16.000      13.424     RAMB36_X0Y3   INPUT_bram/memory_reg_0/CLKBWRCLK
Min Period        n/a     RAMB36E1/CLKBWRCLK  n/a            2.576         16.000      13.424     RAMB36_X0Y4   INPUT_bram/memory_reg_1/CLKBWRCLK
Min Period        n/a     RAMB36E1/CLKBWRCLK  n/a            2.576         16.000      13.424     RAMB36_X0Y5   INPUT_bram/memory_reg_2/CLKBWRCLK
Min Period        n/a     RAMB36E1/CLKBWRCLK  n/a            2.576         16.000      13.424     RAMB36_X5Y15  OUTPUT_bram/memory_reg_0/CLKBWRCLK
Low Pulse Width   Slow    FDRE/C              n/a            0.500         8.000       7.500      SLICE_X8Y21   address_input_bram_reg[0]/C
Low Pulse Width   Fast    FDRE/C              n/a            0.500         8.000       7.500      SLICE_X8Y21   address_input_bram_reg[0]/C
Low Pulse Width   Slow    FDRE/C              n/a            0.500         8.000       7.500      SLICE_X8Y23   address_input_bram_reg[10]/C
Low Pulse Width   Fast    FDRE/C              n/a            0.500         8.000       7.500      SLICE_X8Y23   address_input_bram_reg[10]/C
Low Pulse Width   Slow    FDRE/C              n/a            0.500         8.000       7.500      SLICE_X8Y23   address_input_bram_reg[11]/C
Low Pulse Width   Fast    FDRE/C              n/a            0.500         8.000       7.500      SLICE_X8Y23   address_input_bram_reg[11]/C
Low Pulse Width   Slow    FDRE/C              n/a            0.500         8.000       7.500      SLICE_X8Y21   address_input_bram_reg[1]/C
Low Pulse Width   Fast    FDRE/C              n/a            0.500         8.000       7.500      SLICE_X8Y21   address_input_bram_reg[1]/C
Low Pulse Width   Slow    FDRE/C              n/a            0.500         8.000       7.500      SLICE_X8Y21   address_input_bram_reg[2]/C
Low Pulse Width   Fast    FDRE/C              n/a            0.500         8.000       7.500      SLICE_X8Y21   address_input_bram_reg[2]/C
High Pulse Width  Slow    FDRE/C              n/a            0.500         8.000       7.500      SLICE_X8Y21   address_input_bram_reg[0]/C
High Pulse Width  Fast    FDRE/C              n/a            0.500         8.000       7.500      SLICE_X8Y21   address_input_bram_reg[0]/C
High Pulse Width  Slow    FDRE/C              n/a            0.500         8.000       7.500      SLICE_X8Y23   address_input_bram_reg[10]/C
High Pulse Width  Fast    FDRE/C              n/a            0.500         8.000       7.500      SLICE_X8Y23   address_input_bram_reg[10]/C
High Pulse Width  Slow    FDRE/C              n/a            0.500         8.000       7.500      SLICE_X8Y23   address_input_bram_reg[11]/C
High Pulse Width  Fast    FDRE/C              n/a            0.500         8.000       7.500      SLICE_X8Y23   address_input_bram_reg[11]/C
High Pulse Width  Slow    FDRE/C              n/a            0.500         8.000       7.500      SLICE_X8Y21   address_input_bram_reg[1]/C
High Pulse Width  Fast    FDRE/C              n/a            0.500         8.000       7.500      SLICE_X8Y21   address_input_bram_reg[1]/C
High Pulse Width  Slow    FDRE/C              n/a            0.500         8.000       7.500      SLICE_X8Y21   address_input_bram_reg[2]/C
High Pulse Width  Fast    FDRE/C              n/a            0.500         8.000       7.500      SLICE_X8Y21   address_input_bram_reg[2]/C



--------------------------------------------------------------------------------------
Path Group:  (none)
From Clock:  
  To Clock:  

Max Delay             1 Endpoint
Min Delay             1 Endpoint
--------------------------------------------------------------------------------------


Max Delay Paths
--------------------------------------------------------------------------------------
Slack:                    inf
  Source:                 addr_read[8]
                            (input port)
  Destination:            ready
                            (output port)
  Path Group:             (none)
  Path Type:              Max at Slow Process Corner
  Data Path Delay:        12.302ns  (logic 3.877ns (31.512%)  route 8.425ns (68.488%))
  Logic Levels:           4  (IBUF=1 LUT4=1 LUT5=1 OBUF=1)

    Location             Delay type                Incr(ns)  Path(ns)    Netlist Resource(s)
  -------------------------------------------------------------------    -------------------
    V17                                               0.000     0.000 f  addr_read[8] (IN)
                         net (fo=0)                   0.000     0.000    addr_read[8]
    V17                  IBUF (Prop_ibuf_I_O)         0.996     0.996 f  addr_read_IBUF[8]_inst/O
                         net (fo=4, routed)           1.908     2.904    addr_read_IBUF[8]
    SLICE_X106Y65        LUT4 (Prop_lut4_I1_O)        0.124     3.028 r  ready_OBUF_inst_i_6/O
                         net (fo=1, routed)           0.674     3.703    ready_OBUF_inst_i_6_n_0
    SLICE_X106Y65        LUT5 (Prop_lut5_I4_O)        0.124     3.827 r  ready_OBUF_inst_i_1/O
                         net (fo=1, routed)           5.843     9.669    ready_OBUF
    V5                   OBUF (Prop_obuf_I_O)         2.632    12.302 r  ready_OBUF_inst/O
                         net (fo=0)                   0.000    12.302    ready
    V5                                                                r  ready (OUT)
  -------------------------------------------------------------------    -------------------





Min Delay Paths
--------------------------------------------------------------------------------------
Slack:                    inf
  Source:                 addr_read[4]
                            (input port)
  Destination:            ready
                            (output port)
  Path Group:             (none)
  Path Type:              Min at Fast Process Corner
  Data Path Delay:        4.478ns  (logic 1.429ns (31.921%)  route 3.048ns (68.079%))
  Logic Levels:           4  (IBUF=1 LUT4=1 LUT5=1 OBUF=1)

    Location             Delay type                Incr(ns)  Path(ns)    Netlist Resource(s)
  -------------------------------------------------------------------    -------------------
    N17                                               0.000     0.000 f  addr_read[4] (IN)
                         net (fo=0)                   0.000     0.000    addr_read[4]
    N17                  IBUF (Prop_ibuf_I_O)         0.190     0.190 f  addr_read_IBUF[4]_inst/O
                         net (fo=4, routed)           0.602     0.792    addr_read_IBUF[4]
    SLICE_X106Y65        LUT4 (Prop_lut4_I1_O)        0.045     0.837 r  ready_OBUF_inst_i_5/O
                         net (fo=1, routed)           0.059     0.896    ready_OBUF_inst_i_5_n_0
    SLICE_X106Y65        LUT5 (Prop_lut5_I3_O)        0.045     0.941 r  ready_OBUF_inst_i_1/O
                         net (fo=1, routed)           2.388     3.328    ready_OBUF
    V5                   OBUF (Prop_obuf_I_O)         1.149     4.478 r  ready_OBUF_inst/O
                         net (fo=0)                   0.000     4.478    ready
    V5                                                                r  ready (OUT)
  -------------------------------------------------------------------    -------------------





--------------------------------------------------------------------------------------
Path Group:  (none)
From Clock:  clk
  To Clock:  

Max Delay            25 Endpoints
Min Delay            25 Endpoints
--------------------------------------------------------------------------------------


Max Delay Paths
--------------------------------------------------------------------------------------
Slack:                    inf
  Source:                 address_output_bram_reg[3]/C
                            (rising edge-triggered cell FDRE clocked by clk  {rise@0.000ns fall@8.000ns period=16.000ns})
  Destination:            ready
                            (output port)
  Path Group:             (none)
  Path Type:              Max at Slow Process Corner
  Data Path Delay:        11.043ns  (logic 3.336ns (30.213%)  route 7.707ns (69.787%))
  Logic Levels:           3  (LUT5=1 LUT6=1 OBUF=1)
  Clock Uncertainty:      0.025ns  ((TSJ^2 + TIJ^2)^1/2 + DJ) / 2 + PE
    Total System Jitter     (TSJ):    0.050ns
    Total Input Jitter      (TIJ):    0.000ns
    Discrete Jitter          (DJ):    0.000ns
    Phase Error              (PE):    0.000ns

    Location             Delay type                Incr(ns)  Path(ns)    Netlist Resource(s)
  -------------------------------------------------------------------    -------------------
                         (clock clk rise edge)        0.000     0.000 r  
    N20                                               0.000     0.000 r  clk (IN)
                         net (fo=0)                   0.000     0.000    clk
    N20                  IBUF (Prop_ibuf_I_O)         0.940     0.940 r  clk_IBUF_inst/O
                         net (fo=1, routed)           2.205     3.145    clk_IBUF
    BUFGCTRL_X0Y16       BUFG (Prop_bufg_I_O)         0.101     3.246 r  clk_IBUF_BUFG_inst/O
                         net (fo=2408, routed)        1.774     5.020    clk_IBUF_BUFG
    SLICE_X105Y68        FDRE                                         r  address_output_bram_reg[3]/C
  -------------------------------------------------------------------    -------------------
    SLICE_X105Y68        FDRE (Prop_fdre_C_Q)         0.456     5.476 r  address_output_bram_reg[3]/Q
                         net (fo=5, routed)           0.976     6.451    address_output_bram_reg[3]
    SLICE_X105Y65        LUT6 (Prop_lut6_I1_O)        0.124     6.575 r  ready_OBUF_inst_i_3/O
                         net (fo=1, routed)           0.888     7.463    ready_OBUF_inst_i_3_n_0
    SLICE_X106Y65        LUT5 (Prop_lut5_I1_O)        0.124     7.587 r  ready_OBUF_inst_i_1/O
                         net (fo=1, routed)           5.843    13.430    ready_OBUF
    V5                   OBUF (Prop_obuf_I_O)         2.632    16.063 r  ready_OBUF_inst/O
                         net (fo=0)                   0.000    16.063    ready
    V5                                                                r  ready (OUT)
  -------------------------------------------------------------------    -------------------

Slack:                    inf
  Source:                 OUTPUT_bram/memory_reg_2/CLKBWRCLK
                            (rising edge-triggered cell RAMB36E1 clocked by clk  {rise@0.000ns fall@8.000ns period=16.000ns})
  Destination:            data_out[22]
                            (output port)
  Path Group:             (none)
  Path Type:              Max at Slow Process Corner
  Data Path Delay:        8.339ns  (logic 5.145ns (61.701%)  route 3.194ns (38.299%))
  Logic Levels:           1  (OBUF=1)
  Clock Uncertainty:      0.025ns  ((TSJ^2 + TIJ^2)^1/2 + DJ) / 2 + PE
    Total System Jitter     (TSJ):    0.050ns
    Total Input Jitter      (TIJ):    0.000ns
    Discrete Jitter          (DJ):    0.000ns
    Phase Error              (PE):    0.000ns

    Location             Delay type                Incr(ns)  Path(ns)    Netlist Resource(s)
  -------------------------------------------------------------------    -------------------
                         (clock clk rise edge)        0.000     0.000 r  
    N20                                               0.000     0.000 r  clk (IN)
                         net (fo=0)                   0.000     0.000    clk
    N20                  IBUF (Prop_ibuf_I_O)         0.940     0.940 r  clk_IBUF_inst/O
                         net (fo=1, routed)           2.205     3.145    clk_IBUF
    BUFGCTRL_X0Y16       BUFG (Prop_bufg_I_O)         0.101     3.246 r  clk_IBUF_BUFG_inst/O
                         net (fo=2408, routed)        1.819     5.065    OUTPUT_bram/clk_IBUF_BUFG
    RAMB36_X5Y13         RAMB36E1                                     r  OUTPUT_bram/memory_reg_2/CLKBWRCLK
  -------------------------------------------------------------------    -------------------
    RAMB36_X5Y13         RAMB36E1 (Prop_ramb36e1_CLKBWRCLK_DOBDO[4])
                                                      2.454     7.519 r  OUTPUT_bram/memory_reg_2/DOBDO[4]
                         net (fo=1, routed)           3.194    10.713    data_out_OBUF[22]
    T10                  OBUF (Prop_obuf_I_O)         2.691    13.404 r  data_out_OBUF[22]_inst/O
                         net (fo=0)                   0.000    13.404    data_out[22]
    T10                                                               r  data_out[22] (OUT)
  -------------------------------------------------------------------    -------------------

Slack:                    inf
  Source:                 OUTPUT_bram/memory_reg_2/CLKBWRCLK
                            (rising edge-triggered cell RAMB36E1 clocked by clk  {rise@0.000ns fall@8.000ns period=16.000ns})
  Destination:            data_out[18]
                            (output port)
  Path Group:             (none)
  Path Type:              Max at Slow Process Corner
  Data Path Delay:        8.320ns  (logic 5.172ns (62.162%)  route 3.148ns (37.838%))
  Logic Levels:           1  (OBUF=1)
  Clock Uncertainty:      0.025ns  ((TSJ^2 + TIJ^2)^1/2 + DJ) / 2 + PE
    Total System Jitter     (TSJ):    0.050ns
    Total Input Jitter      (TIJ):    0.000ns
    Discrete Jitter          (DJ):    0.000ns
    Phase Error              (PE):    0.000ns

    Location             Delay type                Incr(ns)  Path(ns)    Netlist Resource(s)
  -------------------------------------------------------------------    -------------------
                         (clock clk rise edge)        0.000     0.000 r  
    N20                                               0.000     0.000 r  clk (IN)
                         net (fo=0)                   0.000     0.000    clk
    N20                  IBUF (Prop_ibuf_I_O)         0.940     0.940 r  clk_IBUF_inst/O
                         net (fo=1, routed)           2.205     3.145    clk_IBUF
    BUFGCTRL_X0Y16       BUFG (Prop_bufg_I_O)         0.101     3.246 r  clk_IBUF_BUFG_inst/O
                         net (fo=2408, routed)        1.819     5.065    OUTPUT_bram/clk_IBUF_BUFG
    RAMB36_X5Y13         RAMB36E1                                     r  OUTPUT_bram/memory_reg_2/CLKBWRCLK
  -------------------------------------------------------------------    -------------------
    RAMB36_X5Y13         RAMB36E1 (Prop_ramb36e1_CLKBWRCLK_DOBDO[0])
                                                      2.454     7.519 r  OUTPUT_bram/memory_reg_2/DOBDO[0]
                         net (fo=1, routed)           3.148    10.667    data_out_OBUF[18]
    V13                  OBUF (Prop_obuf_I_O)         2.718    13.385 r  data_out_OBUF[18]_inst/O
                         net (fo=0)                   0.000    13.385    data_out[18]
    V13                                                               r  data_out[18] (OUT)
  -------------------------------------------------------------------    -------------------

Slack:                    inf
  Source:                 OUTPUT_bram/memory_reg_2/CLKBWRCLK
                            (rising edge-triggered cell RAMB36E1 clocked by clk  {rise@0.000ns fall@8.000ns period=16.000ns})
  Destination:            data_out[21]
                            (output port)
  Path Group:             (none)
  Path Type:              Max at Slow Process Corner
  Data Path Delay:        8.320ns  (logic 5.166ns (62.097%)  route 3.153ns (37.903%))
  Logic Levels:           1  (OBUF=1)
  Clock Uncertainty:      0.025ns  ((TSJ^2 + TIJ^2)^1/2 + DJ) / 2 + PE
    Total System Jitter     (TSJ):    0.050ns
    Total Input Jitter      (TIJ):    0.000ns
    Discrete Jitter          (DJ):    0.000ns
    Phase Error              (PE):    0.000ns

    Location             Delay type                Incr(ns)  Path(ns)    Netlist Resource(s)
  -------------------------------------------------------------------    -------------------
                         (clock clk rise edge)        0.000     0.000 r  
    N20                                               0.000     0.000 r  clk (IN)
                         net (fo=0)                   0.000     0.000    clk
    N20                  IBUF (Prop_ibuf_I_O)         0.940     0.940 r  clk_IBUF_inst/O
                         net (fo=1, routed)           2.205     3.145    clk_IBUF
    BUFGCTRL_X0Y16       BUFG (Prop_bufg_I_O)         0.101     3.246 r  clk_IBUF_BUFG_inst/O
                         net (fo=2408, routed)        1.819     5.065    OUTPUT_bram/clk_IBUF_BUFG
    RAMB36_X5Y13         RAMB36E1                                     r  OUTPUT_bram/memory_reg_2/CLKBWRCLK
  -------------------------------------------------------------------    -------------------
    RAMB36_X5Y13         RAMB36E1 (Prop_ramb36e1_CLKBWRCLK_DOBDO[3])
                                                      2.454     7.519 r  OUTPUT_bram/memory_reg_2/DOBDO[3]
                         net (fo=1, routed)           3.153    10.672    data_out_OBUF[21]
    T12                  OBUF (Prop_obuf_I_O)         2.712    13.385 r  data_out_OBUF[21]_inst/O
                         net (fo=0)                   0.000    13.385    data_out[21]
    T12                                                               r  data_out[21] (OUT)
  -------------------------------------------------------------------    -------------------

Slack:                    inf
  Source:                 OUTPUT_bram/memory_reg_2/CLKBWRCLK
                            (rising edge-triggered cell RAMB36E1 clocked by clk  {rise@0.000ns fall@8.000ns period=16.000ns})
  Destination:            data_out[20]
                            (output port)
  Path Group:             (none)
  Path Type:              Max at Slow Process Corner
  Data Path Delay:        8.168ns  (logic 5.173ns (63.324%)  route 2.996ns (36.676%))
  Logic Levels:           1  (OBUF=1)
  Clock Uncertainty:      0.025ns  ((TSJ^2 + TIJ^2)^1/2 + DJ) / 2 + PE
    Total System Jitter     (TSJ):    0.050ns
    Total Input Jitter      (TIJ):    0.000ns
    Discrete Jitter          (DJ):    0.000ns
    Phase Error              (PE):    0.000ns

    Location             Delay type                Incr(ns)  Path(ns)    Netlist Resource(s)
  -------------------------------------------------------------------    -------------------
                         (clock clk rise edge)        0.000     0.000 r  
    N20                                               0.000     0.000 r  clk (IN)
                         net (fo=0)                   0.000     0.000    clk
    N20                  IBUF (Prop_ibuf_I_O)         0.940     0.940 r  clk_IBUF_inst/O
                         net (fo=1, routed)           2.205     3.145    clk_IBUF
    BUFGCTRL_X0Y16       BUFG (Prop_bufg_I_O)         0.101     3.246 r  clk_IBUF_BUFG_inst/O
                         net (fo=2408, routed)        1.819     5.065    OUTPUT_bram/clk_IBUF_BUFG
    RAMB36_X5Y13         RAMB36E1                                     r  OUTPUT_bram/memory_reg_2/CLKBWRCLK
  -------------------------------------------------------------------    -------------------
    RAMB36_X5Y13         RAMB36E1 (Prop_ramb36e1_CLKBWRCLK_DOBDO[2])
                                                      2.454     7.519 r  OUTPUT_bram/memory_reg_2/DOBDO[2]
                         net (fo=1, routed)           2.996    10.515    data_out_OBUF[20]
    U12                  OBUF (Prop_obuf_I_O)         2.719    13.233 r  data_out_OBUF[20]_inst/O
                         net (fo=0)                   0.000    13.233    data_out[20]
    U12                                                               r  data_out[20] (OUT)
  -------------------------------------------------------------------    -------------------

Slack:                    inf
  Source:                 OUTPUT_bram/memory_reg_2/CLKBWRCLK
                            (rising edge-triggered cell RAMB36E1 clocked by clk  {rise@0.000ns fall@8.000ns period=16.000ns})
  Destination:            data_out[23]
                            (output port)
  Path Group:             (none)
  Path Type:              Max at Slow Process Corner
  Data Path Delay:        8.155ns  (logic 5.152ns (63.167%)  route 3.004ns (36.833%))
  Logic Levels:           1  (OBUF=1)
  Clock Uncertainty:      0.025ns  ((TSJ^2 + TIJ^2)^1/2 + DJ) / 2 + PE
    Total System Jitter     (TSJ):    0.050ns
    Total Input Jitter      (TIJ):    0.000ns
    Discrete Jitter          (DJ):    0.000ns
    Phase Error              (PE):    0.000ns

    Location             Delay type                Incr(ns)  Path(ns)    Netlist Resource(s)
  -------------------------------------------------------------------    -------------------
                         (clock clk rise edge)        0.000     0.000 r  
    N20                                               0.000     0.000 r  clk (IN)
                         net (fo=0)                   0.000     0.000    clk
    N20                  IBUF (Prop_ibuf_I_O)         0.940     0.940 r  clk_IBUF_inst/O
                         net (fo=1, routed)           2.205     3.145    clk_IBUF
    BUFGCTRL_X0Y16       BUFG (Prop_bufg_I_O)         0.101     3.246 r  clk_IBUF_BUFG_inst/O
                         net (fo=2408, routed)        1.819     5.065    OUTPUT_bram/clk_IBUF_BUFG
    RAMB36_X5Y13         RAMB36E1                                     r  OUTPUT_bram/memory_reg_2/CLKBWRCLK
  -------------------------------------------------------------------    -------------------
    RAMB36_X5Y13         RAMB36E1 (Prop_ramb36e1_CLKBWRCLK_DOBDO[5])
                                                      2.454     7.519 r  OUTPUT_bram/memory_reg_2/DOBDO[5]
                         net (fo=1, routed)           3.004    10.523    data_out_OBUF[23]
    T11                  OBUF (Prop_obuf_I_O)         2.698    13.221 r  data_out_OBUF[23]_inst/O
                         net (fo=0)                   0.000    13.221    data_out[23]
    T11                                                               r  data_out[23] (OUT)
  -------------------------------------------------------------------    -------------------

Slack:                    inf
  Source:                 OUTPUT_bram/memory_reg_1/CLKBWRCLK
                            (rising edge-triggered cell RAMB36E1 clocked by clk  {rise@0.000ns fall@8.000ns period=16.000ns})
  Destination:            data_out[17]
                            (output port)
  Path Group:             (none)
  Path Type:              Max at Slow Process Corner
  Data Path Delay:        8.061ns  (logic 5.148ns (63.863%)  route 2.913ns (36.137%))
  Logic Levels:           1  (OBUF=1)
  Clock Uncertainty:      0.025ns  ((TSJ^2 + TIJ^2)^1/2 + DJ) / 2 + PE
    Total System Jitter     (TSJ):    0.050ns
    Total Input Jitter      (TIJ):    0.000ns
    Discrete Jitter          (DJ):    0.000ns
    Phase Error              (PE):    0.000ns

    Location             Delay type                Incr(ns)  Path(ns)    Netlist Resource(s)
  -------------------------------------------------------------------    -------------------
                         (clock clk rise edge)        0.000     0.000 r  
    N20                                               0.000     0.000 r  clk (IN)
                         net (fo=0)                   0.000     0.000    clk
    N20                  IBUF (Prop_ibuf_I_O)         0.940     0.940 r  clk_IBUF_inst/O
                         net (fo=1, routed)           2.205     3.145    clk_IBUF
    BUFGCTRL_X0Y16       BUFG (Prop_bufg_I_O)         0.101     3.246 r  clk_IBUF_BUFG_inst/O
                         net (fo=2408, routed)        1.813     5.059    OUTPUT_bram/clk_IBUF_BUFG
    RAMB36_X5Y14         RAMB36E1                                     r  OUTPUT_bram/memory_reg_1/CLKBWRCLK
  -------------------------------------------------------------------    -------------------
    RAMB36_X5Y14         RAMB36E1 (Prop_ramb36e1_CLKBWRCLK_DOPBDOP[0])
                                                      2.454     7.513 r  OUTPUT_bram/memory_reg_1/DOPBDOP[0]
                         net (fo=1, routed)           2.913    10.426    data_out_OBUF[17]
    V12                  OBUF (Prop_obuf_I_O)         2.694    13.120 r  data_out_OBUF[17]_inst/O
                         net (fo=0)                   0.000    13.120    data_out[17]
    V12                                                               r  data_out[17] (OUT)
  -------------------------------------------------------------------    -------------------

Slack:                    inf
  Source:                 OUTPUT_bram/memory_reg_2/CLKBWRCLK
                            (rising edge-triggered cell RAMB36E1 clocked by clk  {rise@0.000ns fall@8.000ns period=16.000ns})
  Destination:            data_out[19]
                            (output port)
  Path Group:             (none)
  Path Type:              Max at Slow Process Corner
  Data Path Delay:        8.022ns  (logic 5.171ns (64.456%)  route 2.851ns (35.543%))
  Logic Levels:           1  (OBUF=1)
  Clock Uncertainty:      0.025ns  ((TSJ^2 + TIJ^2)^1/2 + DJ) / 2 + PE
    Total System Jitter     (TSJ):    0.050ns
    Total Input Jitter      (TIJ):    0.000ns
    Discrete Jitter          (DJ):    0.000ns
    Phase Error              (PE):    0.000ns

    Location             Delay type                Incr(ns)  Path(ns)    Netlist Resource(s)
  -------------------------------------------------------------------    -------------------
                         (clock clk rise edge)        0.000     0.000 r  
    N20                                               0.000     0.000 r  clk (IN)
                         net (fo=0)                   0.000     0.000    clk
    N20                  IBUF (Prop_ibuf_I_O)         0.940     0.940 r  clk_IBUF_inst/O
                         net (fo=1, routed)           2.205     3.145    clk_IBUF
    BUFGCTRL_X0Y16       BUFG (Prop_bufg_I_O)         0.101     3.246 r  clk_IBUF_BUFG_inst/O
                         net (fo=2408, routed)        1.819     5.065    OUTPUT_bram/clk_IBUF_BUFG
    RAMB36_X5Y13         RAMB36E1                                     r  OUTPUT_bram/memory_reg_2/CLKBWRCLK
  -------------------------------------------------------------------    -------------------
    RAMB36_X5Y13         RAMB36E1 (Prop_ramb36e1_CLKBWRCLK_DOBDO[1])
                                                      2.454     7.519 r  OUTPUT_bram/memory_reg_2/DOBDO[1]
                         net (fo=1, routed)           2.851    10.370    data_out_OBUF[19]
    U13                  OBUF (Prop_obuf_I_O)         2.717    13.087 r  data_out_OBUF[19]_inst/O
                         net (fo=0)                   0.000    13.087    data_out[19]
    U13                                                               r  data_out[19] (OUT)
  -------------------------------------------------------------------    -------------------

Slack:                    inf
  Source:                 OUTPUT_bram/memory_reg_1/CLKBWRCLK
                            (rising edge-triggered cell RAMB36E1 clocked by clk  {rise@0.000ns fall@8.000ns period=16.000ns})
  Destination:            data_out[15]
                            (output port)
  Path Group:             (none)
  Path Type:              Max at Slow Process Corner
  Data Path Delay:        7.918ns  (logic 5.130ns (64.796%)  route 2.787ns (35.204%))
  Logic Levels:           1  (OBUF=1)
  Clock Uncertainty:      0.025ns  ((TSJ^2 + TIJ^2)^1/2 + DJ) / 2 + PE
    Total System Jitter     (TSJ):    0.050ns
    Total Input Jitter      (TIJ):    0.000ns
    Discrete Jitter          (DJ):    0.000ns
    Phase Error              (PE):    0.000ns

    Location             Delay type                Incr(ns)  Path(ns)    Netlist Resource(s)
  -------------------------------------------------------------------    -------------------
                         (clock clk rise edge)        0.000     0.000 r  
    N20                                               0.000     0.000 r  clk (IN)
                         net (fo=0)                   0.000     0.000    clk
    N20                  IBUF (Prop_ibuf_I_O)         0.940     0.940 r  clk_IBUF_inst/O
                         net (fo=1, routed)           2.205     3.145    clk_IBUF
    BUFGCTRL_X0Y16       BUFG (Prop_bufg_I_O)         0.101     3.246 r  clk_IBUF_BUFG_inst/O
                         net (fo=2408, routed)        1.813     5.059    OUTPUT_bram/clk_IBUF_BUFG
    RAMB36_X5Y14         RAMB36E1                                     r  OUTPUT_bram/memory_reg_1/CLKBWRCLK
  -------------------------------------------------------------------    -------------------
    RAMB36_X5Y14         RAMB36E1 (Prop_ramb36e1_CLKBWRCLK_DOBDO[6])
                                                      2.454     7.513 r  OUTPUT_bram/memory_reg_1/DOBDO[6]
                         net (fo=1, routed)           2.787    10.300    data_out_OBUF[15]
    T14                  OBUF (Prop_obuf_I_O)         2.676    12.977 r  data_out_OBUF[15]_inst/O
                         net (fo=0)                   0.000    12.977    data_out[15]
    T14                                                               r  data_out[15] (OUT)
  -------------------------------------------------------------------    -------------------

Slack:                    inf
  Source:                 OUTPUT_bram/memory_reg_1/CLKBWRCLK
                            (rising edge-triggered cell RAMB36E1 clocked by clk  {rise@0.000ns fall@8.000ns period=16.000ns})
  Destination:            data_out[16]
                            (output port)
  Path Group:             (none)
  Path Type:              Max at Slow Process Corner
  Data Path Delay:        7.896ns  (logic 5.133ns (65.014%)  route 2.762ns (34.986%))
  Logic Levels:           1  (OBUF=1)
  Clock Uncertainty:      0.025ns  ((TSJ^2 + TIJ^2)^1/2 + DJ) / 2 + PE
    Total System Jitter     (TSJ):    0.050ns
    Total Input Jitter      (TIJ):    0.000ns
    Discrete Jitter          (DJ):    0.000ns
    Phase Error              (PE):    0.000ns

    Location             Delay type                Incr(ns)  Path(ns)    Netlist Resource(s)
  -------------------------------------------------------------------    -------------------
                         (clock clk rise edge)        0.000     0.000 r  
    N20                                               0.000     0.000 r  clk (IN)
                         net (fo=0)                   0.000     0.000    clk
    N20                  IBUF (Prop_ibuf_I_O)         0.940     0.940 r  clk_IBUF_inst/O
                         net (fo=1, routed)           2.205     3.145    clk_IBUF
    BUFGCTRL_X0Y16       BUFG (Prop_bufg_I_O)         0.101     3.246 r  clk_IBUF_BUFG_inst/O
                         net (fo=2408, routed)        1.813     5.059    OUTPUT_bram/clk_IBUF_BUFG
    RAMB36_X5Y14         RAMB36E1                                     r  OUTPUT_bram/memory_reg_1/CLKBWRCLK
  -------------------------------------------------------------------    -------------------
    RAMB36_X5Y14         RAMB36E1 (Prop_ramb36e1_CLKBWRCLK_DOBDO[7])
                                                      2.454     7.513 r  OUTPUT_bram/memory_reg_1/DOBDO[7]
                         net (fo=1, routed)           2.762    10.275    data_out_OBUF[16]
    W13                  OBUF (Prop_obuf_I_O)         2.679    12.955 r  data_out_OBUF[16]_inst/O
                         net (fo=0)                   0.000    12.955    data_out[16]
    W13                                                               r  data_out[16] (OUT)
  -------------------------------------------------------------------    -------------------





Min Delay Paths
--------------------------------------------------------------------------------------
Slack:                    inf
  Source:                 OUTPUT_bram/memory_reg_0/CLKBWRCLK
                            (rising edge-triggered cell RAMB36E1 clocked by clk  {rise@0.000ns fall@8.000ns period=16.000ns})
  Destination:            data_out[0]
                            (output port)
  Path Group:             (none)
  Path Type:              Min at Fast Process Corner
  Data Path Delay:        2.317ns  (logic 1.753ns (75.656%)  route 0.564ns (24.344%))
  Logic Levels:           1  (OBUF=1)
  Clock Uncertainty:      0.025ns  ((TSJ^2 + TIJ^2)^1/2 + DJ) / 2 + PE
    Total System Jitter     (TSJ):    0.050ns
    Total Input Jitter      (TIJ):    0.000ns
    Discrete Jitter          (DJ):    0.000ns
    Phase Error              (PE):    0.000ns

    Location             Delay type                Incr(ns)  Path(ns)    Netlist Resource(s)
  -------------------------------------------------------------------    -------------------
                         (clock clk rise edge)        0.000     0.000 r  
    N20                                               0.000     0.000 r  clk (IN)
                         net (fo=0)                   0.000     0.000    clk
    N20                  IBUF (Prop_ibuf_I_O)         0.169     0.169 r  clk_IBUF_inst/O
                         net (fo=1, routed)           0.674     0.843    clk_IBUF
    BUFGCTRL_X0Y16       BUFG (Prop_bufg_I_O)         0.026     0.869 r  clk_IBUF_BUFG_inst/O
                         net (fo=2408, routed)        0.638     1.507    OUTPUT_bram/clk_IBUF_BUFG
    RAMB36_X5Y15         RAMB36E1                                     r  OUTPUT_bram/memory_reg_0/CLKBWRCLK
  -------------------------------------------------------------------    -------------------
    RAMB36_X5Y15         RAMB36E1 (Prop_ramb36e1_CLKBWRCLK_DOBDO[0])
                                                      0.585     2.092 r  OUTPUT_bram/memory_reg_0/DOBDO[0]
                         net (fo=1, routed)           0.564     2.656    data_out_OBUF[0]
    U19                  OBUF (Prop_obuf_I_O)         1.168     3.824 r  data_out_OBUF[0]_inst/O
                         net (fo=0)                   0.000     3.824    data_out[0]
    U19                                                               r  data_out[0] (OUT)
  -------------------------------------------------------------------    -------------------

Slack:                    inf
  Source:                 OUTPUT_bram/memory_reg_0/CLKBWRCLK
                            (rising edge-triggered cell RAMB36E1 clocked by clk  {rise@0.000ns fall@8.000ns period=16.000ns})
  Destination:            data_out[1]
                            (output port)
  Path Group:             (none)
  Path Type:              Min at Fast Process Corner
  Data Path Delay:        2.372ns  (logic 1.748ns (73.682%)  route 0.624ns (26.318%))
  Logic Levels:           1  (OBUF=1)
  Clock Uncertainty:      0.025ns  ((TSJ^2 + TIJ^2)^1/2 + DJ) / 2 + PE
    Total System Jitter     (TSJ):    0.050ns
    Total Input Jitter      (TIJ):    0.000ns
    Discrete Jitter          (DJ):    0.000ns
    Phase Error              (PE):    0.000ns

    Location             Delay type                Incr(ns)  Path(ns)    Netlist Resource(s)
  -------------------------------------------------------------------    -------------------
                         (clock clk rise edge)        0.000     0.000 r  
    N20                                               0.000     0.000 r  clk (IN)
                         net (fo=0)                   0.000     0.000    clk
    N20                  IBUF (Prop_ibuf_I_O)         0.169     0.169 r  clk_IBUF_inst/O
                         net (fo=1, routed)           0.674     0.843    clk_IBUF
    BUFGCTRL_X0Y16       BUFG (Prop_bufg_I_O)         0.026     0.869 r  clk_IBUF_BUFG_inst/O
                         net (fo=2408, routed)        0.638     1.507    OUTPUT_bram/clk_IBUF_BUFG
    RAMB36_X5Y15         RAMB36E1                                     r  OUTPUT_bram/memory_reg_0/CLKBWRCLK
  -------------------------------------------------------------------    -------------------
    RAMB36_X5Y15         RAMB36E1 (Prop_ramb36e1_CLKBWRCLK_DOBDO[1])
                                                      0.585     2.092 r  OUTPUT_bram/memory_reg_0/DOBDO[1]
                         net (fo=1, routed)           0.624     2.716    data_out_OBUF[1]
    U18                  OBUF (Prop_obuf_I_O)         1.163     3.879 r  data_out_OBUF[1]_inst/O
                         net (fo=0)                   0.000     3.879    data_out[1]
    U18                                                               r  data_out[1] (OUT)
  -------------------------------------------------------------------    -------------------

Slack:                    inf
  Source:                 OUTPUT_bram/memory_reg_0/CLKBWRCLK
                            (rising edge-triggered cell RAMB36E1 clocked by clk  {rise@0.000ns fall@8.000ns period=16.000ns})
  Destination:            data_out[7]
                            (output port)
  Path Group:             (none)
  Path Type:              Min at Fast Process Corner
  Data Path Delay:        2.374ns  (logic 1.779ns (74.942%)  route 0.595ns (25.058%))
  Logic Levels:           1  (OBUF=1)
  Clock Uncertainty:      0.025ns  ((TSJ^2 + TIJ^2)^1/2 + DJ) / 2 + PE
    Total System Jitter     (TSJ):    0.050ns
    Total Input Jitter      (TIJ):    0.000ns
    Discrete Jitter          (DJ):    0.000ns
    Phase Error              (PE):    0.000ns

    Location             Delay type                Incr(ns)  Path(ns)    Netlist Resource(s)
  -------------------------------------------------------------------    -------------------
                         (clock clk rise edge)        0.000     0.000 r  
    N20                                               0.000     0.000 r  clk (IN)
                         net (fo=0)                   0.000     0.000    clk
    N20                  IBUF (Prop_ibuf_I_O)         0.169     0.169 r  clk_IBUF_inst/O
                         net (fo=1, routed)           0.674     0.843    clk_IBUF
    BUFGCTRL_X0Y16       BUFG (Prop_bufg_I_O)         0.026     0.869 r  clk_IBUF_BUFG_inst/O
                         net (fo=2408, routed)        0.638     1.507    OUTPUT_bram/clk_IBUF_BUFG
    RAMB36_X5Y15         RAMB36E1                                     r  OUTPUT_bram/memory_reg_0/CLKBWRCLK
  -------------------------------------------------------------------    -------------------
    RAMB36_X5Y15         RAMB36E1 (Prop_ramb36e1_CLKBWRCLK_DOBDO[7])
                                                      0.585     2.092 r  OUTPUT_bram/memory_reg_0/DOBDO[7]
                         net (fo=1, routed)           0.595     2.687    data_out_OBUF[7]
    T16                  OBUF (Prop_obuf_I_O)         1.194     3.881 r  data_out_OBUF[7]_inst/O
                         net (fo=0)                   0.000     3.881    data_out[7]
    T16                                                               r  data_out[7] (OUT)
  -------------------------------------------------------------------    -------------------

Slack:                    inf
  Source:                 OUTPUT_bram/memory_reg_0/CLKBWRCLK
                            (rising edge-triggered cell RAMB36E1 clocked by clk  {rise@0.000ns fall@8.000ns period=16.000ns})
  Destination:            data_out[5]
                            (output port)
  Path Group:             (none)
  Path Type:              Min at Fast Process Corner
  Data Path Delay:        2.393ns  (logic 1.827ns (76.345%)  route 0.566ns (23.655%))
  Logic Levels:           1  (OBUF=1)
  Clock Uncertainty:      0.025ns  ((TSJ^2 + TIJ^2)^1/2 + DJ) / 2 + PE
    Total System Jitter     (TSJ):    0.050ns
    Total Input Jitter      (TIJ):    0.000ns
    Discrete Jitter          (DJ):    0.000ns
    Phase Error              (PE):    0.000ns

    Location             Delay type                Incr(ns)  Path(ns)    Netlist Resource(s)
  -------------------------------------------------------------------    -------------------
                         (clock clk rise edge)        0.000     0.000 r  
    N20                                               0.000     0.000 r  clk (IN)
                         net (fo=0)                   0.000     0.000    clk
    N20                  IBUF (Prop_ibuf_I_O)         0.169     0.169 r  clk_IBUF_inst/O
                         net (fo=1, routed)           0.674     0.843    clk_IBUF
    BUFGCTRL_X0Y16       BUFG (Prop_bufg_I_O)         0.026     0.869 r  clk_IBUF_BUFG_inst/O
                         net (fo=2408, routed)        0.638     1.507    OUTPUT_bram/clk_IBUF_BUFG
    RAMB36_X5Y15         RAMB36E1                                     r  OUTPUT_bram/memory_reg_0/CLKBWRCLK
  -------------------------------------------------------------------    -------------------
    RAMB36_X5Y15         RAMB36E1 (Prop_ramb36e1_CLKBWRCLK_DOBDO[5])
                                                      0.585     2.092 r  OUTPUT_bram/memory_reg_0/DOBDO[5]
                         net (fo=1, routed)           0.566     2.658    data_out_OBUF[5]
    V15                  OBUF (Prop_obuf_I_O)         1.242     3.900 r  data_out_OBUF[5]_inst/O
                         net (fo=0)                   0.000     3.900    data_out[5]
    V15                                                               r  data_out[5] (OUT)
  -------------------------------------------------------------------    -------------------

Slack:                    inf
  Source:                 OUTPUT_bram/memory_reg_0/CLKBWRCLK
                            (rising edge-triggered cell RAMB36E1 clocked by clk  {rise@0.000ns fall@8.000ns period=16.000ns})
  Destination:            data_out[2]
                            (output port)
  Path Group:             (none)
  Path Type:              Min at Fast Process Corner
  Data Path Delay:        2.399ns  (logic 1.833ns (76.410%)  route 0.566ns (23.590%))
  Logic Levels:           1  (OBUF=1)
  Clock Uncertainty:      0.025ns  ((TSJ^2 + TIJ^2)^1/2 + DJ) / 2 + PE
    Total System Jitter     (TSJ):    0.050ns
    Total Input Jitter      (TIJ):    0.000ns
    Discrete Jitter          (DJ):    0.000ns
    Phase Error              (PE):    0.000ns

    Location             Delay type                Incr(ns)  Path(ns)    Netlist Resource(s)
  -------------------------------------------------------------------    -------------------
                         (clock clk rise edge)        0.000     0.000 r  
    N20                                               0.000     0.000 r  clk (IN)
                         net (fo=0)                   0.000     0.000    clk
    N20                  IBUF (Prop_ibuf_I_O)         0.169     0.169 r  clk_IBUF_inst/O
                         net (fo=1, routed)           0.674     0.843    clk_IBUF
    BUFGCTRL_X0Y16       BUFG (Prop_bufg_I_O)         0.026     0.869 r  clk_IBUF_BUFG_inst/O
                         net (fo=2408, routed)        0.638     1.507    OUTPUT_bram/clk_IBUF_BUFG
    RAMB36_X5Y15         RAMB36E1                                     r  OUTPUT_bram/memory_reg_0/CLKBWRCLK
  -------------------------------------------------------------------    -------------------
    RAMB36_X5Y15         RAMB36E1 (Prop_ramb36e1_CLKBWRCLK_DOBDO[2])
                                                      0.585     2.092 r  OUTPUT_bram/memory_reg_0/DOBDO[2]
                         net (fo=1, routed)           0.566     2.658    data_out_OBUF[2]
    U15                  OBUF (Prop_obuf_I_O)         1.248     3.906 r  data_out_OBUF[2]_inst/O
                         net (fo=0)                   0.000     3.906    data_out[2]
    U15                                                               r  data_out[2] (OUT)
  -------------------------------------------------------------------    -------------------

Slack:                    inf
  Source:                 OUTPUT_bram/memory_reg_0/CLKBWRCLK
                            (rising edge-triggered cell RAMB36E1 clocked by clk  {rise@0.000ns fall@8.000ns period=16.000ns})
  Destination:            data_out[3]
                            (output port)
  Path Group:             (none)
  Path Type:              Min at Fast Process Corner
  Data Path Delay:        2.402ns  (logic 1.838ns (76.522%)  route 0.564ns (23.478%))
  Logic Levels:           1  (OBUF=1)
  Clock Uncertainty:      0.025ns  ((TSJ^2 + TIJ^2)^1/2 + DJ) / 2 + PE
    Total System Jitter     (TSJ):    0.050ns
    Total Input Jitter      (TIJ):    0.000ns
    Discrete Jitter          (DJ):    0.000ns
    Phase Error              (PE):    0.000ns

    Location             Delay type                Incr(ns)  Path(ns)    Netlist Resource(s)
  -------------------------------------------------------------------    -------------------
                         (clock clk rise edge)        0.000     0.000 r  
    N20                                               0.000     0.000 r  clk (IN)
                         net (fo=0)                   0.000     0.000    clk
    N20                  IBUF (Prop_ibuf_I_O)         0.169     0.169 r  clk_IBUF_inst/O
                         net (fo=1, routed)           0.674     0.843    clk_IBUF
    BUFGCTRL_X0Y16       BUFG (Prop_bufg_I_O)         0.026     0.869 r  clk_IBUF_BUFG_inst/O
                         net (fo=2408, routed)        0.638     1.507    OUTPUT_bram/clk_IBUF_BUFG
    RAMB36_X5Y15         RAMB36E1                                     r  OUTPUT_bram/memory_reg_0/CLKBWRCLK
  -------------------------------------------------------------------    -------------------
    RAMB36_X5Y15         RAMB36E1 (Prop_ramb36e1_CLKBWRCLK_DOBDO[3])
                                                      0.585     2.092 r  OUTPUT_bram/memory_reg_0/DOBDO[3]
                         net (fo=1, routed)           0.564     2.656    data_out_OBUF[3]
    U14                  OBUF (Prop_obuf_I_O)         1.253     3.909 r  data_out_OBUF[3]_inst/O
                         net (fo=0)                   0.000     3.909    data_out[3]
    U14                                                               r  data_out[3] (OUT)
  -------------------------------------------------------------------    -------------------

Slack:                    inf
  Source:                 OUTPUT_bram/memory_reg_0/CLKBWRCLK
                            (rising edge-triggered cell RAMB36E1 clocked by clk  {rise@0.000ns fall@8.000ns period=16.000ns})
  Destination:            data_out[4]
                            (output port)
  Path Group:             (none)
  Path Type:              Min at Fast Process Corner
  Data Path Delay:        2.422ns  (logic 1.828ns (75.441%)  route 0.595ns (24.559%))
  Logic Levels:           1  (OBUF=1)
  Clock Uncertainty:      0.025ns  ((TSJ^2 + TIJ^2)^1/2 + DJ) / 2 + PE
    Total System Jitter     (TSJ):    0.050ns
    Total Input Jitter      (TIJ):    0.000ns
    Discrete Jitter          (DJ):    0.000ns
    Phase Error              (PE):    0.000ns

    Location             Delay type                Incr(ns)  Path(ns)    Netlist Resource(s)
  -------------------------------------------------------------------    -------------------
                         (clock clk rise edge)        0.000     0.000 r  
    N20                                               0.000     0.000 r  clk (IN)
                         net (fo=0)                   0.000     0.000    clk
    N20                  IBUF (Prop_ibuf_I_O)         0.169     0.169 r  clk_IBUF_inst/O
                         net (fo=1, routed)           0.674     0.843    clk_IBUF
    BUFGCTRL_X0Y16       BUFG (Prop_bufg_I_O)         0.026     0.869 r  clk_IBUF_BUFG_inst/O
                         net (fo=2408, routed)        0.638     1.507    OUTPUT_bram/clk_IBUF_BUFG
    RAMB36_X5Y15         RAMB36E1                                     r  OUTPUT_bram/memory_reg_0/CLKBWRCLK
  -------------------------------------------------------------------    -------------------
    RAMB36_X5Y15         RAMB36E1 (Prop_ramb36e1_CLKBWRCLK_DOBDO[4])
                                                      0.585     2.092 r  OUTPUT_bram/memory_reg_0/DOBDO[4]
                         net (fo=1, routed)           0.595     2.687    data_out_OBUF[4]
    W15                  OBUF (Prop_obuf_I_O)         1.243     3.929 r  data_out_OBUF[4]_inst/O
                         net (fo=0)                   0.000     3.929    data_out[4]
    W15                                                               r  data_out[4] (OUT)
  -------------------------------------------------------------------    -------------------

Slack:                    inf
  Source:                 OUTPUT_bram/memory_reg_0/CLKBWRCLK
                            (rising edge-triggered cell RAMB36E1 clocked by clk  {rise@0.000ns fall@8.000ns period=16.000ns})
  Destination:            data_out[6]
                            (output port)
  Path Group:             (none)
  Path Type:              Min at Fast Process Corner
  Data Path Delay:        2.441ns  (logic 1.797ns (73.607%)  route 0.644ns (26.393%))
  Logic Levels:           1  (OBUF=1)
  Clock Uncertainty:      0.025ns  ((TSJ^2 + TIJ^2)^1/2 + DJ) / 2 + PE
    Total System Jitter     (TSJ):    0.050ns
    Total Input Jitter      (TIJ):    0.000ns
    Discrete Jitter          (DJ):    0.000ns
    Phase Error              (PE):    0.000ns

    Location             Delay type                Incr(ns)  Path(ns)    Netlist Resource(s)
  -------------------------------------------------------------------    -------------------
                         (clock clk rise edge)        0.000     0.000 r  
    N20                                               0.000     0.000 r  clk (IN)
                         net (fo=0)                   0.000     0.000    clk
    N20                  IBUF (Prop_ibuf_I_O)         0.169     0.169 r  clk_IBUF_inst/O
                         net (fo=1, routed)           0.674     0.843    clk_IBUF
    BUFGCTRL_X0Y16       BUFG (Prop_bufg_I_O)         0.026     0.869 r  clk_IBUF_BUFG_inst/O
                         net (fo=2408, routed)        0.638     1.507    OUTPUT_bram/clk_IBUF_BUFG
    RAMB36_X5Y15         RAMB36E1                                     r  OUTPUT_bram/memory_reg_0/CLKBWRCLK
  -------------------------------------------------------------------    -------------------
    RAMB36_X5Y15         RAMB36E1 (Prop_ramb36e1_CLKBWRCLK_DOBDO[6])
                                                      0.585     2.092 r  OUTPUT_bram/memory_reg_0/DOBDO[6]
                         net (fo=1, routed)           0.644     2.736    data_out_OBUF[6]
    U17                  OBUF (Prop_obuf_I_O)         1.212     3.948 r  data_out_OBUF[6]_inst/O
                         net (fo=0)                   0.000     3.948    data_out[6]
    U17                                                               r  data_out[6] (OUT)
  -------------------------------------------------------------------    -------------------

Slack:                    inf
  Source:                 OUTPUT_bram/memory_reg_0/CLKBWRCLK
                            (rising edge-triggered cell RAMB36E1 clocked by clk  {rise@0.000ns fall@8.000ns period=16.000ns})
  Destination:            data_out[8]
                            (output port)
  Path Group:             (none)
  Path Type:              Min at Fast Process Corner
  Data Path Delay:        2.492ns  (logic 1.837ns (73.721%)  route 0.655ns (26.279%))
  Logic Levels:           1  (OBUF=1)
  Clock Uncertainty:      0.025ns  ((TSJ^2 + TIJ^2)^1/2 + DJ) / 2 + PE
    Total System Jitter     (TSJ):    0.050ns
    Total Input Jitter      (TIJ):    0.000ns
    Discrete Jitter          (DJ):    0.000ns
    Phase Error              (PE):    0.000ns

    Location             Delay type                Incr(ns)  Path(ns)    Netlist Resource(s)
  -------------------------------------------------------------------    -------------------
                         (clock clk rise edge)        0.000     0.000 r  
    N20                                               0.000     0.000 r  clk (IN)
                         net (fo=0)                   0.000     0.000    clk
    N20                  IBUF (Prop_ibuf_I_O)         0.169     0.169 r  clk_IBUF_inst/O
                         net (fo=1, routed)           0.674     0.843    clk_IBUF
    BUFGCTRL_X0Y16       BUFG (Prop_bufg_I_O)         0.026     0.869 r  clk_IBUF_BUFG_inst/O
                         net (fo=2408, routed)        0.638     1.507    OUTPUT_bram/clk_IBUF_BUFG
    RAMB36_X5Y15         RAMB36E1                                     r  OUTPUT_bram/memory_reg_0/CLKBWRCLK
  -------------------------------------------------------------------    -------------------
    RAMB36_X5Y15         RAMB36E1 (Prop_ramb36e1_CLKBWRCLK_DOPBDOP[0])
                                                      0.585     2.092 r  OUTPUT_bram/memory_reg_0/DOPBDOP[0]
                         net (fo=1, routed)           0.655     2.747    data_out_OBUF[8]
    Y14                  OBUF (Prop_obuf_I_O)         1.252     3.999 r  data_out_OBUF[8]_inst/O
                         net (fo=0)                   0.000     3.999    data_out[8]
    Y14                                                               r  data_out[8] (OUT)
  -------------------------------------------------------------------    -------------------

Slack:                    inf
  Source:                 OUTPUT_bram/memory_reg_1/CLKBWRCLK
                            (rising edge-triggered cell RAMB36E1 clocked by clk  {rise@0.000ns fall@8.000ns period=16.000ns})
  Destination:            data_out[12]
                            (output port)
  Path Group:             (none)
  Path Type:              Min at Fast Process Corner
  Data Path Delay:        2.512ns  (logic 1.725ns (68.664%)  route 0.787ns (31.336%))
  Logic Levels:           1  (OBUF=1)
  Clock Uncertainty:      0.025ns  ((TSJ^2 + TIJ^2)^1/2 + DJ) / 2 + PE
    Total System Jitter     (TSJ):    0.050ns
    Total Input Jitter      (TIJ):    0.000ns
    Discrete Jitter          (DJ):    0.000ns
    Phase Error              (PE):    0.000ns

    Location             Delay type                Incr(ns)  Path(ns)    Netlist Resource(s)
  -------------------------------------------------------------------    -------------------
                         (clock clk rise edge)        0.000     0.000 r  
    N20                                               0.000     0.000 r  clk (IN)
                         net (fo=0)                   0.000     0.000    clk
    N20                  IBUF (Prop_ibuf_I_O)         0.169     0.169 r  clk_IBUF_inst/O
                         net (fo=1, routed)           0.674     0.843    clk_IBUF
    BUFGCTRL_X0Y16       BUFG (Prop_bufg_I_O)         0.026     0.869 r  clk_IBUF_BUFG_inst/O
                         net (fo=2408, routed)        0.640     1.509    OUTPUT_bram/clk_IBUF_BUFG
    RAMB36_X5Y14         RAMB36E1                                     r  OUTPUT_bram/memory_reg_1/CLKBWRCLK
  -------------------------------------------------------------------    -------------------
    RAMB36_X5Y14         RAMB36E1 (Prop_ramb36e1_CLKBWRCLK_DOBDO[3])
                                                      0.585     2.094 r  OUTPUT_bram/memory_reg_1/DOBDO[3]
                         net (fo=1, routed)           0.787     2.881    data_out_OBUF[12]
    R14                  OBUF (Prop_obuf_I_O)         1.140     4.021 r  data_out_OBUF[12]_inst/O
                         net (fo=0)                   0.000     4.021    data_out[12]
    R14                                                               r  data_out[12] (OUT)
  -------------------------------------------------------------------    -------------------





--------------------------------------------------------------------------------------
Path Group:  (none)
From Clock:  
  To Clock:  clk

Max Delay          3423 Endpoints
Min Delay          3423 Endpoints
--------------------------------------------------------------------------------------


Max Delay Paths
--------------------------------------------------------------------------------------
Slack:                    inf
  Source:                 coef_i[23]
                            (input port)
  Destination:            pair_and_spare_FIR/replication_of_fir[6].replication/second_module/other_sections[3].fir_section/reg_s1__0/B[10]
                            (rising edge-triggered cell DSP48E1 clocked by clk  {rise@0.000ns fall@8.000ns period=16.000ns})
  Path Group:             (none)
  Path Type:              Setup (Max at Slow Process Corner)
  Data Path Delay:        23.945ns  (logic 0.943ns (3.937%)  route 23.002ns (96.063%))
  Logic Levels:           1  (IBUF=1)
  Clock Path Skew:        4.648ns (DCD - SCD + CPR)
    Destination Clock Delay (DCD):    4.648ns
    Source Clock Delay      (SCD):    0.000ns
    Clock Pessimism Removal (CPR):    0.000ns
  Clock Uncertainty:      0.025ns  ((TSJ^2 + TIJ^2)^1/2 + DJ) / 2 + PE
    Total System Jitter     (TSJ):    0.050ns
    Total Input Jitter      (TIJ):    0.000ns
    Discrete Jitter          (DJ):    0.000ns
    Phase Error              (PE):    0.000ns

    Location             Delay type                Incr(ns)  Path(ns)    Netlist Resource(s)
  -------------------------------------------------------------------    -------------------
    H17                                               0.000     0.000 r  coef_i[23] (IN)
                         net (fo=0)                   0.000     0.000    coef_i[23]
    H17                  IBUF (Prop_ibuf_I_O)         0.943     0.943 r  coef_i_IBUF[23]_inst/O
                         net (fo=1008, routed)       23.002    23.945    pair_and_spare_FIR/replication_of_fir[6].replication/second_module/other_sections[3].fir_section/coef_i_IBUF[23]
    DSP48_X2Y59          DSP48E1                                      r  pair_and_spare_FIR/replication_of_fir[6].replication/second_module/other_sections[3].fir_section/reg_s1__0/B[10]
  -------------------------------------------------------------------    -------------------

                         (clock clk rise edge)        0.000     0.000 r  
    N20                                               0.000     0.000 r  clk (IN)
                         net (fo=0)                   0.000     0.000    clk
    N20                  IBUF (Prop_ibuf_I_O)         0.806     0.806 r  clk_IBUF_inst/O
                         net (fo=1, routed)           2.006     2.812    clk_IBUF
    BUFGCTRL_X0Y16       BUFG (Prop_bufg_I_O)         0.091     2.903 r  clk_IBUF_BUFG_inst/O
                         net (fo=2408, routed)        1.745     4.648    pair_and_spare_FIR/replication_of_fir[6].replication/second_module/other_sections[3].fir_section/clk_IBUF_BUFG
    DSP48_X2Y59          DSP48E1                                      r  pair_and_spare_FIR/replication_of_fir[6].replication/second_module/other_sections[3].fir_section/reg_s1__0/CLK

Slack:                    inf
  Source:                 coef_i[23]
                            (input port)
  Destination:            pair_and_spare_FIR/replication_of_fir[6].replication/second_module/other_sections[3].fir_section/reg_s1__0/B[12]
                            (rising edge-triggered cell DSP48E1 clocked by clk  {rise@0.000ns fall@8.000ns period=16.000ns})
  Path Group:             (none)
  Path Type:              Setup (Max at Slow Process Corner)
  Data Path Delay:        23.885ns  (logic 0.943ns (3.946%)  route 22.942ns (96.054%))
  Logic Levels:           1  (IBUF=1)
  Clock Path Skew:        4.648ns (DCD - SCD + CPR)
    Destination Clock Delay (DCD):    4.648ns
    Source Clock Delay      (SCD):    0.000ns
    Clock Pessimism Removal (CPR):    0.000ns
  Clock Uncertainty:      0.025ns  ((TSJ^2 + TIJ^2)^1/2 + DJ) / 2 + PE
    Total System Jitter     (TSJ):    0.050ns
    Total Input Jitter      (TIJ):    0.000ns
    Discrete Jitter          (DJ):    0.000ns
    Phase Error              (PE):    0.000ns

    Location             Delay type                Incr(ns)  Path(ns)    Netlist Resource(s)
  -------------------------------------------------------------------    -------------------
    H17                                               0.000     0.000 r  coef_i[23] (IN)
                         net (fo=0)                   0.000     0.000    coef_i[23]
    H17                  IBUF (Prop_ibuf_I_O)         0.943     0.943 r  coef_i_IBUF[23]_inst/O
                         net (fo=1008, routed)       22.942    23.885    pair_and_spare_FIR/replication_of_fir[6].replication/second_module/other_sections[3].fir_section/coef_i_IBUF[23]
    DSP48_X2Y59          DSP48E1                                      r  pair_and_spare_FIR/replication_of_fir[6].replication/second_module/other_sections[3].fir_section/reg_s1__0/B[12]
  -------------------------------------------------------------------    -------------------

                         (clock clk rise edge)        0.000     0.000 r  
    N20                                               0.000     0.000 r  clk (IN)
                         net (fo=0)                   0.000     0.000    clk
    N20                  IBUF (Prop_ibuf_I_O)         0.806     0.806 r  clk_IBUF_inst/O
                         net (fo=1, routed)           2.006     2.812    clk_IBUF
    BUFGCTRL_X0Y16       BUFG (Prop_bufg_I_O)         0.091     2.903 r  clk_IBUF_BUFG_inst/O
                         net (fo=2408, routed)        1.745     4.648    pair_and_spare_FIR/replication_of_fir[6].replication/second_module/other_sections[3].fir_section/clk_IBUF_BUFG
    DSP48_X2Y59          DSP48E1                                      r  pair_and_spare_FIR/replication_of_fir[6].replication/second_module/other_sections[3].fir_section/reg_s1__0/CLK

Slack:                    inf
  Source:                 coef_i[23]
                            (input port)
  Destination:            pair_and_spare_FIR/replication_of_fir[6].replication/second_module/other_sections[3].fir_section/reg_s1__0/B[11]
                            (rising edge-triggered cell DSP48E1 clocked by clk  {rise@0.000ns fall@8.000ns period=16.000ns})
  Path Group:             (none)
  Path Type:              Setup (Max at Slow Process Corner)
  Data Path Delay:        23.756ns  (logic 0.943ns (3.968%)  route 22.813ns (96.032%))
  Logic Levels:           1  (IBUF=1)
  Clock Path Skew:        4.648ns (DCD - SCD + CPR)
    Destination Clock Delay (DCD):    4.648ns
    Source Clock Delay      (SCD):    0.000ns
    Clock Pessimism Removal (CPR):    0.000ns
  Clock Uncertainty:      0.025ns  ((TSJ^2 + TIJ^2)^1/2 + DJ) / 2 + PE
    Total System Jitter     (TSJ):    0.050ns
    Total Input Jitter      (TIJ):    0.000ns
    Discrete Jitter          (DJ):    0.000ns
    Phase Error              (PE):    0.000ns

    Location             Delay type                Incr(ns)  Path(ns)    Netlist Resource(s)
  -------------------------------------------------------------------    -------------------
    H17                                               0.000     0.000 r  coef_i[23] (IN)
                         net (fo=0)                   0.000     0.000    coef_i[23]
    H17                  IBUF (Prop_ibuf_I_O)         0.943     0.943 r  coef_i_IBUF[23]_inst/O
                         net (fo=1008, routed)       22.813    23.756    pair_and_spare_FIR/replication_of_fir[6].replication/second_module/other_sections[3].fir_section/coef_i_IBUF[23]
    DSP48_X2Y59          DSP48E1                                      r  pair_and_spare_FIR/replication_of_fir[6].replication/second_module/other_sections[3].fir_section/reg_s1__0/B[11]
  -------------------------------------------------------------------    -------------------

                         (clock clk rise edge)        0.000     0.000 r  
    N20                                               0.000     0.000 r  clk (IN)
                         net (fo=0)                   0.000     0.000    clk
    N20                  IBUF (Prop_ibuf_I_O)         0.806     0.806 r  clk_IBUF_inst/O
                         net (fo=1, routed)           2.006     2.812    clk_IBUF
    BUFGCTRL_X0Y16       BUFG (Prop_bufg_I_O)         0.091     2.903 r  clk_IBUF_BUFG_inst/O
                         net (fo=2408, routed)        1.745     4.648    pair_and_spare_FIR/replication_of_fir[6].replication/second_module/other_sections[3].fir_section/clk_IBUF_BUFG
    DSP48_X2Y59          DSP48E1                                      r  pair_and_spare_FIR/replication_of_fir[6].replication/second_module/other_sections[3].fir_section/reg_s1__0/CLK

Slack:                    inf
  Source:                 coef_i[23]
                            (input port)
  Destination:            pair_and_spare_FIR/replication_of_fir[6].replication/second_module/other_sections[3].fir_section/reg_s1__0/B[8]
                            (rising edge-triggered cell DSP48E1 clocked by clk  {rise@0.000ns fall@8.000ns period=16.000ns})
  Path Group:             (none)
  Path Type:              Setup (Max at Slow Process Corner)
  Data Path Delay:        23.744ns  (logic 0.943ns (3.970%)  route 22.802ns (96.030%))
  Logic Levels:           1  (IBUF=1)
  Clock Path Skew:        4.648ns (DCD - SCD + CPR)
    Destination Clock Delay (DCD):    4.648ns
    Source Clock Delay      (SCD):    0.000ns
    Clock Pessimism Removal (CPR):    0.000ns
  Clock Uncertainty:      0.025ns  ((TSJ^2 + TIJ^2)^1/2 + DJ) / 2 + PE
    Total System Jitter     (TSJ):    0.050ns
    Total Input Jitter      (TIJ):    0.000ns
    Discrete Jitter          (DJ):    0.000ns
    Phase Error              (PE):    0.000ns

    Location             Delay type                Incr(ns)  Path(ns)    Netlist Resource(s)
  -------------------------------------------------------------------    -------------------
    H17                                               0.000     0.000 r  coef_i[23] (IN)
                         net (fo=0)                   0.000     0.000    coef_i[23]
    H17                  IBUF (Prop_ibuf_I_O)         0.943     0.943 r  coef_i_IBUF[23]_inst/O
                         net (fo=1008, routed)       22.802    23.744    pair_and_spare_FIR/replication_of_fir[6].replication/second_module/other_sections[3].fir_section/coef_i_IBUF[23]
    DSP48_X2Y59          DSP48E1                                      r  pair_and_spare_FIR/replication_of_fir[6].replication/second_module/other_sections[3].fir_section/reg_s1__0/B[8]
  -------------------------------------------------------------------    -------------------

                         (clock clk rise edge)        0.000     0.000 r  
    N20                                               0.000     0.000 r  clk (IN)
                         net (fo=0)                   0.000     0.000    clk
    N20                  IBUF (Prop_ibuf_I_O)         0.806     0.806 r  clk_IBUF_inst/O
                         net (fo=1, routed)           2.006     2.812    clk_IBUF
    BUFGCTRL_X0Y16       BUFG (Prop_bufg_I_O)         0.091     2.903 r  clk_IBUF_BUFG_inst/O
                         net (fo=2408, routed)        1.745     4.648    pair_and_spare_FIR/replication_of_fir[6].replication/second_module/other_sections[3].fir_section/clk_IBUF_BUFG
    DSP48_X2Y59          DSP48E1                                      r  pair_and_spare_FIR/replication_of_fir[6].replication/second_module/other_sections[3].fir_section/reg_s1__0/CLK

Slack:                    inf
  Source:                 coef_i[23]
                            (input port)
  Destination:            pair_and_spare_FIR/replication_of_fir[6].replication/second_module/other_sections[3].fir_section/reg_s1__0/B[6]
                            (rising edge-triggered cell DSP48E1 clocked by clk  {rise@0.000ns fall@8.000ns period=16.000ns})
  Path Group:             (none)
  Path Type:              Setup (Max at Slow Process Corner)
  Data Path Delay:        23.713ns  (logic 0.943ns (3.975%)  route 22.770ns (96.025%))
  Logic Levels:           1  (IBUF=1)
  Clock Path Skew:        4.648ns (DCD - SCD + CPR)
    Destination Clock Delay (DCD):    4.648ns
    Source Clock Delay      (SCD):    0.000ns
    Clock Pessimism Removal (CPR):    0.000ns
  Clock Uncertainty:      0.025ns  ((TSJ^2 + TIJ^2)^1/2 + DJ) / 2 + PE
    Total System Jitter     (TSJ):    0.050ns
    Total Input Jitter      (TIJ):    0.000ns
    Discrete Jitter          (DJ):    0.000ns
    Phase Error              (PE):    0.000ns

    Location             Delay type                Incr(ns)  Path(ns)    Netlist Resource(s)
  -------------------------------------------------------------------    -------------------
    H17                                               0.000     0.000 r  coef_i[23] (IN)
                         net (fo=0)                   0.000     0.000    coef_i[23]
    H17                  IBUF (Prop_ibuf_I_O)         0.943     0.943 r  coef_i_IBUF[23]_inst/O
                         net (fo=1008, routed)       22.770    23.713    pair_and_spare_FIR/replication_of_fir[6].replication/second_module/other_sections[3].fir_section/coef_i_IBUF[23]
    DSP48_X2Y59          DSP48E1                                      r  pair_and_spare_FIR/replication_of_fir[6].replication/second_module/other_sections[3].fir_section/reg_s1__0/B[6]
  -------------------------------------------------------------------    -------------------

                         (clock clk rise edge)        0.000     0.000 r  
    N20                                               0.000     0.000 r  clk (IN)
                         net (fo=0)                   0.000     0.000    clk
    N20                  IBUF (Prop_ibuf_I_O)         0.806     0.806 r  clk_IBUF_inst/O
                         net (fo=1, routed)           2.006     2.812    clk_IBUF
    BUFGCTRL_X0Y16       BUFG (Prop_bufg_I_O)         0.091     2.903 r  clk_IBUF_BUFG_inst/O
                         net (fo=2408, routed)        1.745     4.648    pair_and_spare_FIR/replication_of_fir[6].replication/second_module/other_sections[3].fir_section/clk_IBUF_BUFG
    DSP48_X2Y59          DSP48E1                                      r  pair_and_spare_FIR/replication_of_fir[6].replication/second_module/other_sections[3].fir_section/reg_s1__0/CLK

Slack:                    inf
  Source:                 coef_i[23]
                            (input port)
  Destination:            pair_and_spare_FIR/replication_of_fir[6].replication/second_module/other_sections[3].fir_section/reg_s1__0/B[16]
                            (rising edge-triggered cell DSP48E1 clocked by clk  {rise@0.000ns fall@8.000ns period=16.000ns})
  Path Group:             (none)
  Path Type:              Setup (Max at Slow Process Corner)
  Data Path Delay:        23.705ns  (logic 0.943ns (3.976%)  route 22.763ns (96.024%))
  Logic Levels:           1  (IBUF=1)
  Clock Path Skew:        4.648ns (DCD - SCD + CPR)
    Destination Clock Delay (DCD):    4.648ns
    Source Clock Delay      (SCD):    0.000ns
    Clock Pessimism Removal (CPR):    0.000ns
  Clock Uncertainty:      0.025ns  ((TSJ^2 + TIJ^2)^1/2 + DJ) / 2 + PE
    Total System Jitter     (TSJ):    0.050ns
    Total Input Jitter      (TIJ):    0.000ns
    Discrete Jitter          (DJ):    0.000ns
    Phase Error              (PE):    0.000ns

    Location             Delay type                Incr(ns)  Path(ns)    Netlist Resource(s)
  -------------------------------------------------------------------    -------------------
    H17                                               0.000     0.000 r  coef_i[23] (IN)
                         net (fo=0)                   0.000     0.000    coef_i[23]
    H17                  IBUF (Prop_ibuf_I_O)         0.943     0.943 r  coef_i_IBUF[23]_inst/O
                         net (fo=1008, routed)       22.763    23.705    pair_and_spare_FIR/replication_of_fir[6].replication/second_module/other_sections[3].fir_section/coef_i_IBUF[23]
    DSP48_X2Y59          DSP48E1                                      r  pair_and_spare_FIR/replication_of_fir[6].replication/second_module/other_sections[3].fir_section/reg_s1__0/B[16]
  -------------------------------------------------------------------    -------------------

                         (clock clk rise edge)        0.000     0.000 r  
    N20                                               0.000     0.000 r  clk (IN)
                         net (fo=0)                   0.000     0.000    clk
    N20                  IBUF (Prop_ibuf_I_O)         0.806     0.806 r  clk_IBUF_inst/O
                         net (fo=1, routed)           2.006     2.812    clk_IBUF
    BUFGCTRL_X0Y16       BUFG (Prop_bufg_I_O)         0.091     2.903 r  clk_IBUF_BUFG_inst/O
                         net (fo=2408, routed)        1.745     4.648    pair_and_spare_FIR/replication_of_fir[6].replication/second_module/other_sections[3].fir_section/clk_IBUF_BUFG
    DSP48_X2Y59          DSP48E1                                      r  pair_and_spare_FIR/replication_of_fir[6].replication/second_module/other_sections[3].fir_section/reg_s1__0/CLK

Slack:                    inf
  Source:                 coef_i[23]
                            (input port)
  Destination:            pair_and_spare_FIR/replication_of_fir[6].replication/second_module/other_sections[3].fir_section/reg_s1__0/B[17]
                            (rising edge-triggered cell DSP48E1 clocked by clk  {rise@0.000ns fall@8.000ns period=16.000ns})
  Path Group:             (none)
  Path Type:              Setup (Max at Slow Process Corner)
  Data Path Delay:        23.705ns  (logic 0.943ns (3.976%)  route 22.763ns (96.024%))
  Logic Levels:           1  (IBUF=1)
  Clock Path Skew:        4.648ns (DCD - SCD + CPR)
    Destination Clock Delay (DCD):    4.648ns
    Source Clock Delay      (SCD):    0.000ns
    Clock Pessimism Removal (CPR):    0.000ns
  Clock Uncertainty:      0.025ns  ((TSJ^2 + TIJ^2)^1/2 + DJ) / 2 + PE
    Total System Jitter     (TSJ):    0.050ns
    Total Input Jitter      (TIJ):    0.000ns
    Discrete Jitter          (DJ):    0.000ns
    Phase Error              (PE):    0.000ns

    Location             Delay type                Incr(ns)  Path(ns)    Netlist Resource(s)
  -------------------------------------------------------------------    -------------------
    H17                                               0.000     0.000 r  coef_i[23] (IN)
                         net (fo=0)                   0.000     0.000    coef_i[23]
    H17                  IBUF (Prop_ibuf_I_O)         0.943     0.943 r  coef_i_IBUF[23]_inst/O
                         net (fo=1008, routed)       22.763    23.705    pair_and_spare_FIR/replication_of_fir[6].replication/second_module/other_sections[3].fir_section/coef_i_IBUF[23]
    DSP48_X2Y59          DSP48E1                                      r  pair_and_spare_FIR/replication_of_fir[6].replication/second_module/other_sections[3].fir_section/reg_s1__0/B[17]
  -------------------------------------------------------------------    -------------------

                         (clock clk rise edge)        0.000     0.000 r  
    N20                                               0.000     0.000 r  clk (IN)
                         net (fo=0)                   0.000     0.000    clk
    N20                  IBUF (Prop_ibuf_I_O)         0.806     0.806 r  clk_IBUF_inst/O
                         net (fo=1, routed)           2.006     2.812    clk_IBUF
    BUFGCTRL_X0Y16       BUFG (Prop_bufg_I_O)         0.091     2.903 r  clk_IBUF_BUFG_inst/O
                         net (fo=2408, routed)        1.745     4.648    pair_and_spare_FIR/replication_of_fir[6].replication/second_module/other_sections[3].fir_section/clk_IBUF_BUFG
    DSP48_X2Y59          DSP48E1                                      r  pair_and_spare_FIR/replication_of_fir[6].replication/second_module/other_sections[3].fir_section/reg_s1__0/CLK

Slack:                    inf
  Source:                 coef_i[23]
                            (input port)
  Destination:            pair_and_spare_FIR/replication_of_fir[6].replication/second_module/other_sections[3].fir_section/reg_s1__0/B[14]
                            (rising edge-triggered cell DSP48E1 clocked by clk  {rise@0.000ns fall@8.000ns period=16.000ns})
  Path Group:             (none)
  Path Type:              Setup (Max at Slow Process Corner)
  Data Path Delay:        23.703ns  (logic 0.943ns (3.977%)  route 22.760ns (96.023%))
  Logic Levels:           1  (IBUF=1)
  Clock Path Skew:        4.648ns (DCD - SCD + CPR)
    Destination Clock Delay (DCD):    4.648ns
    Source Clock Delay      (SCD):    0.000ns
    Clock Pessimism Removal (CPR):    0.000ns
  Clock Uncertainty:      0.025ns  ((TSJ^2 + TIJ^2)^1/2 + DJ) / 2 + PE
    Total System Jitter     (TSJ):    0.050ns
    Total Input Jitter      (TIJ):    0.000ns
    Discrete Jitter          (DJ):    0.000ns
    Phase Error              (PE):    0.000ns

    Location             Delay type                Incr(ns)  Path(ns)    Netlist Resource(s)
  -------------------------------------------------------------------    -------------------
    H17                                               0.000     0.000 r  coef_i[23] (IN)
                         net (fo=0)                   0.000     0.000    coef_i[23]
    H17                  IBUF (Prop_ibuf_I_O)         0.943     0.943 r  coef_i_IBUF[23]_inst/O
                         net (fo=1008, routed)       22.760    23.703    pair_and_spare_FIR/replication_of_fir[6].replication/second_module/other_sections[3].fir_section/coef_i_IBUF[23]
    DSP48_X2Y59          DSP48E1                                      r  pair_and_spare_FIR/replication_of_fir[6].replication/second_module/other_sections[3].fir_section/reg_s1__0/B[14]
  -------------------------------------------------------------------    -------------------

                         (clock clk rise edge)        0.000     0.000 r  
    N20                                               0.000     0.000 r  clk (IN)
                         net (fo=0)                   0.000     0.000    clk
    N20                  IBUF (Prop_ibuf_I_O)         0.806     0.806 r  clk_IBUF_inst/O
                         net (fo=1, routed)           2.006     2.812    clk_IBUF
    BUFGCTRL_X0Y16       BUFG (Prop_bufg_I_O)         0.091     2.903 r  clk_IBUF_BUFG_inst/O
                         net (fo=2408, routed)        1.745     4.648    pair_and_spare_FIR/replication_of_fir[6].replication/second_module/other_sections[3].fir_section/clk_IBUF_BUFG
    DSP48_X2Y59          DSP48E1                                      r  pair_and_spare_FIR/replication_of_fir[6].replication/second_module/other_sections[3].fir_section/reg_s1__0/CLK

Slack:                    inf
  Source:                 coef_i[23]
                            (input port)
  Destination:            pair_and_spare_FIR/replication_of_fir[6].replication/second_module/other_sections[3].fir_section/reg_s1__0/B[15]
                            (rising edge-triggered cell DSP48E1 clocked by clk  {rise@0.000ns fall@8.000ns period=16.000ns})
  Path Group:             (none)
  Path Type:              Setup (Max at Slow Process Corner)
  Data Path Delay:        23.703ns  (logic 0.943ns (3.977%)  route 22.760ns (96.023%))
  Logic Levels:           1  (IBUF=1)
  Clock Path Skew:        4.648ns (DCD - SCD + CPR)
    Destination Clock Delay (DCD):    4.648ns
    Source Clock Delay      (SCD):    0.000ns
    Clock Pessimism Removal (CPR):    0.000ns
  Clock Uncertainty:      0.025ns  ((TSJ^2 + TIJ^2)^1/2 + DJ) / 2 + PE
    Total System Jitter     (TSJ):    0.050ns
    Total Input Jitter      (TIJ):    0.000ns
    Discrete Jitter          (DJ):    0.000ns
    Phase Error              (PE):    0.000ns

    Location             Delay type                Incr(ns)  Path(ns)    Netlist Resource(s)
  -------------------------------------------------------------------    -------------------
    H17                                               0.000     0.000 r  coef_i[23] (IN)
                         net (fo=0)                   0.000     0.000    coef_i[23]
    H17                  IBUF (Prop_ibuf_I_O)         0.943     0.943 r  coef_i_IBUF[23]_inst/O
                         net (fo=1008, routed)       22.760    23.703    pair_and_spare_FIR/replication_of_fir[6].replication/second_module/other_sections[3].fir_section/coef_i_IBUF[23]
    DSP48_X2Y59          DSP48E1                                      r  pair_and_spare_FIR/replication_of_fir[6].replication/second_module/other_sections[3].fir_section/reg_s1__0/B[15]
  -------------------------------------------------------------------    -------------------

                         (clock clk rise edge)        0.000     0.000 r  
    N20                                               0.000     0.000 r  clk (IN)
                         net (fo=0)                   0.000     0.000    clk
    N20                  IBUF (Prop_ibuf_I_O)         0.806     0.806 r  clk_IBUF_inst/O
                         net (fo=1, routed)           2.006     2.812    clk_IBUF
    BUFGCTRL_X0Y16       BUFG (Prop_bufg_I_O)         0.091     2.903 r  clk_IBUF_BUFG_inst/O
                         net (fo=2408, routed)        1.745     4.648    pair_and_spare_FIR/replication_of_fir[6].replication/second_module/other_sections[3].fir_section/clk_IBUF_BUFG
    DSP48_X2Y59          DSP48E1                                      r  pair_and_spare_FIR/replication_of_fir[6].replication/second_module/other_sections[3].fir_section/reg_s1__0/CLK

Slack:                    inf
  Source:                 coef_i[23]
                            (input port)
  Destination:            pair_and_spare_FIR/replication_of_fir[6].replication/second_module/other_sections[3].fir_section/reg_s1__0/B[13]
                            (rising edge-triggered cell DSP48E1 clocked by clk  {rise@0.000ns fall@8.000ns period=16.000ns})
  Path Group:             (none)
  Path Type:              Setup (Max at Slow Process Corner)
  Data Path Delay:        23.664ns  (logic 0.943ns (3.983%)  route 22.722ns (96.017%))
  Logic Levels:           1  (IBUF=1)
  Clock Path Skew:        4.648ns (DCD - SCD + CPR)
    Destination Clock Delay (DCD):    4.648ns
    Source Clock Delay      (SCD):    0.000ns
    Clock Pessimism Removal (CPR):    0.000ns
  Clock Uncertainty:      0.025ns  ((TSJ^2 + TIJ^2)^1/2 + DJ) / 2 + PE
    Total System Jitter     (TSJ):    0.050ns
    Total Input Jitter      (TIJ):    0.000ns
    Discrete Jitter          (DJ):    0.000ns
    Phase Error              (PE):    0.000ns

    Location             Delay type                Incr(ns)  Path(ns)    Netlist Resource(s)
  -------------------------------------------------------------------    -------------------
    H17                                               0.000     0.000 r  coef_i[23] (IN)
                         net (fo=0)                   0.000     0.000    coef_i[23]
    H17                  IBUF (Prop_ibuf_I_O)         0.943     0.943 r  coef_i_IBUF[23]_inst/O
                         net (fo=1008, routed)       22.722    23.664    pair_and_spare_FIR/replication_of_fir[6].replication/second_module/other_sections[3].fir_section/coef_i_IBUF[23]
    DSP48_X2Y59          DSP48E1                                      r  pair_and_spare_FIR/replication_of_fir[6].replication/second_module/other_sections[3].fir_section/reg_s1__0/B[13]
  -------------------------------------------------------------------    -------------------

                         (clock clk rise edge)        0.000     0.000 r  
    N20                                               0.000     0.000 r  clk (IN)
                         net (fo=0)                   0.000     0.000    clk
    N20                  IBUF (Prop_ibuf_I_O)         0.806     0.806 r  clk_IBUF_inst/O
                         net (fo=1, routed)           2.006     2.812    clk_IBUF
    BUFGCTRL_X0Y16       BUFG (Prop_bufg_I_O)         0.091     2.903 r  clk_IBUF_BUFG_inst/O
                         net (fo=2408, routed)        1.745     4.648    pair_and_spare_FIR/replication_of_fir[6].replication/second_module/other_sections[3].fir_section/clk_IBUF_BUFG
    DSP48_X2Y59          DSP48E1                                      r  pair_and_spare_FIR/replication_of_fir[6].replication/second_module/other_sections[3].fir_section/reg_s1__0/CLK





Min Delay Paths
--------------------------------------------------------------------------------------
Slack:                    inf
  Source:                 data_in[6]
                            (input port)
  Destination:            INPUT_bram/memory_reg_0/DIADI[6]
                            (rising edge-triggered cell RAMB36E1 clocked by clk  {rise@0.000ns fall@8.000ns period=16.000ns})
  Path Group:             (none)
  Path Type:              Hold (Min at Fast Process Corner)
  Data Path Delay:        0.704ns  (logic 0.172ns (24.423%)  route 0.532ns (75.577%))
  Logic Levels:           1  (IBUF=1)
  Clock Path Skew:        2.016ns (DCD - SCD - CPR)
    Destination Clock Delay (DCD):    2.016ns
    Source Clock Delay      (SCD):    0.000ns
    Clock Pessimism Removal (CPR):    -0.000ns

    Location             Delay type                Incr(ns)  Path(ns)    Netlist Resource(s)
  -------------------------------------------------------------------    -------------------
    U5                                                0.000     0.000 r  data_in[6] (IN)
                         net (fo=0)                   0.000     0.000    data_in[6]
    U5                   IBUF (Prop_ibuf_I_O)         0.172     0.172 r  data_in_IBUF[6]_inst/O
                         net (fo=1, routed)           0.532     0.704    INPUT_bram/data_in[6]
    RAMB36_X0Y3          RAMB36E1                                     r  INPUT_bram/memory_reg_0/DIADI[6]
  -------------------------------------------------------------------    -------------------

                         (clock clk rise edge)        0.000     0.000 r  
    N20                                               0.000     0.000 r  clk (IN)
                         net (fo=0)                   0.000     0.000    clk
    N20                  IBUF (Prop_ibuf_I_O)         0.357     0.357 r  clk_IBUF_inst/O
                         net (fo=1, routed)           0.731     1.088    clk_IBUF
    BUFGCTRL_X0Y16       BUFG (Prop_bufg_I_O)         0.029     1.117 r  clk_IBUF_BUFG_inst/O
                         net (fo=2408, routed)        0.898     2.016    INPUT_bram/clk_IBUF_BUFG
    RAMB36_X0Y3          RAMB36E1                                     r  INPUT_bram/memory_reg_0/CLKARDCLK

Slack:                    inf
  Source:                 data_in[21]
                            (input port)
  Destination:            INPUT_bram/memory_reg_2/DIADI[3]
                            (rising edge-triggered cell RAMB36E1 clocked by clk  {rise@0.000ns fall@8.000ns period=16.000ns})
  Path Group:             (none)
  Path Type:              Hold (Min at Fast Process Corner)
  Data Path Delay:        0.728ns  (logic 0.218ns (29.965%)  route 0.510ns (70.035%))
  Logic Levels:           1  (IBUF=1)
  Clock Path Skew:        2.013ns (DCD - SCD - CPR)
    Destination Clock Delay (DCD):    2.013ns
    Source Clock Delay      (SCD):    0.000ns
    Clock Pessimism Removal (CPR):    -0.000ns

    Location             Delay type                Incr(ns)  Path(ns)    Netlist Resource(s)
  -------------------------------------------------------------------    -------------------
    T9                                                0.000     0.000 r  data_in[21] (IN)
                         net (fo=0)                   0.000     0.000    data_in[21]
    T9                   IBUF (Prop_ibuf_I_O)         0.218     0.218 r  data_in_IBUF[21]_inst/O
                         net (fo=1, routed)           0.510     0.728    INPUT_bram/data_in[21]
    RAMB36_X0Y5          RAMB36E1                                     r  INPUT_bram/memory_reg_2/DIADI[3]
  -------------------------------------------------------------------    -------------------

                         (clock clk rise edge)        0.000     0.000 r  
    N20                                               0.000     0.000 r  clk (IN)
                         net (fo=0)                   0.000     0.000    clk
    N20                  IBUF (Prop_ibuf_I_O)         0.357     0.357 r  clk_IBUF_inst/O
                         net (fo=1, routed)           0.731     1.088    clk_IBUF
    BUFGCTRL_X0Y16       BUFG (Prop_bufg_I_O)         0.029     1.117 r  clk_IBUF_BUFG_inst/O
                         net (fo=2408, routed)        0.895     2.013    INPUT_bram/clk_IBUF_BUFG
    RAMB36_X0Y5          RAMB36E1                                     r  INPUT_bram/memory_reg_2/CLKARDCLK

Slack:                    inf
  Source:                 data_in[20]
                            (input port)
  Destination:            INPUT_bram/memory_reg_2/DIADI[2]
                            (rising edge-triggered cell RAMB36E1 clocked by clk  {rise@0.000ns fall@8.000ns period=16.000ns})
  Path Group:             (none)
  Path Type:              Hold (Min at Fast Process Corner)
  Data Path Delay:        0.735ns  (logic 0.221ns (30.013%)  route 0.514ns (69.987%))
  Logic Levels:           1  (IBUF=1)
  Clock Path Skew:        2.013ns (DCD - SCD - CPR)
    Destination Clock Delay (DCD):    2.013ns
    Source Clock Delay      (SCD):    0.000ns
    Clock Pessimism Removal (CPR):    -0.000ns

    Location             Delay type                Incr(ns)  Path(ns)    Netlist Resource(s)
  -------------------------------------------------------------------    -------------------
    U10                                               0.000     0.000 r  data_in[20] (IN)
                         net (fo=0)                   0.000     0.000    data_in[20]
    U10                  IBUF (Prop_ibuf_I_O)         0.221     0.221 r  data_in_IBUF[20]_inst/O
                         net (fo=1, routed)           0.514     0.735    INPUT_bram/data_in[20]
    RAMB36_X0Y5          RAMB36E1                                     r  INPUT_bram/memory_reg_2/DIADI[2]
  -------------------------------------------------------------------    -------------------

                         (clock clk rise edge)        0.000     0.000 r  
    N20                                               0.000     0.000 r  clk (IN)
                         net (fo=0)                   0.000     0.000    clk
    N20                  IBUF (Prop_ibuf_I_O)         0.357     0.357 r  clk_IBUF_inst/O
                         net (fo=1, routed)           0.731     1.088    clk_IBUF
    BUFGCTRL_X0Y16       BUFG (Prop_bufg_I_O)         0.029     1.117 r  clk_IBUF_BUFG_inst/O
                         net (fo=2408, routed)        0.895     2.013    INPUT_bram/clk_IBUF_BUFG
    RAMB36_X0Y5          RAMB36E1                                     r  INPUT_bram/memory_reg_2/CLKARDCLK

Slack:                    inf
  Source:                 data_in[12]
                            (input port)
  Destination:            INPUT_bram/memory_reg_1/DIADI[3]
                            (rising edge-triggered cell RAMB36E1 clocked by clk  {rise@0.000ns fall@8.000ns period=16.000ns})
  Path Group:             (none)
  Path Type:              Hold (Min at Fast Process Corner)
  Data Path Delay:        0.756ns  (logic 0.230ns (30.380%)  route 0.526ns (69.620%))
  Logic Levels:           1  (IBUF=1)
  Clock Path Skew:        2.010ns (DCD - SCD - CPR)
    Destination Clock Delay (DCD):    2.010ns
    Source Clock Delay      (SCD):    0.000ns
    Clock Pessimism Removal (CPR):    -0.000ns

    Location             Delay type                Incr(ns)  Path(ns)    Netlist Resource(s)
  -------------------------------------------------------------------    -------------------
    W9                                                0.000     0.000 r  data_in[12] (IN)
                         net (fo=0)                   0.000     0.000    data_in[12]
    W9                   IBUF (Prop_ibuf_I_O)         0.230     0.230 r  data_in_IBUF[12]_inst/O
                         net (fo=1, routed)           0.526     0.756    INPUT_bram/data_in[12]
    RAMB36_X0Y4          RAMB36E1                                     r  INPUT_bram/memory_reg_1/DIADI[3]
  -------------------------------------------------------------------    -------------------

                         (clock clk rise edge)        0.000     0.000 r  
    N20                                               0.000     0.000 r  clk (IN)
                         net (fo=0)                   0.000     0.000    clk
    N20                  IBUF (Prop_ibuf_I_O)         0.357     0.357 r  clk_IBUF_inst/O
                         net (fo=1, routed)           0.731     1.088    clk_IBUF
    BUFGCTRL_X0Y16       BUFG (Prop_bufg_I_O)         0.029     1.117 r  clk_IBUF_BUFG_inst/O
                         net (fo=2408, routed)        0.892     2.010    INPUT_bram/clk_IBUF_BUFG
    RAMB36_X0Y4          RAMB36E1                                     r  INPUT_bram/memory_reg_1/CLKARDCLK

Slack:                    inf
  Source:                 coef_i[23]
                            (input port)
  Destination:            pair_and_spare_FIR/replication_of_fir[0].replication/first_module/other_sections[1].fir_section/reg_s1__0/B[12]
                            (rising edge-triggered cell DSP48E1 clocked by clk  {rise@0.000ns fall@8.000ns period=16.000ns})
  Path Group:             (none)
  Path Type:              Hold (Min at Fast Process Corner)
  Data Path Delay:        0.762ns  (logic 0.172ns (22.518%)  route 0.591ns (77.482%))
  Logic Levels:           1  (IBUF=1)
  Clock Path Skew:        2.156ns (DCD - SCD - CPR)
    Destination Clock Delay (DCD):    2.156ns
    Source Clock Delay      (SCD):    0.000ns
    Clock Pessimism Removal (CPR):    -0.000ns

    Location             Delay type                Incr(ns)  Path(ns)    Netlist Resource(s)
  -------------------------------------------------------------------    -------------------
    H17                                               0.000     0.000 r  coef_i[23] (IN)
                         net (fo=0)                   0.000     0.000    coef_i[23]
    H17                  IBUF (Prop_ibuf_I_O)         0.172     0.172 r  coef_i_IBUF[23]_inst/O
                         net (fo=1008, routed)        0.591     0.762    pair_and_spare_FIR/replication_of_fir[0].replication/first_module/other_sections[1].fir_section/coef_i_IBUF[23]
    DSP48_X4Y49          DSP48E1                                      r  pair_and_spare_FIR/replication_of_fir[0].replication/first_module/other_sections[1].fir_section/reg_s1__0/B[12]
  -------------------------------------------------------------------    -------------------

                         (clock clk rise edge)        0.000     0.000 r  
    N20                                               0.000     0.000 r  clk (IN)
                         net (fo=0)                   0.000     0.000    clk
    N20                  IBUF (Prop_ibuf_I_O)         0.357     0.357 r  clk_IBUF_inst/O
                         net (fo=1, routed)           0.731     1.088    clk_IBUF
    BUFGCTRL_X0Y16       BUFG (Prop_bufg_I_O)         0.029     1.117 r  clk_IBUF_BUFG_inst/O
                         net (fo=2408, routed)        1.039     2.156    pair_and_spare_FIR/replication_of_fir[0].replication/first_module/other_sections[1].fir_section/clk_IBUF_BUFG
    DSP48_X4Y49          DSP48E1                                      r  pair_and_spare_FIR/replication_of_fir[0].replication/first_module/other_sections[1].fir_section/reg_s1__0/CLK

Slack:                    inf
  Source:                 data_in[15]
                            (input port)
  Destination:            INPUT_bram/memory_reg_1/DIADI[6]
                            (rising edge-triggered cell RAMB36E1 clocked by clk  {rise@0.000ns fall@8.000ns period=16.000ns})
  Path Group:             (none)
  Path Type:              Hold (Min at Fast Process Corner)
  Data Path Delay:        0.763ns  (logic 0.280ns (36.716%)  route 0.483ns (63.284%))
  Logic Levels:           1  (IBUF=1)
  Clock Path Skew:        2.010ns (DCD - SCD - CPR)
    Destination Clock Delay (DCD):    2.010ns
    Source Clock Delay      (SCD):    0.000ns
    Clock Pessimism Removal (CPR):    -0.000ns

    Location             Delay type                Incr(ns)  Path(ns)    Netlist Resource(s)
  -------------------------------------------------------------------    -------------------
    V8                                                0.000     0.000 r  data_in[15] (IN)
                         net (fo=0)                   0.000     0.000    data_in[15]
    V8                   IBUF (Prop_ibuf_I_O)         0.280     0.280 r  data_in_IBUF[15]_inst/O
                         net (fo=1, routed)           0.483     0.763    INPUT_bram/data_in[15]
    RAMB36_X0Y4          RAMB36E1                                     r  INPUT_bram/memory_reg_1/DIADI[6]
  -------------------------------------------------------------------    -------------------

                         (clock clk rise edge)        0.000     0.000 r  
    N20                                               0.000     0.000 r  clk (IN)
                         net (fo=0)                   0.000     0.000    clk
    N20                  IBUF (Prop_ibuf_I_O)         0.357     0.357 r  clk_IBUF_inst/O
                         net (fo=1, routed)           0.731     1.088    clk_IBUF
    BUFGCTRL_X0Y16       BUFG (Prop_bufg_I_O)         0.029     1.117 r  clk_IBUF_BUFG_inst/O
                         net (fo=2408, routed)        0.892     2.010    INPUT_bram/clk_IBUF_BUFG
    RAMB36_X0Y4          RAMB36E1                                     r  INPUT_bram/memory_reg_1/CLKARDCLK

Slack:                    inf
  Source:                 coef_i[13]
                            (input port)
  Destination:            pair_and_spare_FIR/replication_of_fir[6].replication/first_module/first_section/reg_s1/B[13]
                            (rising edge-triggered cell DSP48E1 clocked by clk  {rise@0.000ns fall@8.000ns period=16.000ns})
  Path Group:             (none)
  Path Type:              Hold (Min at Fast Process Corner)
  Data Path Delay:        0.779ns  (logic 0.166ns (21.327%)  route 0.613ns (78.673%))
  Logic Levels:           1  (IBUF=1)
  Clock Path Skew:        2.169ns (DCD - SCD - CPR)
    Destination Clock Delay (DCD):    2.169ns
    Source Clock Delay      (SCD):    0.000ns
    Clock Pessimism Removal (CPR):    -0.000ns

    Location             Delay type                Incr(ns)  Path(ns)    Netlist Resource(s)
  -------------------------------------------------------------------    -------------------
    G20                                               0.000     0.000 r  coef_i[13] (IN)
                         net (fo=0)                   0.000     0.000    coef_i[13]
    G20                  IBUF (Prop_ibuf_I_O)         0.166     0.166 r  coef_i_IBUF[13]_inst/O
                         net (fo=84, routed)          0.613     0.779    pair_and_spare_FIR/replication_of_fir[6].replication/first_module/first_section/coef_i_IBUF[13]
    DSP48_X4Y44          DSP48E1                                      r  pair_and_spare_FIR/replication_of_fir[6].replication/first_module/first_section/reg_s1/B[13]
  -------------------------------------------------------------------    -------------------

                         (clock clk rise edge)        0.000     0.000 r  
    N20                                               0.000     0.000 r  clk (IN)
                         net (fo=0)                   0.000     0.000    clk
    N20                  IBUF (Prop_ibuf_I_O)         0.357     0.357 r  clk_IBUF_inst/O
                         net (fo=1, routed)           0.731     1.088    clk_IBUF
    BUFGCTRL_X0Y16       BUFG (Prop_bufg_I_O)         0.029     1.117 r  clk_IBUF_BUFG_inst/O
                         net (fo=2408, routed)        1.052     2.169    pair_and_spare_FIR/replication_of_fir[6].replication/first_module/first_section/clk_IBUF_BUFG
    DSP48_X4Y44          DSP48E1                                      r  pair_and_spare_FIR/replication_of_fir[6].replication/first_module/first_section/reg_s1/CLK

Slack:                    inf
  Source:                 data_in[11]
                            (input port)
  Destination:            INPUT_bram/memory_reg_1/DIADI[2]
                            (rising edge-triggered cell RAMB36E1 clocked by clk  {rise@0.000ns fall@8.000ns period=16.000ns})
  Path Group:             (none)
  Path Type:              Hold (Min at Fast Process Corner)
  Data Path Delay:        0.782ns  (logic 0.253ns (32.361%)  route 0.529ns (67.639%))
  Logic Levels:           1  (IBUF=1)
  Clock Path Skew:        2.010ns (DCD - SCD - CPR)
    Destination Clock Delay (DCD):    2.010ns
    Source Clock Delay      (SCD):    0.000ns
    Clock Pessimism Removal (CPR):    -0.000ns

    Location             Delay type                Incr(ns)  Path(ns)    Netlist Resource(s)
  -------------------------------------------------------------------    -------------------
    U9                                                0.000     0.000 r  data_in[11] (IN)
                         net (fo=0)                   0.000     0.000    data_in[11]
    U9                   IBUF (Prop_ibuf_I_O)         0.253     0.253 r  data_in_IBUF[11]_inst/O
                         net (fo=1, routed)           0.529     0.782    INPUT_bram/data_in[11]
    RAMB36_X0Y4          RAMB36E1                                     r  INPUT_bram/memory_reg_1/DIADI[2]
  -------------------------------------------------------------------    -------------------

                         (clock clk rise edge)        0.000     0.000 r  
    N20                                               0.000     0.000 r  clk (IN)
                         net (fo=0)                   0.000     0.000    clk
    N20                  IBUF (Prop_ibuf_I_O)         0.357     0.357 r  clk_IBUF_inst/O
                         net (fo=1, routed)           0.731     1.088    clk_IBUF
    BUFGCTRL_X0Y16       BUFG (Prop_bufg_I_O)         0.029     1.117 r  clk_IBUF_BUFG_inst/O
                         net (fo=2408, routed)        0.892     2.010    INPUT_bram/clk_IBUF_BUFG
    RAMB36_X0Y4          RAMB36E1                                     r  INPUT_bram/memory_reg_1/CLKARDCLK

Slack:                    inf
  Source:                 coef_i[11]
                            (input port)
  Destination:            pair_and_spare_FIR/replication_of_fir[6].replication/first_module/first_section/reg_s1/B[11]
                            (rising edge-triggered cell DSP48E1 clocked by clk  {rise@0.000ns fall@8.000ns period=16.000ns})
  Path Group:             (none)
  Path Type:              Hold (Min at Fast Process Corner)
  Data Path Delay:        0.785ns  (logic 0.182ns (23.133%)  route 0.603ns (76.867%))
  Logic Levels:           1  (IBUF=1)
  Clock Path Skew:        2.169ns (DCD - SCD - CPR)
    Destination Clock Delay (DCD):    2.169ns
    Source Clock Delay      (SCD):    0.000ns
    Clock Pessimism Removal (CPR):    -0.000ns

    Location             Delay type                Incr(ns)  Path(ns)    Netlist Resource(s)
  -------------------------------------------------------------------    -------------------
    G15                                               0.000     0.000 r  coef_i[11] (IN)
                         net (fo=0)                   0.000     0.000    coef_i[11]
    G15                  IBUF (Prop_ibuf_I_O)         0.182     0.182 r  coef_i_IBUF[11]_inst/O
                         net (fo=84, routed)          0.603     0.785    pair_and_spare_FIR/replication_of_fir[6].replication/first_module/first_section/coef_i_IBUF[11]
    DSP48_X4Y44          DSP48E1                                      r  pair_and_spare_FIR/replication_of_fir[6].replication/first_module/first_section/reg_s1/B[11]
  -------------------------------------------------------------------    -------------------

                         (clock clk rise edge)        0.000     0.000 r  
    N20                                               0.000     0.000 r  clk (IN)
                         net (fo=0)                   0.000     0.000    clk
    N20                  IBUF (Prop_ibuf_I_O)         0.357     0.357 r  clk_IBUF_inst/O
                         net (fo=1, routed)           0.731     1.088    clk_IBUF
    BUFGCTRL_X0Y16       BUFG (Prop_bufg_I_O)         0.029     1.117 r  clk_IBUF_BUFG_inst/O
                         net (fo=2408, routed)        1.052     2.169    pair_and_spare_FIR/replication_of_fir[6].replication/first_module/first_section/clk_IBUF_BUFG
    DSP48_X4Y44          DSP48E1                                      r  pair_and_spare_FIR/replication_of_fir[6].replication/first_module/first_section/reg_s1/CLK

Slack:                    inf
  Source:                 data_in[16]
                            (input port)
  Destination:            INPUT_bram/memory_reg_1/DIADI[7]
                            (rising edge-triggered cell RAMB36E1 clocked by clk  {rise@0.000ns fall@8.000ns period=16.000ns})
  Path Group:             (none)
  Path Type:              Hold (Min at Fast Process Corner)
  Data Path Delay:        0.792ns  (logic 0.242ns (30.573%)  route 0.550ns (69.427%))
  Logic Levels:           1  (IBUF=1)
  Clock Path Skew:        2.010ns (DCD - SCD - CPR)
    Destination Clock Delay (DCD):    2.010ns
    Source Clock Delay      (SCD):    0.000ns
    Clock Pessimism Removal (CPR):    -0.000ns

    Location             Delay type                Incr(ns)  Path(ns)    Netlist Resource(s)
  -------------------------------------------------------------------    -------------------
    Y8                                                0.000     0.000 r  data_in[16] (IN)
                         net (fo=0)                   0.000     0.000    data_in[16]
    Y8                   IBUF (Prop_ibuf_I_O)         0.242     0.242 r  data_in_IBUF[16]_inst/O
                         net (fo=1, routed)           0.550     0.792    INPUT_bram/data_in[16]
    RAMB36_X0Y4          RAMB36E1                                     r  INPUT_bram/memory_reg_1/DIADI[7]
  -------------------------------------------------------------------    -------------------

                         (clock clk rise edge)        0.000     0.000 r  
    N20                                               0.000     0.000 r  clk (IN)
                         net (fo=0)                   0.000     0.000    clk
    N20                  IBUF (Prop_ibuf_I_O)         0.357     0.357 r  clk_IBUF_inst/O
                         net (fo=1, routed)           0.731     1.088    clk_IBUF
    BUFGCTRL_X0Y16       BUFG (Prop_bufg_I_O)         0.029     1.117 r  clk_IBUF_BUFG_inst/O
                         net (fo=2408, routed)        0.892     2.010    INPUT_bram/clk_IBUF_BUFG
    RAMB36_X0Y4          RAMB36E1                                     r  INPUT_bram/memory_reg_1/CLKARDCLK





