111111111110101001010000
111111111010010001100010
000001010011000000111001
001000011000000111111101
010011011111110010000101
011100000010011001111100
100000010100000100101010
100010000111000110011101
100010000001100011000001
100000010110111011010011
011011100010000000000110
010010010111001111100111
000111000100100000011011
111101001010111101000101
110100000101001011110101
101000011110011011011001
011101101111010111011100
011000110001110010000111
011001110100001000000111
011110001110000000101001
100100110100011000110000
101110010111111011100111
111001001001010111101110
000011010110100100110100
001110011011100100111110
011001100100010100000100
100001111000001110100001
100100111101011100011001
100100001000100011101101
100000010100010101111000
010111101110011011011010
001110000010100011011110
000011111111101111101010
111001101000100000001110
110010100011111001001010
101011101110010000111011
100011010110000001001000
011100101110010001101011
011010011110111011110100
011110000100100100010101
100101000000011010101010
101101000010001110101011
110111110100110010110101
000100011000110001001001
010000111011110000011111
011011000011100001010000
100001100101111000101110
100100101101100100101011
100100010011001010101111
100001000100111111000110
011011000000111010101110
010011111101101000001110
001010100010010101001110
111111000000010000010110
110100100011101110111110
101010010101001001110100
100001010101001010001011
011010100101011111101001
010111001110100010000000
011000101111001001011101
100000000001110111011101
101011110011000101011010
111000011111001001110111
000101101100100001000011
010000100010000110011110
011000011010100101000100
011111011010010101111000
100011011100010001010101
100100001001111110101110
100001101001100111101000
011100010000000111100101
010011011101101001101101
000110110111001110010100
111011001100110000100000
110001110000100010110010
100111110011010011001000
011101001011111010101111
010110111101110110011011
010111100001001100010110
011110010011110010110110
100111100110010111010100
101111011011111011100010
111000000011111101011000
000010110010000000011011
001110101111111011110000
011010010001011101010111
100010111010001100100000
100111001010000100111000
100101100011011011000100
011110101110101111111001
011000110101100001110111
010010110001101010110001
001000000110100010111001
111011110000010101000111
110000001001000011011010
100110000010110010110110
011110010000011111111110
011000110011010011111011
010111001001011100011010
011001111101110100111011
100010010010010000100111
101101110011001010101000
111001101111001100101000
000110001100101111010111
010000011111111110110101
011001000101010010001011
100000010010100100010111
100010011000100111111111
100000001101001100010110
011100011110100011010100
010110101110010111011001
010000100101010001001011
001000011001001100101011
111100101100000001101110
110001101001111111001111
101000000001011101100010
011111111101000010011010
011101001111000001101110
011110001000110110100011
100001000100010010001111
100111100111110000001110
101111000101000011110101
110111100111010100011101
000010101111110111010001
001111010011110000000111
011010100011011111000000
100000111101011001100011
100011101000011110110110
100011011100111101100100
011110110000110101011000
010111001111100001011111
001110111110010100110011
000101111001000111110110
111010101101100100001011
101111010100010011111100
100110011110001001011011
100000000000011111001000
011101010001100110001110
011101110100010001101000
011111011110001111100111
100100101001011111010100
101101011011010100100100
110110110001010101011111
000010000001101011010101
001111100010011110111001
011010011110011110111101
100000011111111011111101
100011110110001110111110
100101001111111110110010
100000111110001011011100
010111111001101101011100
001111011110101111101111
000111000110011110111010
111011010010100000011110
101111001111100001001011
100110100010001000011111
011111100111000100100010
011100000111110110001001
011100010111100001100000
100000001100001001110100
100111010111101100000001
101111011111101001001110
111000010100111110111111
000011111010001100110101
001111011110110010011011
010110111100111011100001
011100001001000101011010
100001011010111011001010
100011101000111011001110
011110111010011010110001
010111011110110110111001
001111000110110100001110
000100010001011000000101
110111110110011000010010
101101010100100110000110
100110000010011101011101
100000110011001100010011
011011110010100110100000
011001000100001001110011
011101000001010110000100
100110111000100001000000
110010100101110001011111
111100010101111100100101
000111001001110101100101
010100001000110100010111
011101100000101011011000
100001010110001011011111
100000111101001100000110
011110111110000100110100
011111011011110110110000
011101110101110001110111
010100010101001010000101
000110010111000010111111
111001100100001100111000
110000100010011110101101
101010001011101101000001
100100001111000111011000
011111111100110010101101
011101101111011111000110
011100101101000010111100
100001011110111001110110
101110010100011100100011
111011011010101101011110
000100000111101000110010
001100011110111100000110
010111011011100001001010
011111011101011010001100
100010010010101011111001
100011100000101011001110
100010001001110100111001
011100011100101101100001
010001111111111110101110
000101011100101001100101
111000111101101100110111
101101111000110100011101
100110001010111101111001
100001001011100001010100
011110101001001010011100
011110001101011010010100
011111110110000010000100
100100001111011011001000
101100011111100011111000
110111111010111001110000
000100111000100100101010
010011100011110110110101
011110100100011100011111
100100111111000100100011
101000010111110000101011
100111001100011010101011
100010100011001110110100
011010111111001111010101
010000111110100110101111
000101001111010100100101
111001110101010010111011
101101111001000111110101
100010001000001101010011
011010111111101011000010
010111111000111001110100
011010011000100000000000
100010001010001000101011
101010010101101001011100
110000101000100111010010
110110111100000001100000
000011001100101101110011
010001100110111000000111
011101111000000110001110
100111101001110011001001
101010000001110110100111
100101111101111010110001
100000101101100111001100
011010100100110011111010
010000101011110101001100
000100010000001110100001
111001111001000101000100
110010010100100000001001
101010001100110001100011
100001001000110110100100
011011000101111111110101
011011011001101000010100
100000101000100101001101
100110101001010100100101
101111000111101111100111
111011110011001110111110
001000111010111010000111
010011101100111111001110
011100001011010001011000
100001100011001111011100
100100000101110010011000
100101011001001000011001
100011101011010101111110
011101101101111001101110
010011111000000000001011
000111010010001011110001
111010110011001111010010
110000001001001100100001
100111001010001011111000
100000100000101100111010
011101100110101110001110
011110110000000000100010
100001011000101101111000
100101010010010010100010
101100111101011000010011
111000001101011011110100
000011111111110011100111
001111010001010111001010
011001100111010000010011
100000001001101111011110
100011100000101111011100
100011001010010010010011
011111010111011000000110
011001111101010000100111
010000101000110000101010
000100001110110111001111
111001000010111011111000
101110111110111001110011
100100010011001111110011
011100011001010011011100
010111111110111010001101
010111011110101010010110
011101000000100111011101
100101101111111010101110
110000000000011101011001
111100011110011000000001
001010101001000011100101
010101001110000000000000
011011101110100100111011
100001110010101001101101
100100101001101100100011
100011010001001110111110
011110101110000011110100
010111110001101000000001
010000011111001011010010
000111111111001000100010
111100110001011100110101
101111101101000111000000
100011000011101110011101
011010110011001010111000
011000011010001101010100
011010010111110001110111
011111101101001111010000
100111010011100011101011
110000001000110001000011
111011111011010111101101
001000111000010010110010
010011001001010110011010
011011011111000000111110
100001010010100001101011
100011011011100010001011
100011001100110110101000
100000010101011000100111
011000101001001100000001
001110000101111010101111
000011000011001010110110
111000010101110001010101
110000100111001000111010
101000111010111111010110
011111101010110100101010
011001001010010110110100
011000110101010001011010
011101100100100110100010
100100000100100111001000
101101010110101010001110
111001100011100011110001
000110101011100010010011
010010001100111101111110
011010000000011001110010
100000000110110101001011
100101000111000010110010
100110000111000110001010
100011010001010011111110
011100001010011111101010
001111011111100001001000
000001010010001010111001
110110011000100011001011
101100000111110101100001
100100000101111001111100
100001001110111001110000
011110011000011101111101
011100001100001101100001
011110110111001111000101
100101110101000101111111
101111111101101001010000
111100011111101111000010
001000001101001100100100
010011100110010000100101
011101010100001101000011
100001100010111100100011
100010010100011001110110
100001010111000111111001
011110100001111000111000
011000111011010100001011
001110110100011111011111
000011100101101101110111
111010001001001100110111
101111010010010110111110
100101001111001100010110
011101110101101010101101
011000110100001011011110
011010000001110111110010
100000001011110000101010
100111111001011010010001
110001110100101010001110
111101100110010100011111
000111010100101111101001
001111110010101101110010
011010011011100001110111
100100001100010000101111
101001001101110110001101
100111101010111000001110
100001110001110110100111
011010111001101011011110
010001101001011000110100
000111100001001001100001
111100111101100110000011
110000111110100000101111
100111011011111000010111
100000101001001110000111
011011101001001000100100
011100000000001100110000
100000101110100010100110
100111011010101000011001
110000001000000001100100
111010101011000001001100
000101000110101010111011
001101101001011001000100
011000010010111010000111
100000100010101011010110
100011001101111010011110
100101110100100010010001
100101000011010101110100
011101010101100001001010
010010000100010111011111
000101110001101101111000
111000111010010010000011
101101100000011000101110
100101110100100001111000
100001110000110101100100
011111011010000100001101
011101011100001010001100
011100111010100111001101
100001010101101000100101
101001011110110100001100
110101011101110101011011
000100101000011111100100
010001110111101100101011
011010000001110110011100
011100111100111110110101
011111110001111000100111
100011100010111111001111
100010000000110000111100
011000011010010011001101
001100111111100110111110
000011011100100000100011
111001010000010110101011
110000000001110011101001
100111011011011100100001
011101111010001010110011
011001001000010110010001
011011100010110101100000
011111101101111010011111
100101000110101000001010
110000000111000011110111
111110111010100000100011
001100000001111111101100
010100111101110100110001
011010110010100111011111
011111010001110010110110
100011110100001010100010
100101011010110001101010
100001110111000111001001
011011000101110011011010
010000100101010110001011
000100000001011110101001
110111101001101111101111
101100001000111010111001
100001101000110111001111
011001001111000000001000
010110000110111010001100
011001011001001100100101
100000011010110011111010
101000000111000010111000
110001011111001111100011
111011011111110101100101
000101111010010011100011
010001101100100111110000
011011011011111111111100
100010000000101010001000
100011011110010001100011
100010110110000001111101
100000100011101010101011
011010000000110110001011
010010011000100100110100
001001011101100000010010
111100101111111010101010
101111100100000111100011
100110101011101001111001
100000000111011000101110
011100010010010011000101
011100010011011100110100
011111011110000110100100
100110010111010100111000
110000101011100100000111
111011111010100001000000
000100010010101010100001
001100101010110110010111
011000101100001101100101
100010101101001001000101
100110011010000101101110
100101010000111001101001
100000011001100000110000
011000000110011101011010
001110110001101000101010
000100101110110110110000
111001011110001101010010
101110001110111110100111
100110011011011101001011
100010000110101000110010
011110001000011111001110
011100001111010110111000
011110111100010111101111
100110110000111111100110
110000110101011111010110
111010110001001101101000
000110111000001001011100
010100100011110010000010
011111001100011111111001
100101000011111111011011
100111010001101110000110
100110101111010010011011
100100101110000101111000
011110100000010111101101
010001101011101110001101
000011000111111110111100
110111110001000100110100
110000100110011001101011
101011101000001101011010
100100011110011110110111
011101111100001011011100
011110110000000011100101
100011101010111000100000
101000111100100111110011
110000010000100001111010
111010000101000001111101
000101001000011000101101
010000010101001111011011
011011101111110000010101
100100010110100101110001
100111100010000110101111
100111110101010011011101
100101101111101010100100
011110011100001010001000
010010001100011001110000
000101000010011101011111
111001001001000011101100
101111011100110100110001
100110100111101100010100
011110000111110100100000
011010101001111011001101
011011110011010001101100
011110110011000101101011
100101001000101110101010
101111010110101110100011
111011011011101010011001
000111111101110110001111
010011011100110100110101
011101010000001010101000
100011111011000111001000
100110101010010101000110
100111000111001111011111
100010011010100011010001
011000010111100001110111
001101110010100000001100
000101001011010001010001
111100000100100000000110
110000110001101101111101
100100011110101010110011
011010000000100001010001
010100010000000011010100
010101101011111010110100
011101000010011000010000
100101010111110001011010
101111010101101110000111
111011111110111110001011
000111011010010100000001
010001100100111000110011
011100001001010010110111
100011000010111111000110
100110001111000101101011
100111111111101101100110
100101100111011001010010
011101000100000111111010
010011000100100111011001
001000000001101011100001
111010100101101001100111
101111011101011010010101
100111111100011111111111
100001001001100110111110
011011110000001001001111
011011001011111001111000
011101110011011001000111
100010011111011100011100
101010101110101001011000
110101101011101010110010
000001011101011000011001
001100111101000000000011
010111100110000110100100
011110111011001111011100
100011001110011100010111
100110001111100010110110
100011111000000110111011
011011111011010011000001
010000010111111111111010
000010110000001010010001
110101011100010010011111
101010011000101100011000
100010100100011100111011
011100100001010100111001
011000000110000010011010
010111011001001101000110
011011101111100100101100
100010110011100011101011
101100101010000001000111
111001011001100110001100
000110000011110110001001
010000111110010101110110
011010111100111101110101
100010001101101110000000
100100001110010100101010
100100100011001000111011
100011010100011100110000
011101000011000010001110
010010001111110110110010
000011110011011100101111
110101111011010001001011
101011111010000010111001
100100011010111011110111
011111000010001111011001
011011010101101010100011
011010110110101010011101
011110100110101110100110
100100110010000001010010
101101111011111100001010
111011001101100101100010
001001011000001111111111
010011110100110101010000
011010010111001000111110
011110011101011001001001
100001110100000110011000
100011100001101100010110
100000000100000101011110
011000001101100011000101
001110010000000110000000
000010010111000001110111
110110011000011100101110
101100010110111111000101
100011100101110010110111
011101001100111010111111
011011011110001111011101
011101000001101010001000
100000111000111110100111
101000000010011010001011
110000001111101001111011
111000110000001100101101
000100001101101001011010
010001001101011010010010
011011101110011101011000
100001100111000001011111
100011000001110001011110
100010000101110000101011
011111000100110100001000
011001110000000000000010
010001010100000001100100
000110001010111000010111
111011101001011100001110
110001011010111111100011
100110011110101001100001
011101010111101101010110
011000010111100101000101
010111110011011100110101
011010110111101100000110
100010000000101111011011
101100010010011111110011
111000110011010110011101
000111001010011111000010
010010100000101100011100
011010010111101100010110
100010011110111001110111
101011011001011101110110
101110010011011110111011
100111101010010010110011
011110010000000111111100
010010001111000101000110
000100001011101111110110
111001111010101101111100
110010000111011001001001
101000110001111000101101
011111110110111000110110
011010100010000010101000
011001111010011001101111
011100010000110001101011
100010001110010000101010
101101000110010110100010
111001001101000100010010
000011111010100001000011
001101101110101000100001
011000010000011110111011
100000100111110011001111
100011111000110000010000
100010001101111001110111
011110011100011101010101
011000111100110111011101
001110111101010010111100
000010111000000000100101
110110101001111101100000
101011100011010111101001
100100010001110100111110
011110110111110111011010
011011001110010000011000
011011001001111101110101
011110101110111110100111
100110000010101101100011
101111010000010111111011
111001100111000101001101
000101110110000010110001
010011110110011110100000
011111011010001001101111
100100111000011111001111
100101000011100111010110
100101000011111111110010
100011010011000100111011
011001111011101110000011
001101001101100001100110
000011100110001101100111
111011001100011010011110
110001000000100100110100
100110000101101011011000
011110010110101110101111
011001110101000100110001
010111100010001101000101
011011100111011001101111
100101010100110011100110
110000101001110110110011
111011011000110001111010
000110010101111010101001
010010001000001000001011
011011110000111101010111
100010010000010001011101
100101001110011111101000
100011101111111100001011
011111101010001000100110
011001001010110100110101
010000110110001000110010
000110010001100101011100
111001111111011010011101
101111100101000111101101
100110100001100011000101
011111010110010111011110
011100101011000110000010
011100101101100111000100
011110110110011111101011
100110001100011110000000
110000101011001001010110
111010001110101110111101
000100110111111000000100
010001110101011110100111
011100100110011010101110
100011000110011110101100
100111111100001111001011
101001001101000100011001
100010100000110100101001
010111110001100011111101
001101111000011110001010
000100000101110100101111
111001000101111101110100
101110110000101000110101
100111100101000100111011
100010010100010011101100
011110000000101100011100
011100110001100000111010
011111010010000110001000
100101100101011011101101
101110001110000011100011
111000101100111100000000
000101101010111110111010
010000001101000011101011
011000011111101001001111
100000111110100111001110
100110000110001011001110
100110010010011100101110
100010110110010010000110
011011001110001110001011
001111110010011110110001
000010111000110110100001
110110101001000111111011
101101101101001011100111
100110011111111111010001
011111001100101111001001
011011100100100011101110
011100100010001110100010
011110101000010000010000
100100000111111111101011
101110101010100000100100
111001101111101100000111
000100000010100110110111
010000010111101110010000
011100010111010011101010
100011011011000001110010
100110111010010110101100
100110110111101001110101
100010011011101011110101
011001100010110011010111
001111011110010101110000
000101101000110000011111
111010100001100111101011
110000100101100000001110
101010000101100111001111
100101000001101100111000
011110111100100010110100
011011100010010001101101
011111010011101110111011
100110111000010000010100
101110100010000011110110
111010000000000000111010
000111111001010000110001
010010101111101110001100
011011000001000000000100
100000010111001100110010
100001101110110111001001
100010000000010001111110
100000110101000000101111
011001010010001001100101
001110011101001100101111
000100011100111100001101
111010110101101101110100
110010001110001100111000
101000001100001000010110
011111001011011110100010
011100010000010001100101
011100100001101000000000
011110101100011011100001
100100100100100011000001
101101000010001111111001
110111010111110101111100
000011111000000011010111
010000101000110111110110
011011010001100100010110
100001101111101000000010
100100101000101111110000
100100101010101100100000
100000001111110001000100
011000110100101111101110
001110110110101100111001
000100100011001100010110
111001010111011000011111
101100111000101010101010
100011001111101011111100
011110001111010101000101
011011111011101001010101
011010101000100110001101
011101110111001011000111
100100110111110101101101
101110101001100101010011
111001010100001110111101
000010110101000011110001
001101000110101000101000
010111110100100100001010
100000001011010111001101
100011110111111110010010
100100110000011000000010
100001111110001011010011
011010011111111101110001
010000100011010011110101
000101001110110011011111
111001110000011100110010
101110001111110110010000
100100001111001101111110
011111000101000100101011
011110000110111111101100
011101001110101100100010
011101111001110100111000
100100011010000000101110
101101010010001010100000
110100110100001010110000
111111100100110100011011
001110110101100000001011
011010110010110101110100
011111100101100001011110
100001100100101011001100
100010011111111101110110
011111111100001111110000
010111111101110010001111
001101101010011011100010
000100011000000110011000
111001000001001101110110
101101011110000101110111
100011011100101110111100
011010010100101111011010
010110001111001001010001
011001110101100111110000
100010001111110010001010
101010110011101010010000
110001111101011000100100
111010010110011101110011
000100101010100000000111
001111001111111100001110
011001000111111110100111
011110010100111011000110
011111010111101100110101
011111001001011011010100
011100011111100110001100
010110010110101100001100
001110100110100011011000
000110000010000111111111
111101001110110101100111
110011010100001010110100
100111001100101010000111
011101010000011110111100
011001001101000001100100
011010000011010110111111
011101100000001010111000
100100100100011100010110
101110101000101101111101
111001110010101001100110
000101010100100111011001
010001001001101100110100
011101111101100111101100
100110001110101100010111
100111001110000011001000
100110001101000100011011
100011000010110100101001
011100100110100111100001
010011001110001010000111
000110001000000101111000
110111100111000100000110
101011101010110011000111
100100000110101001100010
011110111011000110000111
011010100111111101000010
011001010111110111100111
011110100100001100111101
100111101011011110001101
110000010010011101000100
111000100001100000010001
000001111100110110110001
001100100000100001100001
010111110111010100111011
011111101000100100100101
100010111101101001111010
100011111100010001000111
100001001010010010110011
011011100100110100111001
010011001100101100000010
000110110011110010111000
111000100101100001011000
101101000100010101111010
100110001010100001000111
100010000101001010010100
011110010110101001001010
011101000100001001110000
011111111010000110000110
100101111100010011001010
110000011011001100110100
111011111001000001000000
000101100100111101010111
001111100101111010000111
010111100011010110010011
011100110011011100000000
100001110000001100001101
100011101100101001101010
100000110001000110001111
011001110111011011100110
001111100000100111110100
000011110001010010111101
111000010111101001100110
101110101101010111100100
100101110001110111001000
011110110100011111001110
011011111100111100001011
011101000110100001001110
100001101000001010100011
100111111001111111001110
101110111001001111011001
110111001111111110001110
000010110110011101110000
001111001100011101101000
010111101001001001101001
011110010011111100111111
100011101110100001110010
100100010011111001100001
100000111110100101100000
011001001111011011000010
001110011110011111100110
000100101111101101101001
111010110101010010110000
110000001100110011010100
100110010010001110100001
011110101000110101101011
011011010110100100001001
011011101010101001100110
011110111001101101110101
100100101101011100001101
101101001101100100101111
111010010111101110010111
000111000011000010101100
010010000001101000101010
011011101001100110001000
100001000011101000010010
100101000100101011100110
100111011011100100110111
100101001010110000111000
011110010001110011101110
010100011010001000000001
001001010010000101001010
111110001011110100001111
110000110110001011111010
100100011011000101001111
011100101001010011001010
011001011100000110111101
011100100101000010011010
100011111110001100111000
101001011101101111001111
101111111010000011111010
111011010010000110000010
000110100100001000011100
010001001100111111111010
011010110110111100011111
100010011110111100011111
101000010000011111100001
101001100100100111110110
100100100010011111001111
011100000110001011011100
010010110000100110010100
000111000111000011000100
111010110011011111101111
101110010011001100110111
100011110000111101110011
011100101100000100110010
010111100010101101010110
010110100101011110000001
011100000110111100101011
100101001110100111111101
101110111000110101111110
111000011100111100011010
000010111011100011101101
001111101101000011010000
011011001110110111101111
100001110100011001111101
100101001100110111111011
100110101111100010000110
100011001101010010010110
011001111101000001000010
001111001110001111100010
000111010001100010001001
111110011001101010111110
110011111100111110000111
101010000001010000101000
100001000101000101100001
011100000000100100000111
011011100001011100101111
011111110111011000001111
101000001011101000001010
110010101000110100110011
111100111101100001110000
000110101000101101000001
010000110110101011001011
011011000110110110111110
100001111101000101000011
100011111100001011010110
100010010100111011000111
011101111000110011111100
010110110000100111101110
001100100001111001001010
000000100001011111011100
110110110001110010010111
101110011001010110111011
100101001110011110110110
011101110100101100001100
011100001011000101111010
011101101011010111101100
011110011111101110000001
100100010000010011010101
110001001000010110011101
111110101101111111100110
001000111001010000110001
010001111011000010011100
011001110010110001000000
100001010101010011001011
101000000011101001010011
101000011110011101100001
100011001010110000000010
011011000001010100111111
010000010000010000110110
000011111011010001100101
110111100110001111100110
101100001111101010101100
100100011010100001001011
011110010001111110001010
011001001000100010001100
011010110101011111000000
100010000011000000111101
101010101010001110110101
110011110000001101101111
111011111111110001011110
000101011110101010000000
010001111000000100111101
011100101010010001000101
100001100001101100001110
100011110000101010110010
100011010111101111100010
011110011101001001101001
011000100000101001101101
010001001001100101010001
000110011110111100111000
111001101010100111111001
101110110010111101010000
100101011011110101000000
011101010000100000110000
011011001001011110101001
011110101100110111110000
100011000100100011000110
101000110010010001110001
110001110001010011101111
111011100110110001011001
000101000010000010110011
001111001111000001000101
011001000000111000100010
011111101000100101111110
100011100100100100111000
100011011101011101001011
011101011011011111111000
010110010111101001010101
001111000101011000101111
000010110011100001110110
110111000000010011011000
101110011100101100011000
100101111110011100011100
011111111111101101011111
011101010100001000101110
011100100101000000000110
011111100100010100110001
100110011100010110110110
101111000110100000000100
111011011001101000110001
001001010101100100111110
010100001101100100011100
011100101011101011000001
100011011100010110011001
100111000100000010001010
100111010010011101011010
100100000011101010011100
011100110000010111001101
010010100101001101001100
000110101011001101011101
111001110011001000000011
110000101000101110101011
101000110010100011001111
011110001100100110010000
011000001001010010110100
011000001000101011000010
011100101011001010110100
100110111010101101001110
110010101000110100001100
111100010001001110010101
000100111101111101000100
001111010001000010011100
011010100000110101100010
100011101010100101010010
100111000101001001010011
100100110101000100011100
100000100010101011111111
011010100001101001100011
010001011000110001101100
000101010110011001111101
111001100010101011001010
110000001011000111011100
101000110110000100001100
100001100110100110101011
011100110010011110100100
011101011000101110100110
011111100010001000011111
100101100101011001010100
101111101001110001100010
111000000001011110000101
000010100001001111100111
001111101111110100101011
011000111011001001011011
011111010100000110101101
100100000000010100101110
100011110011111110110111
011111011011101000010101
011011110100110011100111
010110110010101000001010
001011110000011110100011
111101110011100110100010
101111100110110000000011
100101000001111001001001
011101100000110001010000
010111011100011100010010
010111010110101111000100
011101011101110111101111
100110010000010000100010
101111111000100000001100
111010110110100011110101
001000101101010101001100
010011101111100100100101
011010001110101110100000
100001100110100001101000
100110000101000110010101
100011010001001101010000
011101001011010000000010
010111110011011111000101
010000100011000000001011
000101111011001010100101
111100011010010000100000
110001111011101000001111
100111000010000010001111
100001100110011000000000
011110010001011010000111
011100110001010101111100
011111001010001110001010
100101000101110100101000
101111101100110000010010
111011111010010110100001
000111101101100100011111
010001000111010110111101
010111100011100000111110
011100110110001101000010
100001110101101111100011
100100010101110001010011
100010001011110100111010
011011110111110011101010
010010001010011000010101
000110011000110101110100
111010101101000000001101
110000110010111111001011
101000010101110110101100
100010000000110100111101
011101110100010001101111
011100011101101011111001
011101100110000110011001
100010011100011010001101
101111000011111011011011
111101011001100011100000
001000011000101000001001
010001101110011101001111
011000111100110001000110
011111101100001111010101
100100000010100010001110
100011011111011101000111
011111010110000001001100
010111101101101000000011
001110100000100111000001
000100100101010001100011
111001101111111010001011
101110001010010111001111
100011100000110001100001
011011011110001001101001
010110101110101001100101
010111111001110111101111
011101101100000010111100
100101101000001011111100
101110111111011010110111
111011011001100100000111
001010001000010000100010
010101010101100100110110
011010100101001110100010
011110101111011111001000
100010101001111100110100
100011101101000100000110
100010011000011100010100
011011111101100011000100
010001010001111000100110
000110010100101111100011
111011010001110010011100
101111001000010110101101
100010011001010000001001
011010110100000001111001
011000111100111110101100
011000001001011111110011
011010110000110101101110
100001000001101001111100
101010001100001110011010
110110010000000011010110
000001100111110101110001
001101111100000111010001
011011000000110100101111
100011110011101110011110
100101110010111110010010
100010000010100111111110
011100001000001100110001
010111001011111111011100
010000111011000101011000
000101101000010100111000
111001110110100100111111
101110011111111011000111
100100111000001110011000
100001000001010110000000
100000010100111111111001
100000011111010011011100
100010101000000001100111
100111100101100000011100
101111101011010010101011
111001101110111011100111
000101111110100111111001
010010111000010111110101
011100111000010010010000
100010111111101110111000
100101010110001101101111
100101001011101111101001
100001010110110000000111
011000001000110111110011
001100001010101010100010
000001001100000111001101
110111001101110110111101
101110110011100111000101
100110101110111011100101
100000001001101010001100
011011100000000111110110
011001001100110000110000
011101110000110101101111
100110011111000000110111
101111110001100000000110
111010101101011100100010
000110110010010001011110
010001110101000110010010
011100100110101101001111
100101010000000001111101
100111011001010010101110
100100100111111010110111
011111111111101001111001
011000001101111100111011
001101011000111100110000
000010010111011001011011
111001000000110111000101
110001111010000011100100
101010001010000011000011
100010010001001111011000
011100101000101100101101
011010011010111100101010
011101110100101110001101
100110001111000010110110
101111011100100100101001
111010011111010001110010
000111001110001001100000
010001111001000000110001
011011001111010101010001
100010100001100010000111
100111011111001001001111
101000110010001011101010
100011000000111100011101
011000100101101001011010
001111010101100001001100
000110100110011010111111
111010110101101100011111
101111010101111001110010
100110111111101001110101
011111111101110000010101
011010011100110100010111
011010110100100001101110
100000100101011001001111
100110000110001111101101
101101110100000100010011
111010011110000000000011
000110100000010100000011
010000110111101010001110
011010011010010110100000
100001001000011001001111
100101100000100101110101
100101101100001001011100
100001000110000110111100
011001100010110100000010
001111110000010110101010
000011111100011111100000
111000101000110110100100
101111100011100100100001
100101110101000111100011
011101110010101010000000
011010100011110110000010
011011011011000011110101
011111000001011100000111
100110000100010100110001
101111011001101110000010
111000000001010110111100
000001110011010010100110
001101010011101011000010
011000010001111111111011
100000000111100100110101
100100011111101110111100
100100100100101001011100
100000000111001110000000
011010000100010000111000
010001101000001000000101
000101000001010100010011
110111001100111101101110
101011011111000011111010
100100000111101000101000
011111110011000111100011
011100110010101100011011
011101110001101100011111
100010010100001110011011
101000101110001110001110
110001011110011111001001
111010100010111001101010
000011101101101001000101
001101010111011011110111
010110110100111010110010
011111100101000011011111
100100010101100101000100
100010101011010011101111
011101110001101110111101
011000100000111110101101
010001000100100001010101
000110001011001001100000
111001010001100011010110
101100001100110000111000
100010100110111011001111
011111101100100010111001
011111111001111010010001
100000010010011100011111
100010110000011011101010
100111110111101110110010
101111101011100000011111
111010011100100000100001
000110001111110010000101
010000010111011111100001
011000010111101101001100
011111101010000001010110
100100111000000101110100
100100100011111101000101
100000101011001111010110
011010110011110111110011
010000000101011100100011
000100011000111011110100
111010101110010011100100
110001110111010111000100
101000001100011110011111
100000111010001011010111
011111101110001111100101
100000011101010000001110
100001110110010110010011
100110111000110111001111
110000110100101101001010
111101100100111100100100
001000101101110111010111
010001111001011010111010
011100100000110100010101
100101000011000010010000
100111000101111011001011
100100001000001110000111
100000000000111011100001
011010001101100101111110
010000110101001100110010
000101001000100010111010
111010001111101101000101
110010100110110000001110
101011010100110111100110
100010101100101110011001
011101110100101110110111
011101111110011110010010
100000101000110001010101
100111011000000010000010
110001100010010011001001
111011011000011100111011
000100110110000110111110
010000110111000010111111
011101010101110001100001
100101100111111101000110
101000001001100111011111
100110010000011010100010
100001110100110100101001
011010000101001111010001
001111100100111010011111
000011100101100110110011
110111010101011111010101
101100111001000101000110
100100011110110010110110
011110110001101010101101
011011010001111011011011
011010011000110010010011
011101001000100000001110
100011110000101001010110
101101010010000101011001
110111101110100001101010
000100001100000110010110
010001100011011101011001
011011110010100100010100
100001110011100010010111
100101001000000111111110
100111000011111011110111
100011110101110100100001
011010001011010010001111
001101101100000111110000
000010010010011000111011
111000011011110000101111
101110010001001000011011
100101011111100101111011
011111010101100010001011
011100011010011101011001
011101101010011001111111
100010100100110000001111
101001110001111010010101
110010000010111001110100
111001000111111011011110
000001000011011010010101
001011010101001010010111
010111100001001001001010
100011000110011101010001
100111000100011010010101
100101101001110000001111
100001101100110001110011
011011001011110101010100
010001100111011010011000
000100110100111011011011
111000100110000010100101
101101001110001001011011
100011000001010011111101
011100011001100010010001
011010111010011101101110
011100010100001111010000
011111010101111011100100
100110010010100111010100
101111110101011000011000
111000111100100110111000
000010111010100000111101
001101101111110010010110
010111111000000011000110
100000010111000101110111
100011101010100111010001
100011010001111100001101
100000100000000001010001
011000100000100010110110
001110010100001010111100
000100000001011111000000
111010010010100011101111
110001000010100101101011
101000001101001001100010
100000011100101000100011
011010001100100001001001
011010001011100001111101
100000100100001000011010
101000100010100110101010
101111010110010111110100
110111101111001000111110
000100000101111010111110
010001001001100011101000
011101001011110101011011
100101100111000100111011
100110111001111000010101
100100001110011011100111
100000101100100001000011
011010010011101000011101
010001111001000011101001
000111011011101101100101
111010101110110010001110
101101110100001000011001
100011111011000101101000
011110010110111000110011
011011000111110011100100
011011000010100011110001
100000000011001000010100
101000001011010011010100
101111011111011011110100
110111110011001010001100
000010110011110001010100
001111010101110100001101
011010011111001111111110
100001011011100100000101
100011111110111011111111
100011011000100010010101
100000011101011001011110
011010101010101101111001
010001111101001001100111
000101111100111010011001
111001110101000111001010
101111001110000001110100
100101101111001011011000
011111111000110000000110
011101001100100101011101
011100111011111100001111
011101110110110111110110
100010010001000001000100
101101011100001010010000
111010011011010000010111
000100101111000111100101
001101101101001111001111
010110111001010001100010
011111111111001100100010
100100011011101010010110
100011000000001011011100
011110110011001111011001
010111101101110000111110
001101111110100011010010
000011001010111001001010
110111100100001110011101
101100111110000111011101
100100010100001111111110
011110011010011111111011
011101001011001110111000
011110000010001011111001
100000001100001101101011
100101010010001000011000
101110001000110010000101
111010011001100010011111
001000000001110011110010
010011101001010010100000
011100010111100000011011
100010110010011100011111
100101000010010110010001
100010110111111100011000
100000001111001101101100
011101000100011111010110
010011010111011000100111
000110001110111001010010
111010000101011000000010
101110010001000101000100
100011111100001001001110
011101000101101101011000
011011001011110110110111
011101010101001010100100
100010010001100011011011
101000111011110001100000
110000010100010010000000
111001001010110111001110
000101010010011110001001
010011110000011111100111
011111100011101010110111
100101001101100010000101
100111100001011010001010
100110101100101011010001
100001010110001010110111
011000101100010011100100
001111101010000000100001
000101011000101011000000
111010100001000110001010
110000111001010100101101
100110111011100001010111
011110010010011100101010
011001100000010111110101
011001010101000110011110
011100110111010111110011
100011110110011110000000
101110110110000111001000
111010111001011000101010
000101000100001001111000
001111010000011010101110
011001010100001100111010
100001010010011010101111
100110000100001110100100
100111100010010100100001
100100011011111111100001
011101110010111010001110
010100010001101101011101
000111000111001001000111
111010100100001100101110
101111001011011011110011
100101111011110011000010
011111111111100111110100
011101100101000001101000
011111010000111111011110
100010100010111110100110
100111101001101110011000
101110100101101100000101
110111101100010101111011
000011100100110101001001
001111100001110111111011
011001100100010001110000
100000110111000100111010
100110001101100100101011
101000000101110111100110
100011111011110101101101
011011000101000000011001
010001101110000100100111
001000101111000101001100
111100111010101000110001
110001000101111000001011
100111111010100101010101
011111101110010001111010
011010100001000111000010
011001110010011001111111
011100001110000010101000
100010101101000100110110
101011101001111000001011
110101101110110010010100
000010010001101001100100
010000000100100000111100
011011011010001001110100
100010100110001110111101
100101000101111011000111
100011001110101000100000
011111011100000101000011
011000110010011001111101
001110000010110000101111
000011011010010000101101
111010001011100101110111
101111110010000001111111
100100100001101100111001
011011111100001001100001
011001100011000111111010
011010110010100101000010
011101111011111011011100
100110000010001111111010
101111011110110010100010
111010000110101010000000
000111100101011111111111
010001111111011011001011
011000101110111001010011
011101101010001100110111
100001001010000110101000
100010011100111101001101
100000000100010100100100
011000110010000000111001
001111011110101111001110
000110110010110001100101
111011110110111111001100
101111101010000111010010
100110000100101000110100
011111011001111100000101
011010100111010010000111
011001001100110011111000
011101111100011111001001
100101111010100111100100
101101111110010110111001
111000010100101110000111
000100110001100101100110
010001100000010101110010
011100100110001010000010
100100000010010010110111
100101101000110100111100
100011100011010100001101
011111011001100000000100
010110110001110000100011
001101000111011010110010
000100110010101000010111
111010001010000011011001
101110010011111010000011
100011100110000111011000
011010011000110111100001
010110111110001010101111
011010100010110011101100
100000100100110110000110
100111011000110011001110
101111101001011110110000
111001001100010100100100
000100110000010100011101
010000110100101000110110
011010111000101010110011
100001000010000111001010
100011001011100111010100
100001110100000000100100
011110011111010100110011
011010000111100001101111
010001011111000001101000
000101001011011001100000
111000110110101011101110
101110110101111001100000
101000000001111010100101
100010100001110101111101
011110011111011001110101
011101110011001100110010
011111101100001001101100
100101111010101000001100
101111100110100001001011
111010011000011001111100
000111001101111101011101
010010100001001000010010
011011111101100011100011
100011000100110001000110
100101111111001011100010
100110011001110110010111
100011101011100111100001
011100101111000011111101
010010000010110110110010
000100111111101000101100
111000100101011111110100
101110101001111111001011
100111010000000010010110
100001000101000100101001
011100000110100000111110
011010010010010001001100
011100001100001011111011
100011011000110011011110
101100100011101001110010
110111001000111010110011
000100101101011011000001
010000000110011011101000
010111100000110101000011
011110010010010110011001
100101001010000100100000
100110111101000001001100
100001000101001000100000
010111100101001111111011
001101101010110110111111
000100101001111000010011
111010110001101010001110
101110100111010000000111
100011100000000111011110
011100110011111100100111
011100001000100011000110
011101001001010100001000
011111110110101100010011
100111001011000101001011
101111101110101111100000
111001010001111101100111
000100010001100001100100
010000000110011111100001
011011001000011100010010
100010110101001010010011
100101001011000010001111
100010011100010011001100
011111101110001111101111
011011010101101001110100
010001011110100010000101
000110011101001011111011
111011101101101010100001
110000111100000110010011
101000001011010110011100
100001111100010101101011
011101011111001101001011
011011100110111100111011
011110110001101010000011
100111000111100101010000
110000010111111111000001
111001101010011100100000
000100110011011100100010
010000010000110010000111
011010100110110000010011
100010000100011101010100
100011100011001000010001
100000101100110110010000
011101010010100000100101
011001000101101000111011
010001111111101111001100
000110101101110010001111
111011011111011011011011
110010111000000001111000
101010010011000111100001
100010011100010100001111
011100101010111111001111
011011011010111010111010
011111101001011000100001
100111111101011101000100
110010011000010010011010
111100101101101010000010
000110111000101011111110
010000011000011101001111
011010000010001101111101
100011001000101101101001
100111011110101100011100
100100010011001001000111
011101110001110000010110
010110111100101100000100
001111110110010011100001
000111111101100101111100
111011110011001011100000
101111001100111010100011
100110111111010100000111
100001001010011111100101
011101000101000100110001
011100011100010010100000
011111011101010101011111
100101100100110101011001
101111000100001001101101
111011001110000100010111
001000011000100000011001
010100000010111100111010
011100100011101100110101
100001011101000010001100
100010111011010111100100
100000101101100011011001
011100111110101000010100
011001110111100010101110
010011001001001000001011
000110100101101011010011
111001011001011111000111
101111011010001000100001
100110001100011111110001
011111001011011110010010
011100111111010110110100
011100111010110000111111
011110001001010010100001
100100001001001111011111
101111010111110100101111
111010100010010001000011
000011100111110000000000
001110011100001010000000
010111111011101101100101
011110010000111100000010
100011000101110110111000
100101011000000001101101
100010001001001011110011
011000100100101001011111
001101001001110011101001
000010111000011111010100
111010101000111101010010
110001101000000011011001
100111101000001111110101
100000110010111000101111
011101110101110010100010
011100111101001100110111
011110111101010000100101
100101001000100100111101
101110110101100000010001
111010011010010101010101
000101011010000100001011
010000001100111100010001
011010100001011111101110
100001101001010010001011
100100100100111111100101
100100010011001101011001
100001011010101010000101
011010111010001001001100
010001110101101110111011
000111101001010000001010
111100101010101001000010
110001000001101011000101
100111000101100100001000
011111100111000111001011
011001110011100001111001
010111100111100110011110
011100000010110101101110
100110111000011011100010
110010100111110111100000
111101011111010111110111
000111111010011101000001
010001000000111101010010
011000111100000111111001
011111000100011110011111
100010101100000100111100
100010011010001100110101
011111001000001110101000
011010010010110110101010
010010110001101010100100
000111101010110110011110
111010110110010100110111
101111101100100110111100
100110010101110111011001
011101100101101010111110
011001001111100100100011
011011100110000101001001
100000000101110000101110
100110010011101100101010
101111010100011010110010
111000101101000101101101
000010111100001100110000
001101110011001110111101
010110000011111100101011
011100011100011011110000
100010101111000101111110
100100001111010011010000
100000000010111000100000
011001000000110011101110
001111111001110011111110
000100100100001110110101
111001000100101110011000
110000010010110101111000
101000000111110010011011
011111110110000110111010
011011100111001010111001
011011110010001100101001
011110010000000010110001
100011100010010101001000
101101000011011001001100
111010100010001010010001
000111000011010001011000
010001000001011000111011
011010001101100010100000
100001010010101111110010
100100001100100011100000
100011101001100101010011
100000001101100110001011
011010111111111110011010
010011000111101010010000
000111010011000101111001
111010000110011110001111
101101111111101011000000
100100001110001010101011
011101111001110110101011
011100000000001000101000
011011000100010110010100
011100111011001000100101
100101001110011111010011
101111110010101011111010
111010101101100010101111
000101011100100110100110
001111100110101011001010
011000011010110111001111
011110100111100000011111
100011101110000101000001
100100100100010001101001
100000001111000011101111
011001011001001110100010
010000010100001010101001
000101101101100111011011
111000110110010000000101
101101111010111111001111
100110111110101111000001
100001000101101101000011
011100111010010001110000
011010001000011111111001
011011101111011100000111
100011100111010111110110
110000000100110100101001
111111000000001010110110
001010000101111100100101
010010010000001100101110
011010010001000001101101
100000110010000101101111
100101110000001100000001
101000101010100001100101
100101100111101000100000
011011101111111110110111
001111101100010100110110
000010111000001100000101
110110110101100000101101
101101011111100100110010
100110110101000101010001
100000111101010111101101
011100000110001100001110
011011000000001011111011
011111100000100110000011
100111000010000110001110
101110010000011011111000
111000111010001000111001
000101110001101110000101
001111111100110011000000
011000110000100001001110
100000001000111001101100
100100011010100011000001
100110100000001101011100
100100010100111001010111
011100010010100100110100
010001010000101111000100
000101100110101101010111
111010100110110001011100
101111001101100100100000
100011100010011011111011
011100101100111010011000
011011011110010010100000
011011001101001001001111
011100100001011011011011
100011110001101111110100
101101111000000100001110
110111001111110111010110
000001111111101001111100
001110001101010001100000
011010001100111101000110
100010000100111100000011
100101000101010100110011
100110010101111010111100
100100001010011011100000
011100011000001000110101
010000010100000111011111
000100110100000000101100
111100100001001011100111
110010011010100111011101
100101011010000101011010
011100001111110010111000
011010000010011101010100
011100010001000001110001
100000010101011011000011
100101110111010000011011
101101111101100011011111
111001101111011110100100
000111001100111010000011
010010011011000101110100
011011111100100111110100
100011001111001000010011
100101100000110010011010
100100001000011110010010
100000101010000011100000
011011010000111111000010
010010110001100000001101
000111100010010101000111
111100010100100110101011
110001011111110010010000
101000111100100001010100
100001100101000111110001
011011010011111000011111
011011001100000010101011
011111111011101110000000
100110010111110000111000
110000101111100110010010
111110000010111101011001
001001001001110011111110
010010110010101011100110
011010010110000111001010
011111001101011101011110
100011010001011111111111
100101110100100111100111
100011100010001010010110
011010100110110000011001
001111110111101111000100
000101001101000001011010
111000100011110000111011
101110000110010101101001
100111101011010111100001
100010010111011001100111
100000011111101010100100
100000000100000011110011
100001100000000011000101
100111111010101111000111
101111110101101000101010
111000010100111001111011
000101100010101000100110
010010011011001001101010
011001001100111111111011
011101100111100111010111
100001111010111100001001
100100011100010100101010
100010110011010100111001
011100010110111000111101
010001011100100001100101
000110010100100110010100
111011000101100100011101
110000100110100100001011
101001001000100011111010
100010000111101001010101
011100111001101000000110
011010111000011100011111
011101110111011111101000
100110101000111111011011
110000011011010101111010
111010001011000010101010
000110000001010100011001
010010101100011111110001
011011011101001000001010
100000001100011111010011
100100000110100001011110
100100101111011000011110
011111001101111111111100
010110010100011100001111
001100001101110011110101
000001111010100011111100
111000101110111100000011
110000000111111001011100
100111101110000010001100
100000010100000100001110
011011111110011001001111
011100110100000101110101
100001000111011110111100
100111110000000111101110
110000001100100010101000
111000110011110100101001
000011111101000010011110
001111111110000011010011
011001100101110110111100
100000101001110010110111
100100110101110010100110
100011101111011111100110
011111011101011101000101
011001110110111110100111
010001011111001110101001
000111100001011011110110
111011011101100010010101
101110101001000001111000
100011101000000101101010
011011001001110111100110
010111111101110000111000
011011100111010001000011
100011000111000100111001
101010111001001101111011
110011001100001100001011
111101001011011001100111
000111110000111011011101
010001111001010011000000
011100001100000000001010
100011001001000011011111
100100000010110110001100
100011000011110000011101
100000101110000101100010
011011011100011000100011
010010010000000010100101
000110110001101000111000
111100001110101011101100
110000001101101000001010
100100010101001011100010
011100101111000111010001
011010110110110001111011
011110100010111010100101
100010100111100001000011
100111110110101101011010
110000000110111000000000
111100000110111110000000
001001110101011011001110
010011101011110101101111
011001000011011101101111
011111111011010011010101
100110011100101111011011
100101110011110101101010
100001101011110100000101
011010110100001111001010
010001011000111110010010
000110000011011000010110
111001111101111101110101
101110111101001011000000
100100011100011111100011
011100011111101011001101
011000000110110011101110
011000010101011011000010
011100110101101101111111
100100010110001100000011
101101111111101000011111
111000110100101010110001
000101011111010110001010
010001110010010110000010
011101010101111001100101
100110010010000110101010
101000110010010001101010
100111101001001000001001
100101000000011101101011
011100000000010111011110
001110000010101011110100
000010000001101110101011
111000001110110110010010
101101110100100011101010
100101011001111010100001
100010001101101010111110
100000000111111000001111
011101101101111101111110
011110100110100111000111
100101100001010100110101
101111011000111111011111
111000000111100110111100
000010001000000000101010
001111010010111001110110
011011101001000000111010
100011111110011000111010
101000110011110100001010
101000001000001011101110
100010001011110110110001
011001111000010000011001
001111010100010101101100
000100010110111000100000
111010010011111001010101
110000011001110111111101
100111010110110101100110
100000001111110001110010
011100100100110111110000
011100111011100011101000
100000100101111101111110
100111000110111111000111
101110111100101101011111
111000110000000111001010
000011111110011111111101
001110111000010101110111
011001001111101110101101
100001101011101001001010
100110110001111010110010
100111011100011000101100
100100010001010101011000
011100110010101100000110
010001001010010010001001
000011010010111110101111
110111000001000010100000
101100110100100001011011
100001110001001011101000
011010001011001011001110
011000110011101010011001
011011101011011111000011
011111110001110110000100
100101001000101010011111
101101101100110001100100
111000111101110110000000
000100011101010010000100
001110100000111100100101
010111100001111110001111
011101000000110101011010
011111100000000111101101
011111010010011101011010
011100001010010010010010
010111101010001110110000
010000111111001110011100
000111000001101001001011
111010110001000101101100
101111011001100010011101
100110101000001011011101
011111001011110101000000
011001111011101110010000
011001111100010110101111
011101000110011100110110
100011000111101000110100
101101101110011111011000
111010010111001010001110
000110011100001010011011
010001111000111111011010
011011101111001010110010
100000001110000110001100
100001110000101101000001
100010101010000100000001
011111110100000011001111
011001101111011001001011
010010011111001101110000
001000101000001111101011
111011111110100010010111
110000000010001010010011
101000010111001000101110
100100110011110010001100
100000100111010111100011
011011010110001101100011
011011010011101110110011
100010111110110011001101
101110101111000101001100
111010100100110100011100
000100010100111011011110
001110001101010100100010
011000100001011101111011
011111101011011010010110
100010010110101001100111
100010110110011001110110
100001010101011011001110
011001101100110100101001
001110000000100010100100
000011100100001001000000
111010111001011001100011
110001101111111111101001
100111110011001000010000
011111010010101011001000
011010011101100111110000
011001011110011010101110
011101100001010011111000
100110011111100011101100
110000110010111010100001
111100000111000110000110
000111011100011111100100
010000101001011000110001
011001011010010010111001
011111011111011110011010
100001111010111111001010
100001000001101010011010
011100000000101011110110
010110001110101011011011
001110101110101000111111
000100101111011100100001
111001000100000111110111
101011010100111100100100
100000001010111110000110
011011100000111011010001
011010011110010111000110
011100001111111000011011
100000111011011110101001
101000001110100100111111
110001110101001101111101
111011101101110111011011
000101111100110101111111
001111101110010010101011
011000011011111111101100
100000110101101000001111
100101110111111101100110
100110100010011101111101
100100001011011001100100
011110011101101101000001
010101011011000101011100
001000010011010010001110
111001100110011101110011
101101110100101101101111
100101000000101110110001
011110110110100000011101
011100011000110000001000
011100110101000010100000
011111001100001010110111
100100011101101110000101
101101100111110000100011
111001101001101000100001
000110111110011111101010
010001010010000001011010
010111110011110001000000
011101100001101011111011
100010101010100101110111
100100010110101111100001
011111110110000000011101
010110111001011011100111
001101011110111011010111
000100011110111000010101
111010110111100100000011
110000010101111100100100
100101010101100101001110
011101100101011001100011
011011111111111001100101
011101001010101001010100
011111000001111001001111
100011000001011001001000
101010110001011011011111
110100111011010111010011
000001110011011001000111
010000100010110111101010
011010100000000001100000
011110101100001011110000
011111100001100000110000
011111110000001010110000
011101100111100000011111
010111001101000010001100
001111010100110101011101
000101100111101110000000
111010011100011010110000
110000110010011100000011
100111010000111000110111
011111110011110001010101
011100011011000011110101
011101000010101111000101
100001111011001111110111
101001001000110100001101
110001110001000110001000
111011000001111101111000
000110001110001000011110
010001001110111000010100
011001001001010001110000
011111001011000110001010
100011010010011100110111
100011010010100111010101
011111111110011000111111
011010011101101111000001
010010100000110011010000
001000110000010000100111
111011111110101110111000
101101111010110111101000
100010110011110000100101
011011101100001011011101
010111110001111000001011
011000000100101000101110
011101101011101111001000
100111110100000011010010
110010000100011110101100
111011000000001001110100
000100101010110000001111
001101000010001010010110
010110011001111100011100
100000011011101001000011
100101001010100100001110
100101001101110100101101
100011110000001011110001
011110010110100110100000
010011101000000111011011
000111010001110101101011
111010110000100011101001
101101111011011010010101
100010111110000111000110
011011000001000001011101
011000000100011110100011
011010011000110110010011
011111001110101000010001
101000001000000010111010
110011100000110010100010
111101110011011010001110
000111100101111111101110
010001001110110100110101
011001001001010011010110
100000010011010110001110
100101001010110010000011
100101101010111001011101
100001110100001001000010
011011011110011110011001
010100000111101100011001
000110111110101011110101
111000110000110100011101
101111001110100011111110
100111000011110001111110
100000110100101011100011
011101000010010000101110
011011010000001100101110
011101001000011001111001
100011100001111100011101
101110010100010111111110
111010010000110000000110
000101101000011100011010
010000111101111101001101
011011100011000100101110
100100101111011100100010
101001010110100101011010
100111101100000000110111
100011011100110011000001
011101010011011101000110
010011101001001000010010
000111100110010110111011
111000101111101101100001
101011110011001001100100
100100101010000101010000
100000010111010011010101
011101010110100011010100
011011110011011110111100
011111000001101110100011
100110011111110101011100
101111101100110100100011
111011010111101010000101
000111101111110100111011
010000100000100111111110
011000000111101010100000
100000110101001111100111
100110100011011101110010
100110100010001101011001
100000001110000110000010
010111011001101110010010
001110101010000011101011
000101001100000001111100
111001010111101001000110
101101110100101110111011
100111011111011011001011
100011010111111011110101
011110101110100000100101
011100111000100110111111
100000011111011010011000
101000011100111110101011
110001100011100000100010
111011100110000101111001
001000010000000011110001
010100110101011100111010
011110001110101011011010
100101001001111010011101
101000110110000100011001
100110111011100111000000
100000010011001110010101
011000001110101111001110
001110101101010111101101
000011110000001100101010
111000101000000010001000
101101000010110100011100
100010111001100001111100
011100010010011001011011
011011010110100101111011
011110101010001011100101
100001100101111010011010
100101010101101001000111
101101001111011000011010
111001001101010101111110
000110101001101001010010
010010001101111111010000
011001100001100000110111
011101101011010001100011
100001001011110100001001
100010001001111000101101
011110001010111001110100
010111101101011100010010
010000110000110111101011
000111100001111100010000
111011011011010000101010
101111011100101101110000
100101001111101100001001
011101101010011110001110
011001110010110010101000
011010100111001100010101
011111011111000011111101
100110001110110001111011
101111011010001101101111
111010100010011111011010
000111001100111100010011
010010101101000101011110
011010111010010000110101
100001100110011110111101
100101000011100000001101
100011011100001001100000
011111100100010101100001
011001100010100100001010
010000111111111111001011
000111100101101011001111
111100100110000011000110
110000101111010110100111
100101100110110100001001
011100111000101100011000
011001111101111101000011
011011000110111111010111
011101111001011000100110
100011010001011110000000
101011011101011101101100
110111101010101110111111
000100100101111100001001
010000010101111000010011
011001100010111101000100
011110000101010001101000
100001010100110010110100
100011100110011000101111
100000011011001011011100
011001011000011011000100
001111001111011010110101
000010100001011010011011
110111101001001110100010
101100101110011011000010
100001101111001001010111
011011010011101010110101
011001110001010100000011
011100001011011001011101
100000110001001000101110
101000101010100110011010
110100000111111100010111
111110001010000011011101
000111111010100010000100
010010001110010101011111
011011111110011001110000
100010011100011001101011
100100101111000000010111
100100011100011101101100
100000100011010010101101
011010100100011110110010
010010001100111110111110
000110011001111111100110
111010111111111100011111
110001001111001000001111
101000011101110001111000
100010000111000001111000
011111011001010010111101
011111010111010111001011
100000001010101000100110
100100011110010011010110
101111001110000010001100
111100011000000000001011
000110101100001010110000
010000010101101111010011
011011000111001001001011
100010100001011010101100
100100110110000010001100
100011110101000110011110
011111001000110011010101
010111111010110110111000
001111101110111010100011
000110000110000100110111
111010111101110001010001
110000111000010111101001
101000100110110100011011
100000100011000001111110
011011111111001100110000
011100100010110100001111
100000100001111111110010
100110010010100101100000
101111000101110100100111
111010100100101011000000
000100100100110001010010
001101011110100010011110
010111111100100011010110
100001011000111101100110
100100011111111110110100
100011100100001000110001
100000100001100001111000
011010001011110101110001
010000011000000101010110
000101010010111000011110
111001111010011000000001
101101010110100010111111
100001011000101111010000
011001100000101001011011
011000000001011010110110
011010100111011001111011
011111101101000111100110
100101100110100000010100
101100111001011110100111
110110111000000100010111
000000110001110101101011
001010101111111100001111
010110001100111000111011
011111110001100011111001
100100001110111111110001
100100100011001001111101
100000100111001011000100
010111110001110010011101
001110001010000111100000
000101011110001010000001
111011001010001000011010
110000010001110000010100
100110010111011001000100
011111101000000011011110
011100111011110011011111
011101011011111000000110
100001110111101110010101
100110111010101110111100
101101110000110000011110
111010001000010100100100
000111010010111011010110
010000111010010100000111
011000000011100010110011
011101110111110011101110
100010010101011010000110
100100111001111101000100
100010001001111000011100
011001101110111010000110
001110110001100001000111
000010110111011111110101
111001011000001100000001
110010111001111010011100
101010011100100000101100
100000011110110001001110
011100110101110100110000
011110111110010010110101
100001111111111000001100
100110111110011001011001
101110100101011100100111
110111101010110011001111
000001001010110001011111
001011011101000000111101
010110000011100101000011
011111001001011111111001
100100011111000000101100
100100010111000011111001
100000011001100110000100
011101000101011001100110
010110100100111011010110
001010101100000111010011
111110110000101011010000
110011000001011011111010
101000001101001011001101
011110100010011110110011
011000100011011011001101
011000000101010000111101
011010110110000001011011
100001011010101010000001
101101001010110110111011
111011000111111110110111
000110001111010110000010
001110101001000101001010
011000110011011001101101
100010011000111111111001
100101111101111000011110
100101000111000001001001
100000000010110000011011
011000001101100111010101
010000010010011001010111
000101101011000001100100
111001100100001110011000
101111101011011011001101
100110101100001100010100
011100111110001101000001
010101111011010110011100
010101110101101011010110
011100001010000000001000
100100111000011111000101
101110001010100100111111
111010010100010001011100
000110110010101010011111
010000100100101001101100
011001110100001011110011
100001100100101110000010
100011100001001100110110
100001110110001101000111
100000011110010100100001
011011010011011110000111
010001001010111100011111
000100111001010101010110
110111000011100111000111
101010011111011010100001
100001110100100001111100
011011000101010010000110
010111000000011111100111
011001100000110010010110
011111111100001000110001
100110010000110110011110
101110110110010011001111
111001111101111001000001
000111001101001101000111
010100111101001010001100
011111001110001011100001
100101101100011001010010
100111010100010111110100
100100011100101110100101
011111110000010100100010
011001010100010111100100
001111101110010100111011
000100111101000101001111
111011000001100100000000
110001111001011000111100
101001111011100100110001
100100000000000010100001
100000010001100111000010
011111011100111110011110
100100000101101100000000
101010001111000101000111
101111001010100000100000
111000011100000110001001
000101100000101111010000
010000111100101000100111
011010100010111111010001
100001100101000000101010
100011001101000000010000
100011001001100010010000
100010010100111111001110
011011000001001110011100
001101010010111101100111
111111100100101001010110
110110001111011001101101
101111000010100101001011
100101110100100100111010
011101011111111011000000
011001001110000001111100
011001101010011100010110
011111111000001000110100
101000001000111011010000
101111101010001000111010
111000100101100110100010
000011010011111011000110
001110110000101111110101
011001011010011110010101
100000010011100000001011
100100010001110011101000
100111100011110010011000
100101101111100110000000
011011110001100110101101
010000100000001111010011
000101101000010111110110
111001101111110011010001
101111011001101110011110
100111011000001101111011
100001101101101111100111
011101100100000100111000
011100011010010110011011
100001000100001000001000
100111101011010110010101
101111010001111101100110
111001111111001111010110
000101101100011001100110
001111010000110101100010
010111101100110000110001
100001111001110111100010
100111000011100100001011
100100101100111011001100
011110110110100000001011
010101111110001110011001
001010111001111001100001
000001010001111110000110
111001111100000111100001
110000101100100011000100
100111101011011011111010
100000111111011100110101
011100001010110000011110
011011100111111101100010
011111110000000011010101
100111011010010110000110
110000001101011111100010
111010100100100011100010
001000111011010100000000
010110111100101100001101
011111100010010111000101
100011101101110111000001
100110011111101001110001
100110001001110010100000
100001001011110011101100
011001011011110010100111
001111111010011110110111
000100100000100001111001
111000011111001010010000
101101111111010100111110
100011111011010011110011
011011100100011100100000
011000110001001101100011
011100011001110001010100
100001100001010110111001
100111001010110111100111
110001001100110101100011
111100011011011010011010
000110011100000111111011
010001101000111110110010
011100011001110100101110
100010111101100011101010
100100111100000101011010
100101000001101001001001
100010000000110111000101
011001110011011101001010
001110111110111100010100
000010101011011111010000
110110110101111000101101
101110000000011110010010
100101101100101101110011
011101001110111000000101
011001111110101011101100
011011000001110011111010
011101111111110011011101
100011111111011100001110
101100110110010011011100
111001001100110111011110
000101100010000000110000
010000111100011011001100
011100001111111101100101
100100001010110001101011
100110001100000000001011
100011001101000010100011
011110101110000111110110
011001101010001101100010
010001111011000000001001
000110001111011001001010
111010110001011100011100
110011011010101110010011
101011110100111011110110
100011011110110001101100
011110101010011100001011
011100111100000011111111
011111010101001110101000
100101111101011111111000
101110001110010101111011
111001000001000110000110
000101100000010000000100
010000011110011000010011
011010101010110111000001
100010111100111111000101
100110111101010010001101
100100110101111101100100
011111001011000001101001
011001010011011010110111
010000011111100011101011
000101110110000000101110
111010111000000011110010
101110001000010011010101
100011110011010011001110
011101111111010011111101
011010110001101001111101
011100010011001100110011
100001011010101001111001
100111110101101111101111
110000011011111101100111
111010111100101111110010
000110111010111001111100
010010110001100011111101
011100111101010111111000
100100000000110011001111
100110010100000000100110
100101000101010000100101
100000100110101111010100
011000111100001010100001
001111101101100010100001
000110010100010111011001
111100011001111111000001
110001111100011001000111
101000100110010001000110
100001011101010000011100
011110000101010101110000
011101010100110110111100
011110100111100101110010
100100001011101011001100
101111001000011101111000
111100011010011110100101
000110110011110101001010
001110100100100101011001
010111001110111110000010
011110010101011100010110
100011110011011010111011
100111110001000010010111
100011111001101100110001
011010001100101110101111
010001000111000011000011
001000001101000000001111
111101000011101000001110
110001100010000111111101
100110001111011000000110
011110001000011100110001
011011111110110000011011
011100010010000010001011
011101111010010011000011
100101001001010010001111
110000010000001110000100
111010000000110100110101
000011110001101110000110
001111111000011100111111
011001100011011110001110
011110101111110001001010
100011001100110011101000
100110001100000010010100
100100000110100111010011
011100000100010110001011
010001001011100011010100
000110010101111101010101
111100011010101100010110
110011100111001111011110
101010100111011011010110
100000100011101110000001
011010100110100111000000
011010000111001101011011
011101100100000000111011
100100011010011100000110
101101100110001010000010
111001000100111001101100
000101110011000001000100
010001011010100010100010
011011010001110100100000
100001100111110001000011
100011101000110011110101
100100000110101001001010
100001001100100100111001
011010001010110001100000
010001010110111111000001
000101111110000010110111
111000110110000110010101
101110101000000100100111
101001010001110101011000
100100000011000100101000
011110100001011110000010
011100011011000001101111
011101100111101011110111
100011110101101001010101
101110000011000001111010
110110111101111100001001
000000110111001011111000
001100111011101001111100
010111110001011010001101
100000011111000110110000
100100111011000000000100
100100110110100011011100
100001100000011110111001
011000100110001101000010
001101110011101010001100
000101010010000010111010
111011100001110101001011
101111111001000101010001
100101000100011011111111
011101100101000100100110
011001010100000011101000
011000101011111000001100
011100101101111101101010
100011101110011111001101
101101001101001000011100
111010000100000100110000
000111100111111001011000
010010010101001101101011
011001000000011101111011
011101001001010100110011
100001101000001100111110
100010111100010101100010
011110010100100100000111
011000010010001000100111
010000111111001101101010
000110011000100010001001
111000111110100010001000
101100000000010111011111
100100000111001100010000
011110111000111001100110
011011101111011011110010
011101000000001100101010
100000011110110011101101
100101100101000010110010
101101110100011101110100
111001100011101111001010
000110000101010010010011
001111101110110001111110
010111101010111001111000
100000110000111111101100
100111010110111110101100
100111010111101010011011
100010101101011011001101
011011101100010001110010
010001110111101101000001
000101010100100110010101
111000001001001110000110
101101011010010010011110
100100100100000010101101
011101111101100110111011
011011110101111001101010
011100011110100110100000
011111111100000101100001
100101110000011001000011
101111001000111011101110
111100000101010000101111
000101110010001110111100
001100111001011110101001
010101110001001010101111
011101001110110101011101
100010111100011001100000
100110101010110101011000
100010110100000111001101
011001000001111111001110
001111000101110110110101
000100001110011101101111
110101101101000101100010
101010010000110110100001
100011011111101110101011
011101011110100000110100
011000110011000011000011
010111101011111000100010
011101100001101001100001
100111010000111111001100
110000010000110010000010
111001100011100110011111
000100001101101100100001
001101111000110011000010
010110100100100011111010
011110111010100110110111
100100110100001000001101
100110000000100111110001
100010001101001000110000
011010010001010011111001
010001111101001100111000
001001101111110110001101
111110101101101011101101
110011000000101111011100
101001000111010011010111
100000110001010011001111
011011000111100101011010
011011000111101110100011
100000100101001111111011
101000111000101111010111
110000111010111101111100
111000010010001110100011
000011001011011110100100
010000111001111000110110
011011110000101010111010
100001100101010110111000
100011001011111101000111
100011000001000101110000
100010011001101000100000
011101010111011101110101
010011101001000000100111
000111110010000000011011
111011000110010010001011
101111001001110100001111
100101111101100111100011
011111011111000001001001
011011010101010011100000
011100001011010101000100
100001010110010101111011
100111001011101101100001
101111010001100100010101
111001110000110010111100
000100001101011100000011
001110100001100010101011
010111101110000000100110
011111000011111010110010
100010011101000011000011
100011000101011001010111
100001010101101001010011
011010100110010100001010
010001011001111111101011
000110111101110010010101
111010100011110100000001
101101101011000001110101
100010110010101110100010
011011001010000010011101
010110000111011011110111
010110000100010001100010
011101010000000001000000
101000101010101011101100
110011101111011000001001
111100111010101111001010
000100101110101110001001
001110000001001110100110
010111100001011100010011
011110011111001010010110
100011001111101110011110
100100001101010001010001
100000010100011101110111
011001111011101001000011
010011001001000111100000
001001101101100011000010
111101000101111011110101
110010101011111110010010
101010101101001011001101
100001011100100000101011
011010111000110111101111
011011000100000010110010
100000011100001111101111
100111100000010000101100
101101111100111000111101
110111101001101100100111
000101000001101000100110
010000101011101110000000
011001101101010000110001
100010010101110010110011
101000000111100000100110
101000010100010101100111
100100100110101000010001
011101001011101110110001
010010011000001111111010
000110000010100001101110
111001010011111000001111
101101111110001001010011
100100011001010001111001
011101101000000100011101
011001110011010101101010
011000001101011011000100
011011100010000111101000
100100101100011110011100
101111011011110101001011
111000100010010110000011
000010000110011100011110
001100010111011110011001
010110101110001110000010
100001000001011100010100
100101110101001110110011
100011011111000110110001
011110000101001101001011
010111011100111001000111
001111101110101110100001
000101101110100101011001
111001011100001101010101
101101000100000011010111
100011011101010100011101
011100101100101100001110
011001010100100101101110
011011111101000111000100
100001110000110000011111
100111100100111110100011
101111001001010111010111
111001011001110011101001
000101101010101101110111
010010000010010111001001
011011111110000111000010
100001100010110111001001
100100000001010110000111
100100100011010001111000
100010011110111000000001
011100000101111100010011
010001001011000010010010
000100000111011001110111
110111101011001011011100
101011101100011101100000
100001001101101101011000
011010010110010111001001
011000011100000100110101
011010010101011100010100
011110011010100010111111
100110011111011001010001
101111010010100101000001
111000111010110101011000
000100001010111011101101
001110011110111010111100
011000111010110001111000
011111111011111000010101
100010111100111000010111
100100011101011011001100
100010000100111011101000
011011001100110000010111
001111011101101001001101
000010000000111011111111
111000001101000111000000
110000001010101010000110
101000011011111111000101
100010111111100110000010
011110111111010001000110
011100111001110001001011
011111001000000101001111
100110011011001111010010
101111011111011000000100
111000110110001100001001
000101101011010100001111
010011001101101010101001
011011101101100010001100
011111101111001011100101
100010100100000111011001
100100010001010000110010
100010001101100100010000
011010101000001100011011
010000001111000100100011
000110011011001010101100
111011011100001011000111
110000100000110010001011
101000011101010001101111
100000011110100110111000
011011000110111101110101
011010010010001000010001
011101111010011000000111
100111100110010110010101
110001011111000110010111
111001111111011010111100
000100010000100101000101
001110111101010101011001
010111110011000111010100
011101100110001111011110
100001100000110111000111
100011011000101101111011
100001010011100011011101
011011100101011110111101
010010011111011000010100
000101001010001001001001
110111010101010011010110
101101101111100010100010
100101010110000001001000
011100110110001010010000
011001101010110000111110
011011110001001001000100
011111000111101000101100
100100010011001011001011
101110010101100010001010
111011011100000111010011
001000000110100011101111
010011101110110110110011
011101001111101101000011
100011000001111101100001
100101000110010011000110
100101000101111011110010
100010011000001101101010
011011011011000000111100
001111111101000101000010
000011110000010010000111
111010010100000100001101
110001011000000011010011
101000100101110110110010
100001111011010100001010
011101110100011110001000
011101111100010000110010
100010110000100101011000
101001001111100101110010
110000110001000101010111
111001111110001101011101
000101001000001010011010
010001010010001011011101
011010000010001110010100
011110111010100110001010
100001111110111100110011
100001110000010000000001
011101100011110011001000
011000000111011000011010
010001111110101000010110
000111011011001101110111
111000110101111010111101
101011110101011010001100
100011100110001110000111
011110101100011111011100
011100110000000001001111
011110001110101101100010
100001100100011010011111
100110100110100100010000
101111000100100010011000
111010011000001011001101
000111100000101000111000
010011001010111000011001
011010001000001010100111
011110100101101010010001
100001110010010101101110
100011000011011111001110
011111111110000001000101
011001011100000000001011
010000111100000010001111
000111001010101110100100
111101100000010001100110
110011010110110110010010
101001010110010101101011
011111000111010101110011
011000000110100101110011
011001010111011111010001
011110110010110101100100
100100110111001001000100
101100100101010010100110
110110110101001010101000
000011010100101101000001
010000110110010101001001
011010101011001011110101
011111100011101111010111
100001101100111111110010
100010011011001000101111
100000110011100001110001
011011011011111110000110
010011010001100100100100
000111011111000100001101
111100010001100011010001
110011011100010010010010
101010001011100001111001
100010000001110111010110
011100000101100101111111
011001100101011000001001
011010011010001111111011
100000000011110010101001
101101011101001000000010
111100100111001001010100
001000110011010110111101
010011011001010111010000
011010110000011110000111
011110101111100000001100
100001010110001101011111
011111100101011000111111
011010001000101010101001
010101010001011001110100
001111111001010010111101
000110100000100111000001
111010011000001110110011
101111010010000000111011
100110000110011110011101
011111101101111100000010
011100100010101100011100
011011110100100011111100
011111101010110101010100
100111001101000011101001
110000011000111111111111
111011101110100111101010
001000000000111001000100
010010111010100000010000
011100000011000000011000
100100010111001000011100
101000101000110100101110
100110110001100110101101
100001100110110111101101
011001110001101100101000
001111011011011100110001
000101100101011000101100
111100100100101000111111
110010010110100001000100
100111001000101111010100
011110011111110100101111
011010101111101100111101
011100111000010110101111
100011000100100010101100
101001111101001100001010
110010101110100010001010
111101100101110011011010
000111001101010100001010
001110001011000010011100
010110110001111011001010
100000101011110000000001
100110010101011010011101
100110110010110010000011
100011111111101010011110
011011110111001110110011
010000100011111111111000
000110111010010011101110
111100111100101000100110
110001000110101101000101
100100111100100000011011
011100010001111011100111
011001111101100100011101
011011101001000111001010
011110101100111111110110
100101001111100100011110
101111010001001000110010
111011100110001111100001
001000111001100101100000
010010010111001011100110
011000000010010011111111
011110110101010110101101
100100110010101011111111
100110010101101101010000
100100000011011010111001
011110101011000010110010
010110011011111001101100
001001111010011011000100
111011001001010001011011
101110000000000001010001
100011011110100000101111
011101001001110111001011
011010011000101101101101
011011010010110100110010
011111111100110000111101
100110011000001100110001
101110000000001000000110
110110110010100101011011
000010000011110010000110
001101111101001110100100
010110110001000011010001
011110110110011100011111
100110000110001111001110
101000010000000110011001
100100000001011101101111
011011100001001001010110
010011101110011110111001
001010011010000110101011
111100100010000011001110
101111110000011010101000
100101101011110110001000
011111000110011101100010
011101110001010010110111
011111011000111110110100
100010111011010111000001
101001011100101101111000
110010001001100110100001
111100011011111010101011
000110100101100111011000
001111010101101001110110
011000001110001110110111
100001100010100010110101
101000011110010110011011
101001110101100000010100
100101000011100110010000
011010011000110101001101
001110001011100111011011
000010100001101110011001
110111000010111000010000
101100100100100101101100
100011101000101100000101
011100010110101100011010
011000001011100001000101
011000001101000001010110
011101000101100111011101
101000011101000101000011
110100001010000101011000
111101010100100110000001
000111000001000001111110
010000110101010001000011
011010010000101100011011
100000101011010010000101
100011010000100111011000
100010101011111000001011
011101110101010001000001
010110101010110110111110
001110101110000000010000
000100010000111101111111
110110100001110001001110
101011010011010101001001
100101010011000010110010
011110101010010100101100
011010101001101001010011
011101100001001000011001
100000110101010001101111
100100101111010011001001
101101100010000111110110
111000110011001000110101
000101001011011111111110
010001001000001001101001
011001101100010100001101
100000001110010000011111
100100010011011101010011
100011100100101010010001
011111110110100111111110
011001010010011100111011
001110111000100101010001
000011011110111000000101
111001000010101100000111
101111100011111000010111
100101101111000001000011
011101101011010100111100
011010110001000001101100
011100000100000111000101
100000100111101011011100
101000100000111001111110
110010101111001101111101
111101001001110111001100
000111001000100010101100
010001100110011111111000
011100111001001010111111
100110100101100100000101
101011000100001010111011
101000000110011111010110
100000100110110111011101
011001010000001110111101
010001100111100110110001
000111000000011110000010
111011000001011001101100
110000110100101011011001
100111111000101100101010
100001010011100100010010
011100111111100111111110
011010110101111110011001
011110000101100100101100
100101100001100000111111
101100111010110010100110
110110100011100111010011
000101010000001100111110
010001101001101101000010
011010001001001111010001
100001011011100110110101
100101001001011101001010
100100100011011000001011
011111011000101010111010
011000010000011111000101
001111111011111000101011
000101011010000000110010
111001110000110100110001
101110100110000000010100
100100100111111000001111
011100010011100110100011
011000000010010110001000
011001000100101111011110
011111010101000000001100
100111010101110111110101
110001100100100100111011
111110001110111110010101
001000001110011011010100
001111101000110010011000
011000100001101011000101
100001111111100111001010
100101011010001000010110
100011000110001000010101
100000001101111000011011
011011111110101010001000
010010101000001110111010
000100001110111111111000
110111010001000000000100
101101001001000010011000
100100000100110000000110
011110101001011001011010
011010111101011101010001
011001011001110111100101
011101111000010111101000
100110011111001000010101
110000001010011110110000
111001111011011000010011
000100100100001011100100
001111011100110111001100
011000011010110011101001
100000011110010110111001
100110010111011001100111
100011111100011001110101
011100101100011100001000
010101011101111101001101
001101001110111111101110
000101011101101011011001
111011100100111111100001
101111111010101111110010
100110011111000111011000
011110100010000101101100
011001111000111110111001
011010100101111010001000
011110111011111110110100
100110000001001000111000
101111100001000000111110
111000110001101011100101
000001100000010100101000
001100110010111100001110
011000000001111000010010
100000010010011011010011
100101100101101010000001
100111000010001101010010
100011000001001000110011
011010000111001111010011
001110001001100110100010
000010000100010001100101
111000001110000010110100
101111100111100000101110
101000011011010110101011
011111101000000100001001
010111100101000101001000
010111011111010110111011
011100010100000110010111
100011000110100011100010
101101010111001000000111
111000000011111100101010
000011000000111100001101
001110000010000011011010
010110101000111101011001
011110011011010100011010
100100010010011101111011
100101011011010100100110
100001101111011101110011
011001101010111010111100
001111101101010110111001
000101001010110100010011
111010100100100011111101
110001011011010101100000
101001101000011101100101
100001011001001010100010
011001100101010011110110
010111011000011111001011
011101000000010110001101
100110011110011011111100
110000000111010100010111
111001111000100001111100
000100000000100111111111
001110110100101000011101
011010000100101110001011
100011000010010010010011
100111010000111001110011
100110000100010110001000
100001010111000110010000
011010111000101110110000
010001100000011110000011
000111110111011100010011
111110100011000010111001
110011110110011000100011
101000100011100111000010
011110100100010110111001
011001110001010010101101
011011001100010101110110
011110010010000111110001
100100111110000110110100
110000010111110110011000
111100101001000001111100
001001011001011001010011
010011010001000010110111
011001101101100110111011
011110111100011010110001
100010011101010111100101
100010110110101000101100
011111011101100011010110
011011010100110000010111
010101010000111101101101
000111110011111000000111
111000111001101111001010
101110110001001111010101
100101000111110010000000
011100010001100101100011
010111111010100111010001
011000111111001011000001
011101111100010010101110
100110010110100110110011
110000010011101001110111
111010010100011000011101
000101100010111101010111
010000111111010100000101
011011101111100111100001
100011110011101001000111
100111010001111000010000
100110100111000101001110
100011010000001001000110
011101000001011100000000
010011001010001011011000
000100101100110000111000
110101011101000110011000
101010011100011100001101
100011011001011100000001
011110000110010000111111
011010110011101110011010
011100101111101011011010
100010111001000010001011
101001101110001100011111
110000110010101000001100
111010001001001110000000
000100100000010001000101
001101011101001011010000
010101011100111110010110
011101001000010111010000
100011001101100011010001
100101101100001111011011
100010010011111111000010
011010111000101110011010
010001010100001100101101
000100111111110000111010
111000111001011000100100
101110011001011000000010
100101100110101100000101
011110011011000101110011
011001000100000001011000
011000001100110000110011
011101010010000011011010
100101111011011010010011
101111011101001010000110
111010011101100101001100
000111000100001100010101
010011010111100011011001
011101110011011010100100
100100001111001001010111
100111000011001011101111
100111000101101111101011
100010000000100011010100
011000101000011010000101
001110101111100001100010
000101111100110111011001
111100011011111010101100
110000011100111111101110
100101100101000110001101
011110100001110010101000
011011001000100100000010
011100011110000000010100
011111001011000110001011
100010101101111011110010
101100110000110010000011
111010010111101100101111
000101001101111100001110
001111111110001000100011
011001110011000010010010
011110000101011100110010
100000000100100001001110
100001111010100001001110
100000010001000000010110
011011001110011110001011
010100001010110001010100
001010011101101101011010
111110001011000110000011
110010100011101011000010
101000001110000000011101
011110111000001111010000
011001110000100110000011
011001110110001011010100
011110110000000111000101
100101011100010000111000
101100101110010101100000
110111110100111101010010
000100111111000001111111
010000011111011100011100
011010000101110110101111
100010010000010010000100
100110110010100111011100
100101011001100100001111
100000001001000011000101
011001000100110111110001
010000011100101000110010
000101000100101100000111
110111111011010100011101
101011011001111110110110
100010101010101111111110
011110010010011001011101
011100011101101001111111
011100000101110010100001
011110111001000010001111
100111010101010100111000
110010001101111101110111
111011110100010111101100
000101011100110110101000
010000000101000010000110
011001011111101001011011
011111101000101000001111
100011110110011101110101
100101100100111011010001
100001000010000110110101
010110111111000001110011
001101000011011011000100
000011101111011110000000
111000010010110011110111
101110100111011101110101
100111110111001010101010
100001101101111100001000
011101010111111110000011
011011100001011100000110
011101010011001100111100
100011101000011000001101
101110001111000111011111
111011010000011100110011
000110110111100110011100
001111101001011011000110
010111111101101101000100
100000000000001001011000
100100001011001110000011
100100111000100001101011
100010100111011010101111
011011100111111110011110
010000000100001100011100
000010011101011001111100
110101111011101101101111
101011111000010000101001
100100001100110110010110
011111001010000101011001
011100000111001010100011
011010101011010010000110
011100111111100101000101
100011011010111101001000
101101101111101110100100
111011001111100101100111
000110101100101010100101
001111101111010001001011
011000110111001110001011
100001100101111001111000
100110000111101011100110
100100011111011111111010
100000100001100010000101
011011001011100001001110
010010101000001111111100
000110000101000001011001
111010001010111001100000
110001101000001011000010
101001100001000011011110
100001101111010001101011
011100110001001101010111
011100000010111101010110
011111110011011100101001
100110111110000001010110
110000011111001001000111
111011011001010011100011
000111100000100110101111
010011011111000111011101
011011000110101001001100
100000011010110111000010
100101000111000100011000
100110000001111010001000
100001111010100110101101
011010010001010100001011
010001101010001010000111
000110101111000101101010
111010110011000011100000
101111110111010010110010
100101100110111100100000
011101101000010010111101
011001101111000010000001
011001001010001001100100
011011000000001010100100
100000111010000111111010
101011000011111011111100
111010000011010010111001
001001000110100101011010
010011001000011110000110
011010111001001111011010
100001000001111001010001
100101010110011101100100
100111000010101100011111
100011101010000100000010
011011110011100000000000
010010000010111111110110
000110111100111000110110
111010111010100010001011
101100100101111101101110
100001100110000100101111
011101000111111000001100
011011001101110111010111
011011110110100101101111
011111001011111111001000
100101000101110000010111
101101100010000010001001
111001001011010011110110
000101000011001010101111
001111000110111000010110
010111101001000101010101
011111011101010111011101
100110000011011100101100
100111101000111100001000
100001010111100000010110
010111100001111011100011
001101000010111001011010
000010011010111110000100
111001000100110100100000
101111011000000000100101
100101001110001101010011
011100101010011110000011
011000001000001011111111
011011001001111001111010
100001110111000011100101
100110101110011111110000
101110000100100000010001
111010011000101011000000
000111001000110001000011
010000110001110111111001
010111111101001011011101
011101101101100000100010
100010001000101010000000
100010100011010100011010
011101110000001111010010
010111000100111000000000
001101111110010110000100
000011101101110010000011
111000111000000101111101
101100010101100010010011
100011001101010000101100
011101101001111000110101
011010001000001100101100
011010110000010110010011
011110100010011110000100
100101100000100111001000
101111001100001011010010
111001101111000101110000
000100110001011110101001
001111111011110011101011
011010110010111111111001
100010011010110101000000
100100100111011011100001
100011010110110001001000
100000110101000010010111
011011001001101110100111
010000110000000110110100
000100101001101101011100
111001010011001001101001
101111000010110011111101
100101000011111000100110
011101001101110111010000
011010010000101001110100
011001001101011010101101
011100000100111001100110
100100001100101010101001
101101110100011010001001
111000110011011110100101
000100110100011000011011
001111111000000010000111
011001110110111111001000
100010100100101111010100
100111000110010110101000
100100101001001010101010
011101110011000010100001
010110101111110011101001
001110101101100111001101
000100110010010001101110
111001010010111010000111
101011111101111101100100
100000101100011001001101
011011101111101110110001
011011000111000111110110
011011110010011110000101
011111010110101010101001
100110010101100110000000
110000011101100111110000
111100100011111000110101
000110111010101010100110
010000000010000110010001
011000100000110100010101
011110111101010111101100
100100000010011100001110
100110001110111101111010
100011001101100100001000
011011111110000100100010
010001001001100000100001
000100011010110001110001
111001010111000101000111
101111011001101010001011
100101010010000110101000
011100101101011111010000
011001001001100001010000
011011101000001010001001
011111100101100101100100
100110011011101011101110
110001100001011010100001
111101001100101001100110
001000011100000011111011
010011000100000101001110
011100001010110011100110
100001000010010101000101
100011001101010001000011
100100001111110100001000
100000111011111101100110
011001011000011110111011
001111100111101000010001
000101101000010011100110
111011111011100001000100
110001001101111000101000
100111111011011111110011
100001100000000101111010
011101011000010000111110
011100110111111011000000
100000000010001100000101
100101010000110010001011
101101110100100001000010
111001001001111110000001
000110001110011001100101
010010111110110111010111
011010100011000010100101
011111001101101010000101
100011111001000111100111
100100111110101110011011
100001101100000110101111
011010011100101010010000
001111101101110100010001
000101110111100111101111
111100100001010000010100
110001101001100101111110
100111000100000100111011
100000010010100010111101
011101011010101101010001
011101001000101011110101
011111111101101101000010
100101111111101111111001
101110110000111010011010
111001101000110111111110
000101001111011010110110
010001000001011001010010
011010101101110101011010
100001101000000101000100
100110000000110110010001
100100011111000101000010
011101111101111001011011
010110101111010111011101
001111110101111000010001
000111010100100010001111
111011111100011001011100
110001001101010101000110
100111101011110000100110
011111101101111101111010
011100110000000010100001
011100100001010011010001
011110001010010110110110
100010010010000111110010
101001011110001110111110
110100100100100111000101
000001100000101011100111
001110111001111010001110
011010000000001100110111
100000101010100101111110
100011000110001000111001
100010101000011001101001
100001000110110010100110
011011111000110011110101
010000110000110101001110
000101100100101100110111
111011011111111000000000
101111111010011100110011
100101001111111011111110
011100000111001100011010
010110101100110111010100
011000000001110001001100
011110001010100111111101
100111011101000101100010
110000101110110111100001
111001000100110011101000
000101001011110011111010
010001001001100110101000
011010100010111011111010
100011101001111001000011
101001000110111101100011
101000101110010100010110
100100010001011111101011
011101010110000011100010
010100000001010110110010
000110101001010111011111
110110101001110100111000
101010000111011110001101
100011010110110100110111
011111001010111011100101
011011111001010001001001
011010101100111001010100
011101010110100101111100
100101010110010100010101
101111110000010000111011
111001011100010000000000
000010010000000100000101
001011110101101001011011
011000011011011111011100
100011011000001101100000
100110011111011010111010
100010110110000110001101
011110001110010000000000
011001110110110100010000
010001011101101001000001
000100000010101111001100
110110111001010100101101
101100101100100000010010
100011111101001101001011
011110110011011110101111
011110101100011001001000
100000111110100101010001
100011000101010000110010
100110011110000100011000
101100110111111001011111
110111101000001100010101
000100110110111110111111
010001001000011011111110
011010011010010011100101
011111011110110001110000
100001101010000010010011
100001110011101001010100
011110101011010001100001
011000100010100001111010
010010110101110001010010
001001010111000010000100
111011101100100001101111
110001000101101101001001
101010001000111010111100
100011010111001101111001
011101101011001011011110
011011101011001101001101
011101110000001000100000
100100110101000111010000
101111111010001000110001
111011101111100110001000
000101101000010010111001
001110111101011111010100
011000101101110010100101
011111011110110011100101
100011011000101001101010
100101011010101000111111
100011001100000111010001
011101001111111101110101
010100001100011001010000
001000000001000110111001
111011011000110101010100
101111110010101011101000
100100000010000111011001
