111111001000111000100100
000110010101001111001111
001010111101110101010100
001101011110111110110111
001101100111111000011100
001111001010011011000100
001101001001000001011111
001110011010010111111100
001001101011111110011110
000110001001110000111001
111111000011011011100011
111110000000011011101010
111001100000001010010010
110010110110111000101101
101111000000011001001000
101110111010010001100111
110000110011100100011011
110010111101011101111111
110101100010011010111010
111011100010111001010110
111111010110000111001101
000010111001001010111110
001000111100101101111101
001100110101110011001010
010000110100010100100011
001110101101111100011010
001111010111010010000100
001101011000011110001001
000101111111011011001101
000101100101110011010000
111110011101110110011000
111010100010001001101110
111010100011111011010010
110101100001001010110000
110010000110110011011101
101111101111101010001000
101111011010010010011001
110011101100010110111011
110110001111000101100110
111000111100111100011101
111111111101110001001010
000011100010010100001011
001011001011011010101100
001100001100111001111110
010000010001111011110001
001111001001101101101100
001111010010000100100011
001101001100010011111010
001000111001000000110101
001000011000001010100011
000001010001111101100011
111100111110000100001001
111001111100111001011001
110011101011010001001100
110010011101001010001010
101101110011100001100110
101111001111111110100011
101110110010010001000110
110101010011111010011011
111010010101011000011111
111110110100100100101111
000110101110100101000100
001000000010100000100101
001011101110101111001100
001111010111111010100011
001110101000111111111010
010000000111010011000100
001100011000110110011000
001011100110010001001001
000110001000010100000111
111110110111000000000100
111100010101111110000110
111000001010001101111000
110100100011110001110100
101101001010011001010100
101111001011011001100001
101101100110011001010111
110101101111011010011010
110111001010110101101001
111010101001101000000001
111110001010100011111001
000011110100101010011100
001000010111110011000111
001110001100011111110110
001111101110001101001011
010010000010100000000001
001111000110010000001001
001001010000100010110010
001010111110110100001000
000110100101001111110111
000000001101011110010000
111100000001001101111001
110110100101011010010000
110011001100100101010010
110000100110010110000100
101101110100100100101110
101111100001100011011000
101111010100010001100011
110111001111110111100111
111010000100101110110111
000000000011010110101101
000110000100100010001100
001000000001010110011000
001100011110110111110000
010000000010011000111010
001101100110101001101100
001100111001000111011101
001011101010011111111110
000110110001100001100111
000111010111011100011000
000001001010101001111100
111011011000111100101101
111000010101010001100110
110100000011111100000010
101111011000100111000100
110011000100011000101011
110000111100000110011011
110011110111011110110010
111000001111000010110000
111001100100100011001100
111110100100111100011110
000011010111110000000011
001001010110101011011101
001110010101011001001111
001101110000001101001000
010000000011100000111101
001110110100010000011001
001011010000001000111001
001000000001101100011000
000100011000001110101100
000001010100111100010001
111010011101110011101010
110110101100011010011111
110011111100101101011010
110000100000000011101001
110001101011010101110000
110010011001111011011111
110001100010011010011010
110110100101000000110000
111010011111100100101100
111101010011101011001000
000011010000111110110110
001010100000100001101110
001100111101001100011110
001110011111000101100111
001111000110010010000101
010001100011000011001101
001011011000010000010111
000111100110010000101001
000100111001010011100101
000010100010010010000000
111001101001100111101111
110110111110110011110000
110100001001111101101101
101111111000000001110010
110001100101010001001100
110000001001110100101011
110100011010111100001100
110111001011100000100100
111011010011110001011000
111101001011000110111011
000101111001101011010101
001000100000110010100100
001011000001101111000001
001011110001111111101100
010000010111000011111110
001111110011110011100010
001001111011110111001000
001001011111010100000011
000011110100101111000111
000000010110010001010100
111000001101010100110001
110111011011010100111001
110010011111001010011000
110011111101010101110100
101101110101110001011001
101111110001000101000110
110001110010111000011000
111000110010001101000000
111101010111010000101000
111111001011100010010101
000101011011011001011110
001100101011011000100010
001101001110001011001111
001111010100101011000011
001100110001001111100101
001011010101101010101101
001111000001101110111101
001100100000111001001001
000101010111000111010001
111111011001111011111111
111010001000010010011000
111000010000011011111101
110110000001101101100011
110010011111000100011101
110010001100111101010101
110001110101010101100110
101111011101000110110111
110100010010111010101010
111101011010111001100000
000000100100101001000101
000010110111101100000011
000101111010110110101010
001110100011101011111001
001101011000000111111010
001110101100010110011101
001111011101000000001101
001101110101010101011111
001011001011100111011001
000100000110100101010111
000000010001101111110001
111001110001010011111111
110110000100000000100100
110100000101100011010110
110001101111111010010101
110010001100010111000000
110001011000111111001101
110011011010000110011001
110100100100101001011010
111010010011001110111110
111111001010111011110100
000011100011001010011000
001110001010110101100001
001100011011010000111000
010010011001000001100100
010000100110010110001111
010000011011001010100011
001100111101011010001101
001001110111000101111011
000100111000110011101011
111110111101111100101000
111100001001100000111001
110101011011010001010101
101111111001100100000010
110001000011000001010101
101100001110010110111111
110010111000010110101100
110100101110111001101110
111001110101101001101111
111010001101101100110010
111011100111110111111001
000110101001101101101010
001001000001111001010001
001111011011101110111110
010011111000110001011010
010000110001101110010010
001110011011001100001011
001100100101011001101100
001010101011010111001110
000100000011101000001011
111110100110100111000000
111011010011011001100000
111001110011010110011101
110100101111001011100101
110000111011110010111101
101110101011111010011001
110001011101110010010110
110101000101011001010001
110101010100001110000100
111011001000000000100000
000001011111001101110011
000110101110011000011100
001001111100010110111001
001110001100101111010011
001110011110111011100011
001111001101111111010010
010000100110101001101100
001110000010111111011001
001011011100101000101011
000101110111101110110101
000000000000101010100011
111011000100000111011011
110111100010011001110111
110011011000010010000100
110001101010011010010011
110000100011011010100100
110011110101001110011110
110010110011011001001101
110101111011010001011110
111001001100010010001000
000000011101110110100000
000011000110000010001111
001001010011100010110101
001101011000100110001000
001101101010100011011011
010000101011110000001100
001101100011110001011100
001100001010001110010101
001010101000111111001001
000100001110100000110010
111110100001011000000010
111011001101101111111101
110111100101001001110010
110000010110001101100110
110001010111000100000111
101100111101111110010001
101111010111011111110100
110011001100011110100101
110110110110000101010010
111011011011111000001111
000000100111000110011101
001001100011100000101000
001001100000011000101011
001100101000100001011010
010000100000100011111101
001110111101010011001111
001110110100101011011110
001011011101001010011001
000111111011100011101000
000101111110110100100100
000001100001010100111101
111100001111100110110001
110110011010100110101110
110000010110010011001100
101111001100101101101000
101111001000101100110110
110000111001101010111000
110011101101110110010100
110111111110111000101010
111001110010110100010111
000010010010001100101110
000110010101100110111000
001001101001110010010101
001101101001101111011000
001111000100010000010111
001110101010100111010111
001110110011000010100100
001101100111011011110011
000111011011111100110011
000100000010011101000011
111110111010010110101001
111001010001101001011010
111010001011010001001110
110011101010111110111111
110000101111111101010100
101101010110000001010101
110000101110011000010000
110010111100101001100100
110101000011011010001111
111010101010111110111000
111111110011110110010001
000101111110101001101011
001010011101011110011011
001011010100010010111011
001111000100001111111100
010001000101000101111110
001111001110110111110101
001110110010000001111011
001010010111001100101111
000011000011110111100001
111100001101001011101001
111100010100000110001011
110010111111001111010000
110011100010111010000001
110011110101011101110011
110000011100111001111111
110000001011111100010111
110011011100000011101001
110110010011011001001011
111011011000010101101011
000010011111111011101100
000100001000100100011010
001100000101010010110101
001110010000011000110000
001110000110011001011011
001110100101011010000111
001101100001010110101111
001100001000001001011111
001010001001000110010100
000010011100011000011111
111111001110010010100111
111101001000001110010011
110100101010011101111111
110100001011100101101010
101111101101110100111110
101101101011001100101110
110001100101101100010001
110100001011000001100000
110111010000100011111001
111100000110101100100111
000010111001001000010000
000011110011111010010101
000111111100111001001101
001110010001100111110000
010000110111000100100111
010011000111110100010001
001110111110111100100110
001100011111100000100100
001010111001000011101010
000011101111010010010011
000010010001001011010001
111100010010111011000111
110110001010110010111010
110100101010101100100000
110001101010000101010100
101110010100000111000111
110010110101110001001110
110011000101001101111110
111000000000001100111100
111010010111101101001011
000000111101100110011101
000100101110110010110010
000100110111111101010011
001111111011001100100001
001101100010001010111101
001110010110010001011101
010001111010010000000110
001111000111101000000100
001001110000111000011100
000101001111101100001100
111111111000001101101110
111001111010100010001111
110101101100110110110001
110011100111110110111110
110011000010010111101110
110001111110001110000100
110001100001110011010110
101111100011001001101100
110110100010100101011001
110101111000011101001110
000000000110010000011111
000100100100100000011011
001011011010010101100100
001100000001100100001111
001011100100010010010011
001101110101011110101001
010001000111100100011111
001101110101101110001111
000110100000010010001001
000011000011111101001111
000000101010111011000000
111001001100011111000111
111001001001010101000000
110011101000110110001110
101110101100001001010010
101110100101010111100001
110011011001101010010011
110010000111000000010100
110101100101110100011100
111100001000010101110000
000011101001011111111111
000111100101111001110011
001010011100010100000100
001100001011010110111001
001101001101001110011010
010001001011010101110101
001111100100111100010111
001100101011011011000011
001011000001100100011000
000011001010101111010111
111111111110010101010101
111000111010000001111001
110110011011011010001110
110000001101001010111010
101110010000001111101110
101101010001110101100001
110001101111101111001010
110100100010001101010100
110110111000011100000001
111101000101000001001100
111111011001100001010011
000100011101001000100010
001011010001111010110001
001011101011100110111000
010010011011011011101001
001011000101011111011111
010001101011100100010010
001011001001001010101101
001010000111010101101110
000101001011010111110010
000100000111100110000111
111001100011001111100001
110110111011001011111101
110100000101101010111001
110000110110100000011011
110000011011011011011111
110001100001100010111111
110010100001100010111110
110111011000000010001111
111011011010101110000010
000010100100001010010011
000001001011010111001111
000111011000000100001100
001101110101010101101011
010000111010000111110001
001111111000111001001000
001111101100101100111000
001100010001101111010101
000111100110011110011100
000100110010011010100100
111111100000001101110011
111011010110111110100000
110100110101101001110001
110100110000001101110100
110011000011101000000101
110000010100101011001001
110000111010101001110100
110010001101011011101111
111000010100111011100101
111011101110101100111101
111111000100111110101010
000101110110010100001000
001100001110011001101100
001110111100111000101001
010000011011100110000000
010000111100101001010001
001111000001111100001010
010000010010000110101100
001011010100001101101001
000011100110000001101111
111101111001011001000000
111010001110010110010010
111000000101100111000000
111000001110111010000110
110001011001001010110111
101111011110111101110001
110100001010011001101111
110100110111110110111010
110111010010111010101101
111011000000001010110100
111111110001000110010100
000100101011000001101000
001000011011011001111101
001111001010100100001101
010000110100001101101000
010000010011001010100110
010000111010011110100100
001111110110101010101101
001010111000111100010011
000100000100011111100100
111111110101110000011101
111001101111110000010011
111000010000110011011010
110011011001101110101111
101110101100001000001110
110001000111111001010010
110001000000010000101111
110010100010101010000101
110110000011011110110011
111011111001100001000001
000000000110001101111001
000110111001110001010111
001001011110110111010110
001111011011001000010101
001111101101100010111100
010000001001000011011100
010001110010100010001001
001100011010110001110001
000111101001010110000011
000010110101001110000110
000001101110011100011101
111011101111101101100011
111000000001001000001000
110000101110110101100001
101110101111011111110110
101011000111000010000111
101111111101001000000100
110011100100011010111000
110110000001111100100101
111010111010000111111101
000010100011001010101100
000100001001111100011101
001001011110000011110100
001111010001101011001001
001110110100101010100110
010000100111100101010011
010001011011101101101010
010000000001111010011111
000111101111110010011010
001000000100000010111010
111111111100101001101111
111010100011100011000011
110110100001010111000010
110101110000000000000100
110000110000001100011000
101111011100010000001011
110001100000000010111101
110010000000001011000110
110100011010110011000101
111001010011111111100000
111101111111011001010110
000011011010111011101111
000111001100100001101101
001101011000001100001010
001101010001010111100010
001111010100001000110100
010010010000100100001100
001100110100000110011101
001011000011101101001011
000011001000101101001111
111110111101110010101101
110111110010011111110000
110101001111110010001000
110010001001110101011010
110000010000011010111011
101101110111001001101111
101110110110000011010001
110010111001001011010000
110100010001001011110110
111010101100010111100011
000000000000110111110011
000101101100011110001110
001000010100010100100001
001110011000111010111110
001111111111100000100001
001101111010101111100001
010000010011100000010001
001110101110110110000111
001010000110100111100010
000110010011010111101101
111100101001011110101001
111001100100000110011101
110101100000010000100010
110011000000001010011111
110001100011110111011010
101111010101001000010011
110000100011000011110110
110011100011100110011111
110101010010010110111100
111010011000010000100011
000001010010011011000000
000111110110011010000101
001001011110101111001001
001100111111101000111010
001100001110010101111000
001111110010001001000011
001111010110111110010010
001100010011101111000010
000111111011011101100110
000100100100010000010011
111101011101100011110100
111001110000010100000000
110101111011001111001100
110010001010111010000100
101111011111000111000010
110001100101010010001000
110001001110110001010101
110011110010110001000100
111000010001100101000011
111011000011000101100111
111101110001001011010100
000101001011100111100100
001001110111000010001111
001110010001101001111111
001110110110110000000011
001110011010110000100111
001110010110000110110111
001011110110000000100000
001010001101101001010001
000101001100001101101011
111111010010110000000101
111100111111101100011110
110111100000101110011100
110010110100001010100111
101111011100011011111101
101110100011000100100000
101111100011010010110010
110000100010111110100011
110101110111100010100111
111001100011101110000100
111111010110101110111110
000111110110000101110100
001000100110001101110110
001100111110011110111100
001110101010110011111000
010110110011100001100110
010011000110110111010000
001101010001110110101111
001100100010001000000000
000011110000111110101111
111101111011001000011000
111100010000010111000011
111001010001111010100100
110011010110001000010110
110001001000001000111111
101110011001100111100100
110001101001111011110000
110000000100101010000110
110101011111110111100111
111010110100001111110001
000000000011000111010100
000011101000100011100001
000111000001001000101100
001101101011011010001100
001110101110011110101000
010000011001110001010011
001100010000001000110100
001100110111101011001100
001001100101010011011111
000011000011110101100010
111111001111000110011100
111001001001111011011010
110100010100110101010100
110100101000001111001100
101111101101011111010100
110000101110000010011110
110000000110101101100111
110011001011100100010101
110111000011011000110001
111010111001011111000101
111111011001010001010100
000100100100001101011100
001100100101001011001110
001111000100111101111100
010001010001011010001000
001100110001110000000011
010001110000111110000011
001110010111001110000010
001000000010110011000011
000001010000100110101100
000001100000111010010011
111011001100011110111011
111000111010000101000111
110000011110101010000100
110010101101001011100110
101101111100010000111110
101110011000001001000111
110010000000110101110010
110111101011010001011000
111011111111111011001100
000000001100000010101100
000100011001001101110100
001011011100110111011000
001100010011000011111111
010000101100001100100100
001111100111110000010000
001110001110100101100010
001100101110111110000111
001000011000010111110011
000110000101001011011010
000000000000111011101100
111001111100111111101011
111000010100111011100000
110010011101100110000011
110000111000000000110011
110001011000000110010011
110001011011000110011110
110001010100000100001001
111000010110111100011101
111011110111100101110100
111110111111101010011010
000011110111111001011010
001011101011000100110011
001101100010000001011011
001111011011101000110010
010010000110011101100100
010010110101000001101011
001010101011010000011011
001000001111100011001010
000011010000000101011011
000000101011101000010000
111001100010111101001001
110111000001111100110000
110100010101101110101100
110011001111111000001111
101111100111000010110010
110010011011101000110000
110001011001101110000000
111000001101110010100110
111001000000000000011100
111111011111100011111000
000110011110100000001110
000111101101010001001001
001011101111110110110010
010000101100101101100111
010000010000111001111000
001111111111100001010010
001101111110000101000010
001001101010111111001101
000011100101001001011100
111110111001010111000110
111000000110110110000011
111000010000000010100010
110011010101101001000001
110000010101100010000100
101111110110111001111010
110011010010000110111100
110000001101001011100111
110110110101010111001100
111011000100011110111101
000000011001010110111011
000001111001111000101000
001011011011101001110001
001110000000101110010010
001111110000101101011010
010001010101111101101111
001111110011101111010101
001110001001011101000011
000111000101101000110011
000101010001000100010001
000000001110011100010100
111010111000111000010101
110111001011011110010111
110110001110110100011010
110100010010000001101011
101111110111101100101110
101111011101000101010101
110100011111101011110010
110111101001011101101001
111000010100111010010110
000001101011111101110000
000110011000001011110010
001001011101111110011010
001101011100110011100110
001110110010010010011000
001101001000001000011100
001110101011101111111100
001111000000001011001011
000110101010111100010111
000100100001000001010010
111111100010111010110110
111011010101101100000101
111010001000100001010011
110010010100111100110010
110000000010110101111001
110001111110111111101101
110000100001100001101111
110010100110110101011011
110110001101000101011010
111001110010111100100000
111110010001000011101101
000100111100000111111001
001001010001011011110000
001110100011010101010110
001110010010100110100011
010000010011000011100100
001111101010001000010101
001011010110000000010011
001010001110001110011101
000001110001000111000111
000010001010100111100000
111001001101101010011010
110101111100111110111110
110000111011111101011010
110010010100110111101110
110000010111101010001110
101110111001011100111110
110100001011111110011100
110100100110000001110010
111100101011111010100000
111110100110100010101110
000011001100110110011111
000111011011111001111101
001100101111011011110111
001111100100011001010111
001110010110110001100100
010000111011101001000010
001100101101001110010001
001001100001110111100110
000100101010001000101001
111111100000110010111101
111011011100110001100011
110101101111100111111011
110001110001111101111000
110001100101000100111101
110010111001111011110011
110000010100100010010000
110001001110011111010100
110111010100110010111010
111010011011010001011001
111011001110000001011100
000010011100011011101000
001011000010100011011011
001101101001011000100000
001100101111110111000010
001111000001001010100001
001110010111000100101010
001101110010111101100001
000110110001101100111010
000011010110010100000100
000001100101111100100011
111000100001101010101100
110111011001010111100001
110001011010010101100110
101101111111011110000101
101101001010100100101110
110010000000100111011011
110101100010001101001101
111001101100100011100111
111010001001011011100001
000000011110000011111011
000011101000111111100001
001000100101101100110111
001101110111010100010101
001100011011111100101000
001101010110011000100000
001101000011101000100010
001011101100011110111101
000110111100100101111010
000101011011000010001010
111111100000111110010101
111110010010001010101001
111000011000100111111001
110010011010111111000101
101111000011111110111111
101111011111111101011110
110000111011100010011110
110001011000110100001010
110111000110011110101100
111010011100101110101011
000000001101110111000110
000100011101101010101011
001000101101111111101100
010001010111101000100111
010000111111011100001110
001111000100101111110010
010001001010100110001011
001100110011111000110000
001011010010001000110101
000101110111100000111010
111111101000110010111001
111000101010110000000110
110101000111000000111110
110011010011110111001101
110001010111101100000001
101111001100101011011001
101110101100101001111100
110100100011101011000100
110111111001111000011011
111011010000110001111110
111110000000100111000001
000011100100110110011110
000101111110100101100000
001111000011010101110011
001100100001101000101111
010000011000000011110101
001110101111010011011010
001101001011101011101100
001010001001100000010010
000111000000111101100111
111111010000111100100000
111001101101000011110010
110101010010011001100111
110100100000011000010000
110011001010011011011110
110000010110000001000001
110001010110110110000001
110011110111001110110100
110100110111010010100110
111110000100011001110111
111111101001001000110000
000100001010100100100010
001001011111010110001011
001011000101000010101110
001100001000000101010011
010000101111010011110000
001110001110111000001010
001101101000011100100100
001000110111011011011011
000100001000111010110111
111111000010001101011100
111001110111000001100000
110111111110001001011000
110001111011010011100100
110001011000100000100010
101111111001010100110010
110010010001111000111001
110100001111111111000001
110111101101111100110001
111010000001000000001110
111101100101010110011000
000100001111101100011010
001010000110011000011011
001001101001010110001010
001111001011110000010111
010000010001110111101001
001110010010000101100011
001110001111010111110000
000111110011010100000011
000011001101000011101111
000001000000110110100100
111011000001110010010101
110111101000010111010100
110010101111111110010001
110000001110011001011101
110000101100111100100111
110000100100110000111001
110011010001110100111000
110110000011011011001101
111000001101011010011101
000011111010110010011100
000010011101101010111101
001100001000100101100011
001100101011000000001110
001110011111000110100000
010000011000110101011110
010001101010110001011111
001110010001101001001011
001011011010110110110101
000101111100100010011001
000001000110100011010100
111110101010001011000100
110100100100011001010110
110010111111101001110011
101111000101011110010011
101111001010011111000101
110001111001011111111011
111000011000001010000111
110100111010111010011101
111011011000010111100001
000001100111101001101111
000011101110101101011010
001010101010010100001010
001100010011011110000111
010000010011110000011010
010010000111001010101110
010010010001000011011101
001100110001110010001110
001010000111101000100000
000110100011100010111111
111111000101100110100111
111100111101010010011011
110011111010000010010100
110011011101010101101001
101111010111000111111101
101110001010110010110000
101101011110011110110000
110100000011011110111101
110101110111000100001010
111100000010110101001011
111101101011101000001000
000011101010011110000111
001001100110110111010000
001110101001111000001001
001110000011101101100101
010000101000101000111011
010000111101101100010101
001101110101101001001110
001000001101101000011100
000010101100110010111001
000100000101011100010100
111011001011100000110100
111010010111001001001000
110011101100000000001100
110001011001110100001001
101111110101010110110110
110000101011111011011111
110011101111011101110000
110111111101010111010010
111101001010011111011101
000000101000100000111001
000100100111001110001011
001001000000100000010101
001110011101001101111001
001111000010010111011110
001111011100100100001110
001101101000100110101001
001011101010111011100000
000111111101011001001111
000011010000110101010000
111100000010010101011100
111011111100001111000101
110110000110000001101010
110011100001111001101110
101110001101010000011011
110011000110101010011100
110001110011101100101111
110000110101000000000000
110101101111101011011100
111110000001001110100111
000010011100011001101010
000100101011100010101101
001010101010000000011110
001010110010111011100001
010000001110111011110001
010011001110000000111111
001111101110100011010000
001101101110000001010100
001001011100000000100001
000100011100001011111100
111110100111001011001011
111010100101001110110111
110011101100010000010100
110101000011100011101110
101111101111111100100110
101101011111001000100110
110010010101100011101000
110100111110111010110111
111000111011111001101000
111101100100000001100111
111110110101010100000011
000100011011001110101101
001010101010011000000100
001111011001011011100101
001100011101001000011010
010001011111011000101111
001101101010011110011110
001011001001110110101101
001001011101101111111111
000101101011111001011000
000000100110100100111000
111001001000110000000010
111000001110110010111110
110010001100110101010011
101111000000001011111100
110000101101001010110100
110100001011000001000100
110011101010110111011110
110111110101000100111011
111100011000110010100011
000000010100110011111101
000011011010001010101100
001001000101001100111100
001100110100111110001101
001101101111110110010001
010000011010110000000000
001111001100100010000111
001001000000101010001110
001000101100011011010101
000110011001010111011110
111011010100100100101110
111011110001000001111010
110110100011101011100001
110010111101010100111011
110001100010010111001101
110001101110110101011101
101111111000110100110101
110011111110100010101111
110111000101111101100100
111001100100101010010100
000001111010001110100010
000111001101011101001100
001001111101001110000010
001101111101110001010001
010000010011000000001101
010000110101011101000101
010000011000100000000011
001110101000110101101101
001001110110110000111101
000101101010110110111101
000000110010101010000010
111000011001111001100100
111010001010111111101101
110100110100011000010101
101101001000001010011001
110000010011000110001000
101110001010000000100001
110010011111110101001001
111000100101001111010010
111101001110101000111001
000000000001101101011101
000011011000101010000000
001000111010110010010010
001101011010000110011101
010001110000000011011100
010000010101101100111101
001110001100100101011111
001101000101101001011100
001001101100000000010001
000101101100010000111000
111110100010011111011010
111011011001011001100000
110110110010000111100110
110110011100001101101001
110000000110010000101111
110000011001111001101010
110011100110001011100110
110000010110101010001001
110111111010101110111001
111100010011101110111101
111100001000111110111111
000100010110100111100001
001010110010101101110001
001010010000110110000001
001111100111000010011010
001111101100100001110110
001111011110111010011101
001001100100001100101100
001101100000010110011011
000111110001110001101000
000010001011000010010001
111100011111111101000111
110100100100100100011101
110100001010011111000101
101111110011001001110010
101100100110011001001100
110000000010011010010011
110010111110011011000010
110111100011001110001011
111011001011101001011000
111110111011010100100010
001001010101100001110011
001001000010110000000110
001011001111010111111011
010001010100110101111110
010000101111001101010011
001101001011001110001111
001010001010001111100110
001010000001000000110111
000101010111001001111011
111110010001011100010111
111111010010100001000101
110110000001101100111111
110010101000000000001000
110100011001101110001011
101111011001100100000101
110010000101010111011101
110010011000011111001001
110101100011011101110100
111100111011100111010101
111111101001000111111100
000111011011100010100000
000111101010010111110110
001100000001011111000110
001011101001010001000011
010000111100101011111101
001110100001011000011110
001110101011011110100010
001001010001000001000100
000110010011101100000100
111110111110110111100101
111011111011001111000010
110111011001001001010100
110100010100101001010011
110010100010011000111010
110000010101110101001110
110001101001100100011000
110001101010001110000101
110010110000001001101110
111111000100010010101001
000000010111001011110010
000110010101111111100000
001001011001000100111110
001010110111011111110110
001111110111100010011100
001111101000100111001001
001110001101011100100100
001100111010110110100000
000110110111111011100001
000101010001001110110101
111110101111011100101001
111100011010001010111110
110100101000110111110101
110010111011011000110011
101110011110100111101100
101101011011100010101000
110000010100001001110101
110010110110111001011110
110111001110010011101110
111001110101011110010000
000001010001101001001100
001000001100101000010001
001011101011111111110011
001010000010100100011000
001111000101110010111000
001110111000100101100011
001110100101000111011011
001111100010100100000110
001000111011111111011100
000100111100000101110000
000000011000101010100010
111011111000010110111110
110110111111101011100100
101110110001001101010100
110000011010001001010110
110000000101110010101110
101101100101010010111001
110010101101101111111001
110011010000011010010111
111001010011111010111100
111111100101111111100001
000001001111101001100101
001001100111110001010000
001110000110010001001001
010001010110110000011110
001111011110010001101111
001101001111100111111101
001001010111110100101111
001001110000111011100000
000110100101111000001011
111101011011111101111110
111101011111100110001100
110100000110100001111001
110011001101101000011101
110010100101111110010111
110011010100000010011111
110001111111101011010101
110101000110001011100000
110101101100111011000111
111100100101010000000101
111101100001111011101101
000111000000010111001100
001001101010100011101111
001111000101110010010100
001110111111001001110011
010000010000001001011101
001111010010110110011100
001110000000011110001100
000110110000111111001110
000010100011001000001001
111110100010000000101011
111001011010110111101010
111000101011000101111010
110001111011111011011000
110011000011001001010011
101110111100101001001100
101110010110001001100110
110100011000010001111011
110110111000100011000110
111011000011001110100010
000000000100111101011111
000110001110001111111011
001000010100001110101000
001111100000001010010011
010001100010100001000010
010000010101100100100011
001101111001010100000100
001101100010111011001111
000111011111001000110001
000011011011001110011100
111110001110100111010000
111010111100010101010001
111010000000011000111001
110100000100011100001100
110010100100010101000101
101111100101000000100000
101111110011000100100111
110010001100110011010101
111001000000110011001101
111000101011001101001110
000001110101011101000101
000101010111110000000110
001001010011110000111010
001101111011001101111100
001111001001001001110110
010010000011010100101101
010001111101000010111100
001100011111001101110110
000110111100001111011001
000101010010011001111111
000001101101001111110000
111001110100000111010101
110111001011011010100010
110100000000110010010000
110001100101010111110001
101101100010000010110101
110001101110110111011001
110101010100000001100100
110100110001100100100000
111001111100100101001101
000010010110110110100001
000011100001110000111110
001010001001110110100111
001100111010001011001110
001110100111000110110000
010001101000010110100111
001110111010110011110101
001101000001100010001111
001000100100111001100111
000101001010101100010101
111110000010111100101100
111010101000100011001101
111000101001100101100111
110001001111110000010111
110000111100111001010011
101111000011010011010100
110010010010010010101011
110001011100101011101101
111000001101011001111001
111010111001011010000001
111101111011111101000011
000010111110100011000011
001000000101101000101001
001101000010010011000000
001110001111111111011110
010000111011011100110000
001110111001010010110010
001011100101001011100101
001010011100110110011001
000101101011001010101001
111110100111110010100110
111001101000110000001010
110100000001110001110101
110100000010001100100010
110001100111101100000101
101111110101000001001010
110010111010000001000010
110100011110001101001101
110111001111011110001010
111100111111001001110101
111110011110111101110000
000100010011111100011111
000110111101010100110011
001011110001101001001010
001111010100101011111011
010000110101101111111011
001100100100110110101010
001011101011001000000011
001001010000011110010101
000101111100111001010001
111111100010111100100100
111011000110000100010111
110011110100001111000101
110001100001100011010101
110011000111110001000101
110010110011101011111010
110010001001111110010010
110101000010001111000100
110110011011110011110111
111011001000100110011111
111111111101000110111000
000101110011000000010011
001000011100010011010111
001011101011001001010110
001110101011100001111111
010001110010100011001110
001101010100011011010010
001101011101000100100110
001010111000000101011110
000010010111000000000101
000000011111110110010011
111010110111001100110000
111010000011010110001001
110001111010000111001001
110001111010101000100000
110011011001111110101001
110010101010010111101111
110011010010111001001010
110110100101011110100110
111011111001110011101011
000010110010110001100000
000101011010011010110010
001000001101100101101010
001111111001110000010100
010000110011001110011000
010000111110000100110100
001100101110110000100010
001110000101001010111000
001000110001110000111110
000101110000010001111001
111110011000110111101111
111011100000111110111101
111001010110011111000101
110110101010110011101101
101111101100011100110110
110010011010100001100101
110001011100110000110110
110011010011100111000000
110111001100010100111001
111101010000001111100001
111111010111011110111110
000011011111001010001011
001010001011001000010001
001111011010110001110100
010001001111011001000110
010001001010101110000011
001110101110011110010001
001110010010110101011100
000111111101110111110010
000101001100111101111100
111110000001111001101001
111010000011101111110101
110101110110100010110110
110010100000011011001010
110001100111100001100100
101111011010111010111100
110000100000001001101100
110001101100100111011011
110110000000101100101000
111010101110100111010011
111101101011110011011010
000101010000010001011110
001010010111111000001010
001101101110101100110110
001111000010010110100011
001111011000010110000011
010010011111111011110011
001101000101011010011011
001001001110110110011111
000001100110101011101101
111111100110100011100010
111010101101101011110010
110110000101010011011110
110011010101011100001111
110000111100011100111010
110000011101111011010111
110010001010010000000011
110101000101011010011111
110111111101011000101101
111101010110100111011011
111100100100100111110011
000011100011111000111011
000101011110011010010101
001101010000110011100010
010010110110110010010101
001110100000010000011011
010001000010100011101100
001011100010110011111111
001011011111011111010111
000100011110011100001111
111110110100010001011010
111010111110011111011101
110101010111100101111001
110001110001111000011110
101111001001010010000101
110001100011000110100000
110000111111100110011101
110010100111100010000100
110111010010010000011001
111100000000000110111111
111101101101011010011110
000100010101000100010010
000111011111110101001111
001100000110100101111010
010000100101000111111001
001101110011010110011111
001111010010111000100001
001101101111000101010111
000110101101001100000010
000101001001110011111100
111101111110111001001111
111101001001000010001101
110110100011101010011101
110101001101011100110011
110000111111101100111110
101101101011111101110011
110001000111110000001100
110100101001101101011111
111000101100000101001110
111001001100000110111100
111110010101011011111110
000101010001111010011110
001001000010001100101010
001111101100100010010010
010001111000100100000101
001111001110110011110111
001110010010000000111100
001110000001001101100101
000111111110001001111011
000111010101000111011111
111111100011000010110001
111100001110101011010101
110011111010010110010011
110011011010001100001001
110000100100001101100101
110000001111111110110010
101111101001001000000110
110100110111000100001000
111000010101001011001110
111001100110100001110100
111110110001000010110100
000011000110010001100101
001001111000101010011011
001101010010100111010011
001111011111000001000011
001111000011000000110100
001110100110001100010000
001101001000010111101010
001001011001010100000110
000110101111000011100100
111110000000101011111100
111100001110010011100010
110110001001110111011111
110010101110010001101010
110010001001111101111000
110000010000000110000101
110010110001100001101000
110000011011001111011100
110100011010010010101010
111011111101011011110100
000000101000100111011111
000011011100000100101000
000111111000111011111101
001010100011000110010100
010001010111111011000000
001110101001101100011010
001110011110100110010011
001011110101100010101011
001000100110000001101000
000010111101010110000111
000000001000110001011100
111000011111011000110110
110111001110110000011101
110001100001110110111011
110000111011011101100001
110010000100100010001101
110001101100001001110100
110011001010110000101111
110101110001100010010101
111010100010000101111001
000000010100110111010111
000111000010110000110100
001010000100111111100000
001101100111101011010100
010000010010010001101011
001111110111000100101110
001100110110011100100000
001101000101101100000110
001101101100111001111110
000011000101110011001000
000001001111100011110100
111010001010001101100010
110110110000001111011100
110001001111010010001000
110000011011100001001110
110000001011010010101100
110010011111000001100101
110100011110000001000010
111000011010110100101010
111010010111010100000001
111111000000011010101110
000100011101010010011110
001100100011011011001101
001111110001110000110110
001111010110110010100101
010010000001110111101110
001111010001000011000000
001101011000100011010011
000110100111001010010100
000110111000001000111001
111101111011111101011111
111100101011000000000111
110111011010101010110001
110011011111001101101010
101111100100110000111000
101111010101010101001001
101111110100101011100111
110010011101010110100100
110100111010100101100010
111100100100010100001000
000000010001001001000110
000011100011011001110111
001001000001100010000101
001100011110100101000110
001111111111001111010000
010000000010111100110110
010010000100010100010100
001100111011011001000111
001100000001001011110001
000110011101111001101010
111110100011111100001000
111100111011100101010101
110100100111100011101010
110100110110100100100101
110000000100100110000101
110001111011100111001101
110011000110000011000000
110011111010010001111011
110111100011000111101110
111001101011000101111011
111110010110010000101101
000100110011101111010111
001000011101101001101010
001101100110011000010010
001101110010101010011010
010010100010010110111001
010000011011010001010111
001110101010111111001100
000111101000111000101101
000110010110101111101101
000010010101111100001001
111011000001010001110010
110111011100010111101011
110100111101011100101101
101111100000100010011001
110000000001011110111100
110000000011101110100001
110000111101110111101101
110110001111101111010110
111000111110110001010101
111101101001100101000000
000011101100110010011011
001010011100010110001110
001101010001101010110000
010000011100100010100111
001111101000010111001010
001101100101100110000101
001100111111011101110101
001001001011100101101101
000010000001110011100111
000000000110001101010011
111011101101110011010011
110111001110010100010001
110001100100000000110100
101110011101101001100011
110000111000110000001000
110000101001101010010101
110000111010011110010001
111001110101010100011111
111000100100101101110001
000000101111100010011001
000111001001001101010101
001000100111110111110011
001100001010000010101110
001100101001111111000110
001111010010101001100101
001101111111111101111001
001110000111010100011001
000110111100101010010100
000100111111111000000100
000001101011101001110101
111011011100001011001011
110110000000100110111101
110011110001110011110101
110000111110111010101000
101111100010001010001001
101110010000101011111001
110100110000011000011110
110110010011010111011001
111001110011000101101011
111111010101001000000000
000100100001111010000111
001010011001110111000001
001101111100111001111100
010001101111101110010001
001110010010001111000011
001110111111001101101101
001100110111000101001001
000110000111101101011110
000011101001011000110110
000001100100000111101111
111001111010110100110110
110110110010110010101011
110001111011101101010111
101101010000010101110011
101110100001110110000001
110010010011000110101110
110011101011100000001101
110111011001110010110111
111011000000010010000001
111110100101011100111000
000101001110001011101000
001001001011100010111111
001110001100010101001100
001110000100011110001001
001111111101111111011000
001100100100010010110011
001100010101010110000011
001010110010000110110011
000100110001101011101100
111111010011100110110011
111010010000101111001101
110110011010110111000101
110101101010010101111000
110001110110101101010110
110001000111111101010111
110010011101101010010111
110001011011001100001010
110111111010011100100100
111010111010110001110001
111111000101111111010110
000111110111100011111100
000111110001100100101111
001111101001100000100101
001110111100001111110010
010000101010111100110111
001111111001101000111111
001110110010001000110111
001001110111100000111000
000101110101110100001101
111101111110111010000000
111011001100101101110001
110101101110000010011000
110101100101000001001011
110000110101101110011100
110000010101100101000010
110000000000011000001100
110000010111010011111001
110111110111001100100000
111000000101101011110000
111110111100001111100110
000101111101111110101101
001000101101100100100110
001010101100101101000010
001101110000101011101100
010010011011010011001111
010000010011101111001001
001011101001011110001001
000111111101010001011010
000010110110110011111001
000001001001110010000000
111011100111010110001001
110101100010010111100010
110001111101100101111101
101110101100011010001000
110011110000101001101000
101111011001100100011101
110011111101111010101111
110111110100110101010111
111010010110111011100110
111111101011110000110111
000011100110010010101001
001001110100001110111011
001101100001100110011111
010000100011001011010010
010000001001010100011001
001011100011111101101000
001110110010101000111000
001010001100111100101001
000011111101000000011111
000001001111000001100101
111011100011001011011100
110111010010001011100011
110100010011101001011110
110010100001101000101101
110000011101001010011000
110000000110111010000000
110010101001010010011100
111000111100101001110111
111010011001010100100010
111111011101001111111101
000100100101110101011000
001001001001001010110110
001101010001101100000000
010000110101111111111000
001101110010111011110110
001100111100111010111010
001011011101101110011111
001001110111100111100001
000110101001100011011101
111110101110101101010110
111100010010110101011110
111001011001101100111101
110100010010111011011000
110010111100111010000011
101110100101011110011111
110001101000100101101011
110010101010001000001000
111000110011111111011101
111100010000001111101011
000000110110011110000000
000101001111101010000111
001000001000111101100001
001101001111001100110011
010000111110010101011100
010010010000010010000111
001100010100100111110100
001100000110101101011100
000111001011100111101110
000101011110100011110111
000011000001110110101101
111001101010010001110011
110110100111001011010101
110100011011111011011001
110001110100010010000010
110000010001110001001011
110001010111011011011100
110011000110100010110110
110110000101101010001100
111011001111011100010110
000000011100111110011111
000110111100011010101101
001010011101001100001000
001110001000110010100101
001110001101111010010010
001111110011000110010110
001011110001111010111110
001011010100010011000010
001011001010011100001000
000110110000101110011101
111110101110111110101100
111010010010100111000111
111000010110100101100110
110001111010001001111000
110001001000110111011100
110001101001000001100100
110001011011100110101111
110001001010100001001100
110101111110110010111000
111100100000110001111001
000000010001100101001101
000001010010010001100000
001011010100000001000101
001001100101011000110100
001111011110110001110100
001110000100100100011100
010010001110100101011011
001100001001110110110010
001000010001011011001010
000010011000001000111000
111111000100110000010100
111100111010100001100000
110111111001111010110100
110010110000101000010100
110010010001110010001101
110001010001110111010100
110001000010100101000000
110010011010101110110011
110110100010010000011001
111010100111000110000010
000001010001001100001111
000011001010011011101011
001010000101001010110010
001100110110010111110000
010000000111010101110111
001110111011001110110101
001111011111000101110110
001101010100100110101100
001001100001010111000001
000101011100100010110011
000000111110000011110011
111100101111010001111001
110110010001011110111010
110100010101100101001001
110000110001011110110001
101110110010101111111011
101110000101010101010000
110001111111000111001110
111001100010010000001000
111011101110111010110101
000010000100001000000011
000101000010000000100001
001001001001101101111101
001100000000111001101111
001110000111100100110101
001111110001011111100100
001101011110100111001101
001100010111011011100011
001010000101011110101000
000110100000100000101000
000000011011100101111110
111010100110101010111010
110111010000111011010110
110011111011010110101001
101110011110101011000011
101111000000010110110001
110010111111000101110011
110010010011110011111111
110111001111101010001100
111011010101100110011011
111110010101001101001001
000011100011100111100100
001000111010011100110011
001010000010001010110110
001100101001010111101100
010001110011001011000110
001101110101000011110111
001101000110010001001011
001000000010110000111000
000101110100000110111111
111110001101011010111100
111010110100011011100111
111000001011011011101101
110100101010110101011111
101111010001001001111010
110001011000011111111011
110000011010111100100100
110010111100110101111000
110100100000110000101011
111010010001010110100011
000001110110000110111110
000100111010100101100000
001000111110101100000010
001101001001111000100111
001111101111011011010101
001110110110100111000011
001111100000111100011101
001011010110010011000101
001011100001011100110000
000101101100010001001001
000000100011000101000101
111010010000000110011011
110110001110011110000100
110010001011100100100011
101111110110101010010111
110010110000101110001000
101110010011111101001000
110010000101111000110001
110111110001010000000011
111010101011111010100110
000001000000001100111101
000011101011011011101100
001001010011111110011101
001100000110001111100110
001100110000110001111110
010010001000111110101100
001101101111110100001101
001101000100100001011000
001000110011111101010101
000100100101110000001100
000001010111111010001011
111000000000110001011011
110111011100100110101100
110100010010110001001100
110001010000000001010101
110001111001001001110000
101101100101001001010011
110010100000001111011110
110101001111100101100011
111100001011110100110100
000100110110010010010101
000100010000011011000111
001010011000001000101011
001011111111111010101110
001111011110101110111101
001111110111000011011100
010011011011101010111100
001101111110101000110001
001000111100001111011000
000100011001110110101110
111101110011110101000110
111001110100101111110111
110110000001000110111101
110101001011000001001000
110001000110011001101010
110000001111011100101000
101111011110100111111010
110100101000111011110000
110111101111100110111100
111000000110100100110111
000001000101001001101100
000101001011111100001101
000111111111111001010011
001100101000110011111001
001111001001011100101110
001111000100001110011010
010001110110011000110110
001110000110100111101011
001001110011110100100100
000100101010010001011001
111111100101011110010001
111100000010001100110101
110110110001000011001100
110000000101001001111101
110000110100001001100101
110001010001001011001011
110000010111110101110011
101111111110101111000100
111000000000000111111111
111001110110100010001010
111110001001100100010101
000011001101010110100001
001000010010011101111000
001110100111111100001111
001111001111100000001101
001111001101100011110011
010001011011100000100101
001110000011110111011111
001010101110001101001100
000010100111001000100110
111111101111100100010000
111110001101101101000000
111000000001011001000100
110000100101100100011000
101111101111011010101110
101111110110101001010100
110010010011011110110110
110011001110010011001111
110110100101001001000110
111001011000110111000110
000000101110101101000110
000110010110001101011111
001001000111110101010110
001110001101011001111011
010000101100100010111100
001111000101000111111101
001111010001011101011111
001100000100000010100110
001011010100100001000110
000101001110101010101011
000000100001011000011110
111100110001010110001010
110110010000111001111110
110110010111100011000001
110000111100110001111100
101110011010100100110000
110001110011110110111111
110011111011010010001111
110101100100100100001001
111100100010101100000100
000011001111011010010110
000100010001101001011110
001011110011010001100101
001010111110000101001011
001110101110110010110001
001110101011011101111001
010001101110011000011001
001110000010101100010011
001000000011000110100011
000100100010000101011110
000001000110010101010111
110111111100000111101100
110111100101111000100011
110101000000010111110111
110000110011011011001011
110101001001111110111110
110000011000100110011101
110100010101010100000100
110111101001111001101001
111011100101100010111011
111011110100011101001010
001000110010101010000101
001000111110110101000000
001100000010000001001111
001100010001100101110101
010000001001000001100011
001111010000100111100000
001110100000010100011001
001010101011010110110110
000011001001100001001000
000010010010001100010000
111001110010111011110101
110111111100111001000100
110101101110001011001011
110000111000101111110001
110001011000011100100000
101110110011111000001111
110010110100101111001000
111000011101101001010000
111010111001011001111001
111111011111101001010111
000100111001110011111101
001011111101000001101011
001100000111000000010011
001110000101001001011000
010000100010011100101101
001111111110010100000010
001010011011111011000001
001000001111010000000010
000010000010111010101111
111111000001011111011100
111010111001100111010101
110111111111000111001000
110011101111110000111110
110001011011100100110100
101111000011100101101110
110011001010011001110010
110010110110001000011001
111000010011000111010011
111011010000111101010011
111101100110010111010010
000101011000101010111101
001000101110010000101100
001101000100101001011010
001110010000000111000110
010010000100110001101100
001100001101001010001000
001101101010111111011101
001000111010110011010101
000101100001011111010110
000001011110000101100010
111011000110001111111100
110101110010010000100110
110010011100101011010101
101101101100110100001111
101111001000100011001001
110001110010100011010000
110110100110101011011011
110111110111001001001111
111100111010001110110001
000000100101010101101101
000110010001010010111011
001000000000110011010111
010000000100001110010001
001111010101011010000111
001110010100101001001000
001110111111011010101001
001100110011110101110111
001010111101011111111101
000101000100011010000001
111111011110000000100101
111110010111001001000100
110100101110011001011000
110010111101000101101011
101110101110101101000111
110000010110110001111001
110100110001001001110000
110010011101111110001010
111000110100001110100001
111001000000010110011110
000010111100000011000010
000110100000010001011011
001011100111110001100001
000111111110001000001110
010001110100110101100101
010001001100011001001101
001110000111001001011101
001110101000001010001001
001000001010000100010000
000110101011011110011110
111110101101111000000101
111011100101100010010001
110110101011100111011011
110001100110100011101001
110000010100001000001111
101101011010010000100100
110000101010101011111111
110001101000100101100110
110110110011111101100100
111010010111111100001010
111110101110110111000010
000110010001111101010101
001000011110000010111111
010000000011010111111010
010001111011110100100101
010000101010110100000011
001111100110000011110001
010001010001100011111000
000111100111111001001111
000010110010101111010101
111110000110110010010111
111100001010000101011011
110100011111010011110111
110011010110110001111001
110100001010101100011111
110001111001011011000100
110000111010001010000011
110001100000111100100111
110111101100111000011000
111011100010011010100011
111101100010011011001000
000010111000110000010001
001010000100101000001110
001110001110111011110010
001111111001011111100110
010011011101110000011011
001111010100101100100110
001101000011001110110111
001001001111101110101110
000011011100000111110100
111111101100001111110100
111011110100000001000111
110111000000100010101011
110100001110001001001110
110000100111010000100111
110000111101001101011110
110001011000110111111110
110011101011011101000111
110111110000011101011100
111001011111000000011001
000000000010001000110110
000011100110000010001000
001000100111101001111001
001100110100110010010010
001111110000111110010100
010001101001001100111010
001111101100101100100000
001111011101010011010001
001001011011010110001001
000101100010010111001110
111100100110011010011100
111010111000101111010110
110110011100011001001011
101111010110010110111101
101111100010011010100100
101110111011111110110001
110010111110100101100100
110010001111111011110101
110110011111101000010010
111001100110111100101010
000000100000110110010111
000011111001010010101001
000111110011101110000100
001101000001111000000111
001011100010011111100110
001111000101000011011000
001011110011111000000000
001011011111001011000100
001000101001001110011100
000110010101010101000110
000000001111010001011101
111011000111000110001111
110110001110000111010000
110100101001101010001001
110000000011011110000010
101110011101110000100100
110001100111001001010100
110001000101010001101100
110101011001001011111100
111011000110000110111001
000000100101010110111011
000100111001111110001111
001001110001011001001001
001111001111001111100010
001100000101011010001101
001111010101001100110100
001110110000110010011001
001100011100101110110110
001000101101101010111101
000111010111001101000100
000000110001000001001111
111011101100101101110010
110101110111111010111010
110101000101001000000010
110100111100011001001010
110010000001000110000111
101101111110100000110101
110001010100000000001001
110101110100100100011100
111011110110011111100110
000000101010011100111111
000010101010101011101000
001000100110100110110001
001100101011111101010110
001110111010000110110101
001101111011010010011110
001110110010111010100000
001110111101101000010110
000111100001001001010100
000011010010100000100000
111111000011101111111110
111101000001000110111001
110111100100011111011100
110100000101101011111101
101111101100100100110010
110000100000111100000011
101110010111011001110110
110011011011101001001001
110111101010001001110100
111011011000010101101011
000001000111101010110001
000110001110100111011001
000110111101111010010000
001110111111011110111100
001100000110010101010001
010000010111111111101100
001100101011110010000001
001001111110001001010100
001001000000011001001111
000011111111101010000100
111111111101111101001000
111011011001001100001010
110010110111111001110010
110000011011011011010101
110000111110100011001000
101111010000011010110011
110010011001111011010010
110011011000001011010110
111000000101011111000111
111100011111001100100110
111111101100010001110011
000101010100110010111111
001000001111110010111101
001011011111001000110101
010000110010101001101101
001111110100011110001011
010000011111110100010011
001110011100011110111000
001011010100111111101110
000111101011101101000100
111111110101010000000101
111001101000010101101111
110110101100011011000100
110010100000111001101011
110000111100001101010101
110000111001000001001110
110001101111001100111110
110010011011100110001111
110101100110110100000010
111010101001110110111001
111111010110011110010000
000111100001010011111101
001000000001110011000111
001011100011010011010011
001100110101010110110000
010000100111110101111001
001111010101111001111101
001100010000101010011101
000110011110101010110100
000100011100110010010111
111111100010100110010010
111100010110111010100100
110111001000100011010111
110010000100001101001101
101111010000111111100010
110010100100011110101111
110000101010110110010101
110011100111010101101000
110011000111001101101110
111011000000011100011000
111011001111011010001010
000100111110001101111011
001010101011000100010000
001100101010011001100011
001101101101101001100011
001100000011000011111111
001110101101111001001100
001011011101101011001100
000111100010111110111000
000101101010101111110011
111111110011001000010110
111010011111000111100100
111001011111010000011000
110001011100010001101010
110010101101011011011010
101111000111000011000010
110010100100110000100011
110100010000100110110010
111000010010010110000100
111100001011011110100010
111110110100111101000010
000110010000101010010010
001001001110110110111111
001011110101011100000111
001110001001011100111011
010000011010101100011111
001101100011100001100100
001101001101111111111101
001001100001111000111111
000101110111001110011101
000010011011010000011011
111010110011110010011011
110101001011100111100010
110001100100000111100101
101111110110011110101001
101101110011101011010101
101111110101110001101111
110010010001000011010110
111001111100110010000100
111011010110101011110111
111111100010111110111100
000101011000010000010110
000100111000111010101001
001100110010001101101000
010000000111000011111110
001111111101101011101011
001110100011010111010001
010000000110100001100110
001010110110100101101101
000101011011101111101010
000000011110010100111111
111011101000000000100000
110100101100011011101000
110010110000100111001001
101101010110111001000111
101111110110010011010011
110001001000100101001001
110010010100011110111010
111001000111111010100111
111101010011100011111011
000000111010100010101111
000101000110011110001000
001010000010000010110001
001010100011111001111101
010000101110100010101000
001111010000100110011000
010000111111000011001110
001011111000011001110101
001010000001001110111110
001001001111110010001101
111100110111010000100011
111010110111100111110101
110111101110101111101100
110010111100100111100111
110010100011011011000110
110000010101110000010101
110000001011010000110100
110001111110011010100010
110101000001101010001001
111100010000011110101101
111111010111110000100110
000101000010011101100111
001001010111110110010010
001101011011101000011111
010010000111010001011001
010010001111110111101111
001110110010100110101101
001110110000000110100111
001010110110001000100011
000101011101001110100010
000010001011100111011000
110111010011101010110111
110101110011100001110010
110011010011001010110111
110010000110101100000000
110001010111000010001111
101111000101100101101001
110100011010110100000000
110110100000111100101110
111011001010000010010011
000000011011000010010111
000111101010001000001110
000110001110101001000101
001100101111110101100001
001111100000100111110011
010001101101010001010101
010000001100010011100000
001010110111011011110000
001000001111111110000111
000011111100011011111010
000001001110000110100001
111001101001011100001011
110101000111111001111100
110110001100100001111001
110010110110011100100011
110000110000110011010001
110000101001000100001001
110100000001010000100001
111000100000001100011100
111011100100000111001010
111111101011000100010110
000111001000111000001000
001011010100010110010110
001110000011100000010101
010001010011000000110000
010010000111111111011001
001111011111110101011101
001011001001001101000011
001001010100111001011011
000011011000100100001011
111111011100010010000010
111010111010101111110000
110100111011000101001000
110010010001010001000001
101110100100100101110111
110001101001101010111010
110011100001010110001010
110011001110100100110010
110101011001000000101011
111001111110110100000111
000000000000010010101100
000101111110000110001010
001010011001100100110101
001011101011001000011100
001100100100011111101000
001111011011010001110111
001110100010110100010110
001010111010101111101101
001000011100100011011000
000110000101100001100110
000001001110011001100100
111010101101100011000111
110111001010011111110100
110010000101110110010011
110000100111000101111010
101110100100110110000000
110001010000000111101100
110011110101100010011110
110101111101100000001101
111100000001110000000011
111110110100011010100011
000111011000101001001001
001001011011011000110000
001100101101010001101000
001111110100111110110100
010000101001101100100110
001100110000110000010010
001101110111101001000011
001000001011111100111010
000101101011011110010101
000001001111000101000001
111100001100110001011101
110110110111111000001011
110011000110111011100011
101101110100101110000010
110001101110101010101011
101111110010000101110101
110011000010111100110110
110100111010111001010110
111000011100110100111000
000000110100000100100101
000011010100010111100001
001010011111111000001001
001100011111100110110001
001100011000100100000001
001110110001111100110011
010000110111100101001111
001010100101001110111000
001011000000110110000000
000010111011101111111100
111101110010010011110010
111011100110110000010010
110101000001001111101111
110000001101010100001111
110000011001111100100110
101110110010010010010010
110011011000001100101100
110010000011110110011001
111000111100111101000011
111110100001001001011011
111111101100111010110011
000110101011110111111110
001000010101111001111010
001111101101011001111101
001110001010010000101011
010000010101000010001001
001111001011110010011100
001011111110110000011001
001010011000010101111100
000110001010100000100100
111110101000010100011100
111100101100110000111000
110111000110111001000001
110100110001110001000111
110001011111010000110100
110010101100101001000101
110010100100101001001001
110010010100101101011111
110100101101010010110010
111100101010100010010110
000001110011011100111101
000011110101000001111111
001000101101111000110000
001110111001110111101110
001111001110000100111000
001111101011011001111101
001111000111000000100100
001011010010000100010110
001000100001110111110100
000100110110101100011101
000000110101001011011011
111010100111101010101001
111000000010000111010101
110101010000011000001100
101111100100001110010000
110001001100101110010111
110000100110110100111010
110101010000010000000010
110100101001001110101010
111100001110000001010111
000000001011101100011010
000100000011011000010010
000110010010011001011011
001101010110010110011111
010000101111100001010010
001110001011100100010101
001111011111101101100011
001100010100000110000111
001010011010100100111011
000011010100111000001011
000000111000111111110100
111010101010110111011001
110101110100000111110001
101111111010010101101100
101110001001111100101100
110000000101010000010100
110000001101111011000000
110101000101101111000010
110100111010101001111011
111010000011111101000001
111110110100010011111111
000001111101110011000100
000110000011001100000011
001100110011011011001000
001111001010111101100100
001111100111100101001011
001111011101111010011010
001101010010100000011000
000110010100000010011110
000100101010101101000101
000000110100001000001100
111011001000110111110001
110111110001001001011110
110010001011010000110110
110001110001101100001000
110000111010010010100000
110000110101110011010001
110110100111011111100000
110100100101101111001110
111001111111100001101100
000001001001110100000100
000110001111000101011000
001000001111000011111011
001011110111111000101010
001101010010000111001101
001111001010011001010000
010000111110001010100111
001101000000010011000100
001000100001111010101001
000100010000101001100100
111101010110100000001011
111011110100010010111111
111010010001110001100011
110101000111111010100101
101110010011100110111001
110010110111011100010100
110010010110100011110111
110100000111000101111101
110110011101010101101111
111010110000111011111110
111110011010101000001000
000010010000001011111111
000111000011010010010111
001011100010111100010000
001111001001000000011101
010000100000000010000000
001111000011111100000000
001010100011100011101010
001110011101010001111101
000110011110011101010100
000001011100110111011010
111101111010001010110101
110110110110100100011100
110101011111100001111111
101101111100001010110111
101111100100001011100100
101111000011001111111100
110001010110010011100011
110011101110101010111101
111011111101001010111101
000001000110001011101000
000101001110110101010001
000101110000101111111011
001110100001010011100100
010000010100110111000111
001111101010111101000011
010000001110000011000100
001011010000110011010100
001000000001011010000011
000110101000000111111010
111110101011011011000011
111010111001101101011000
110111011000100111000111
110100010100001010011110
101110001000010000000010
101100111110011000010101
101110010111010111010110
110011011111111100010100
110110100000000001110011
111001011011000111111110
000001110000010001101000
000101001000111010010010
001000010101110111110010
001100111100110001110100
010000111001110100111000
001101100111110001110111
001101010011010100011100
001110111101100100010111
001001001100100001111000
000101000101100111000101
111111101011110011010100
111000101001110110011000
110100000100001000001110
110010110010101111101001
101110011101100110100111
101101010100011000110111
110001101110111010010110
110100100101101100000101
110101000101011000111100
111100001101011001010101
111110010001010001000000
000111001010011000010101
001011100101110110000100
001110110110110101011111
010001101001001100111010
010000001110110110100001
001110000101100101110001
001100011010101111101000
001001101100001010100001
000011100010100111111100
000000001001011001100010
111011101000100010000111
111000011101010011010101
110100101111000100000001
110011011111110010010011
110010000000010000000000
110000111110100001100100
110111100110101110111010
110111101101011110010000
111000100010100001000010
111111110110001001001101
000101110010100101101101
001000100010101111000010
001101100110101101010101
010000010110000000000010
001100111000000100111010
001111101001011001000001
001110111101101110111001
001001011001100000001001
000001011010101001011100
111100101011011110001001
111010011100101100110110
111000110100100001011001
110001001010100011101010
110001000001101110101110
101110000100000010111111
110000001111010010100111
110100110010111100011011
111000001100001011011111
111001101000000111111111
111111110000000110101010
000010110111111010010011
001001010000001000100001
001101000011100110000000
001110100110111011010101
001110110111110101001010
010011000011010111100000
001111010110110110001110
000111001000010000100011
000110001101000011110001
111111010001001000011100
111010110011010100110111
110111000000101000101010
110011111000011011100101
110010110111001101101001
110000010010000111110110
101111111110100100110110
110110011010110000101000
110101100001101110111010
111011011001011100001000
111111010111100111010001
000110000110001000111101
000111010100010111001101
001010100100001001100011
010011010110000000001010
001111011000001111111010
001111010000101001111000
001011001000000101101100
000111110101111101011101
000000101100111100000100
111111000101010010101111
111101010000000010010101
110101110111010011100100
110101000110101011000100
110001010010111011000111
101111101010100010111100
110001001001010100011000
110011000111110011011011
111000011110100001100001
111010011100101010101100
111111010101001110101111
001000001000101000110001
001100101011111110111010
001110101010011000110000
001110101011110101011111
010001111111101010101110
001111000001111101101010
001100111011100111100101
001000011100101110100100
000101010001001010101110
111110110011111101000000
111010001000100101010100
110111001011001001011111
110001011000100010100111
101110111111010100010011
101110010111100100101110
110100001101001011100010
110011000101101001011011
110110011000001101100001
111101010001111000100110
000000101000001101010101
000011111000011000010111
001010101100111001101010
001110000011111000100101
010000010100101011100000
001110010000000001001101
010000111111011001111000
001101000000111110011101
001000100101100000001001
000100010011011000101101
111101111111101111101110
111001001000010001111100
110111111100111100111100
110011001001100011111011
101101111110010100001011
110001100001001100111011
101111111001011001010011
110010110110000110101000
110101101100110001101110
111000111101100101101010
000001110011110011000110
000011001100000111101000
001010010101111110010110
001110000001100000110101
010001100000011101010100
001111100100011100010011
001101101001001111011101
001011101101010011000100
001010001001111100100001
000110000110011001110100
111111001001100101010010
111010100010010001101010
111011101000000010000000
110100011001111000111111
110010011001101010111111
110001101011011101011110
110000001110111000101101
110011010100000111110011
110111010010000110011101
111001001011001011110010
000000010010100010111011
000101001111001100001000
001000001100101101000100
001110010110101000011011
001111100001010100011010
010010100011110101000111
001101000000100010010100
001011111101111011111011
001010010011111100000011
000011110010011010101111
000000100101000101010100
111100011010110110111010
110011111010111000000001
110011001001000011111011
110000110011110101101100
101110101110111100001110
110010110010011111100001
110100000000100110100100
110111001100111101101101
111011100100111100100110
111111101111000000110001
000110000011100001011100
001001111011001001101110
001110101000110011011010
010000101100001100010011
001111101001011100100010
001111110011101011110011
001100000101111011011011
001000111001010110110111
000011111110010010000100
000001011001001011100100
111011111111000001101100
110111111011001000100110
110100011001110001111101
110001000100010001001111
110010010100110000011101
110000110001001100001011
110010011110101010001001
110100111011001101110101
111100010010100011010110
000001111010011001100001
000100110010110000101101
000110001100010110110100
001101110101101011010011
001011110110001010101101
010001001000110111001011
010010101001111011011001
001100110010110111101100
001000000000100100100101
000101111101001000110011
000001111101001110000110
111011010010110000000101
111001000000001010111011
110001000001101100011000
110000110011010011101100
110001000011011110110000
110001101110100110001000
110000000010110100000000
111000011101100111100000
111011100010000010011011
111111101001100101000100
000010000101011001110000
001011111101101001100101
001010111001001011000001
001110001000111110001111
001111001011010100101110
010001110110000111101101
001101110010111110100101
001010000010111000000000
000011111110001011101011
000001000101001100111100
111011100101100001011001
111010000001111010000010
110101010110101011101101
101111000100100110110001
110000100000101111111011
101111011001000010111111
110011000111111100011101
110101101011001101010100
111010011100100000100110
111111010110001101011100
000101111111101001101001
001000101001100101111010
001110101111010101011011
001110101100000001010100
001110011111000110100101
010000011001000011101011
001100011101001000111101
001001001000101001001101
000110000011011101001111
111111101000110110110010
111001100111101110101110
110110000011101010010000
110111101001000100111101
110001101111011110010000
110001000101110110101111
110001000111111001011101
110001000001111001010010
110110000010100101010101
111100011011110100001101
111011100110011001111011
000100000100000100011010
000111011100101101010101
001100011000011000010100
001111101110111010010110
010000001100000011100111
001110011011001101011101
001111011001000010011100
000101100000100101111111
000100011100000101010101
000000101111101011110001
111100001010010010101011
110110010110000110101010
110010010010000001011100
110000100011111110011000
101110101100011001010100
101111010011011010001011
110010111100100110000011
110101010001111001010101
111001111100110110011011
000000111100110100101000
000110010000001110101100
001001111110001011110011
001011101010100011110000
001011101001000000101010
010000111101000110000001
001110010010111000100010
001010011100110001000001
001001110111101010110100
000101001111000110110100
000000110001100111111001
111001101101110110110001
110011100110101001010110
110101000001010101100101
101111011101110011011011
110000110100011100000010
110010000000111010100010
110011101001100110100001
110101101001011100101111
111010010000001011101000
000000000100010011100011
000110000101111111000110
000111100101000010000100
001011000001011111011010
010000101011011100001001
010010000100011000001100
001111100100010101000010
001101011100001010011111
001010010000010010110010
000101010001111111111000
111111011110101110011011
111000111110011111101000
110111010100000100000100
110001110010000111110001
110000010110010001110010
110001100001101110100100
110000001001010110110101
110100111101101000001101
110100100110000100101000
111011100111110110001100
000010110100010101111110
000010111111010000001110
000110001110110110000110
001100101011100101001110
001100000000101101011010
010000100100010001111101
010010000110110001010000
001100011100101001110000
000111101100100110001010
000100100111011100010001
000001000001101001010111
110100111110100100011101
110111011010011000110111
110001011110001001100010
110001011110011100111000
101101100111011111010110
101110101001111001011011
110011110000110000101101
111000100011101101011001
111010010011000001100100
111111101000000111010001
000100011100001001101000
000111010101000100101101
001011001001001001001010
001111000010000010110100
010000110001010101011000
001111110011010000100000
001101111000111110000111
000111101000100110111000
000110110000010000101101
000010101001010101100110
111100010111010110000011
111000001011001101111110
110100101010100001001111
110001000101010111100110
101110101100011101100100
110001010111011111011000
110011111010011101011001
111001000111111000110111
111011001000101110111000
111101000111110111101011
000100010111000110001110
001010110001000010011100
001101100001101101111111
001111010111101101110100
001110001111111111000011
001110001000000111010101
001111111010110111010110
001001101011010000100110
000110111001011100100110
111111110011000001100101
111100000011011110001110
110101001001110010000110
110100100010101001100000
110000011011010110100111
101111101101001101011101
110001001100110100101110
110110000000011011001101
110100101001000000001000
111100101010001000010011
111110100110001000000101
000100101000101101100001
000111110111101010010100
001011110111000011101101
001111001110101000000100
001101111000101111001111
001111001100111111100011
001110010101100101110101
000111111100100101011000
000110100101110001101010
111111111001110010100000
111011101111011101001001
110100100100110100000000
110010001100001111011000
101111000100111111001011
101101000101001010100000
101110000000010111101011
110100000111101100100001
111000111111100001000011
111101010011010111101111
000000110110111001011100
000010001110101011111110
001001001011011001011001
001011010101110111101001
001110000100000101000111
010000000101000000111010
001111010101111110001010
001100000001010101010001
001001000101010011000011
000111011101101000111000
000010000100011011111010
111010011010110100101111
111001011111100110101010
110110001000100010101000
101111110011000101010110
101111011000101000001000
110000110011011011110001
110100100011110111011011
111000000100100001100010
110111110101101000100011
111111110000111001000000
000101010100111111111000
001001011010101101101001
001011011001100110111011
010001101011100000111101
010001011000100001001011
010000100101111111011011
001110101000110010010010
001010100000110100010000
000100110111110000110110
000000011010110010001110
111001011101011101010101
110111010111011101011000
110001000010101001110001
110001100111011000000111
101110101011101110011010
101111000011010101000111
110000111001111110001000
111000001011101100110101
111011000111001011110101
111110010000010010101110
000011001111110110001001
000111010000100100010011
001010110100010001010000
010010010000001000010101
001111010100010110110010
001110011000101000110001
001010110011111110110001
001000101011100101110010
000101000000011110100100
000000011010101110100100
111010010011001011110101
110101000011100000001110
110010101010010010001100
101111101101111011011111
101110001011101001110000
110011001111000110011010
110100010010101001100100
110110110110010110011110
111010100000011101101000
111111011101001000110000
000101001100000110011000
001010010001101101111111
001110010000101011110101
001110001001111000101011
010000000000000001110101
001110110000101101101100
001110111011011101010111
001001100101101010101111
000101001110110100000000
111101101001011101101000
111011100100101000110000
110011010011111101101111
110010010011101111010110
101101001011110111001110
110000111101011101110100
110000000001110000010001
110010010101110111000010
111000111101101001011101
111001000101011001111000
000000000100100000110010
000100011001110100101100
000110101110010000100001
001111001000100111001100
001100101001100010101001
001111111000101101111111
001111101100001111001100
001101010111110111001011
001010100101000010010001
000011000001110100000111
111100111000011000010111
111100011011000001100010
110110110100111110000001
110100101001100010101001
110011001111110011101000
110001000111000110110111
110000101111100100100001
110010011011101111010101
111000000101011101011000
111010110100000011000101
111101101111110110100001
000110100000010110001011
001011010000000100001010
001100111001110110000110
001101010101110111111110
001111010110011111001111
001111100101001100111000
001110011011011011111011
001000011011111111100100
000100001011101110111000
000001110100000010110000
111010101101110001101010
110110110111010110101001
110110100001000101101001
101110100010100001011101
110001100001111100101100
101110110011001111101011
110010011011101101110010
111001111100101110011111
111010110101000010110001
111111001010111110000100
000100010110100011011110
001000011101010001011101
001100001111001110011000
001100100011100101011110
001111011100101110010111
001111000100010000100101
001101010110010100000100
001010000010111110100101
000110101110000000001110
111101111001101011000111
111001000001100111101010
110111110001110000111011
110010111111001111001000
101101111110001001000011
110000101110101101100011
110001011101001110110100
110011001001010111010010
110100010000110110010000
111100010000110001010111
000000011011110110100111
000110010111011101000011
001010011011111000101101
001110110000011110110000
001111010101011101010010
001111100100010111100011
001111110001100111000100
001101101100011011001110
001010011100011010100011
000011000000001010001011
111110110000011101110010
111100101111110110001011
110111010100101100011111
110100100001000011111110
110010001101011111010001
110000011100010001101111
110001110100001100101101
110101111100110011000111
110111000000000110101011
111011111011010000101110
111110101011010010000101
000100110100111111000110
001010110000000110001001
001011111101100010001100
001101100110011111110101
001111011010111111111010
001101110010111110010110
001010110011000111001010
001000110101010000000000
000111100001000101100000
000000000010111010100101
111001011010110101100100
110100010011110110000101
110011100101111000011100
110000001111100001100111
110001011111110111111000
110010010000101010011010
110100011001110010011011
110101011010001110101011
111100000010011110011100
111110101001011011011000
000111110010100101101001
001001110111001111000001
001100000011010010100010
001101100100010111011100
001110100010101001111011
001111111011111010000000
001011010011011100100011
001010000101010010100010
000100011101010000101101
000001000101011100001010
111101010010111110100110
110111111010000100110110
110101101111110101001100
101110101010010001110000
101101001111100001111110
110010000100101001111100
110010101011100001010010
110110010111110001000101
111000110101111101110111
111111001000100100110111
000010110111010000110101
001100011000110111100001
001011000110111101100110
001111100010101111100000
001100100011010000001110
010000010110000110110111
001100001001001010101111
001010101011101001101100
000110111000101000101100
111110111000100000011000
111100111000110100001011
111001100001101100010001
110011110101011111001101
110011000001001100011001
101110001110111001101001
110001010000011001111001
101110111011100101011100
110011101100101010100010
111100110001101100100001
000001110100111100011011
000101010001011010101011
001011110000110111100000
001011100100001100000110
001101011101001011111010
001111101001101101111111
001011101111100100110110
001001001010001111111000
001000010111110101100010
000110001100010010111100
000000000101000101011001
111010101000101100111000
110111001100011001000100
110010101101001001110011
110001100010111110101010
110001000001000100000001
101111100010011000011001
110100101110111110100101
110110101101000111010000
111011100111000010111101
000000100011100101100011
000110100010100000100101
001001110001111000100111
001101000111011000111001
010010000001111011010000
010001101000100101011000
001110110111110001111111
001101100001000111111000
001000110011110000011000
000011100000010001100011
000000101111001110010111
111100111000100011100101
111000011010001011001110
110010001010110001101110
110000111100001110110001
101110101000000111011110
110011000100011010000101
110101011010001011100101
110111101110000111111011
111100011111100000010001
000001111000011000011011
000101011001111111000011
000101011010100110000011
001100100111011111111110
001111111100011011100001
010001010110000010000110
001110111001010001000100
010000101010100111110000
000111100000110111101011
000100111100011110100100
000001000110010101101111
111101000000000011110010
110110111010001110010110
110001111000001010000000
101110100011011111010110
110000111100111100001100
110001001110010101110010
110010000001001010000100
110110111101001011011110
111010110100001000100001
000000110001111110011100
000111111101010001000001
001000101111001000111001
001010000010101010110001
001111101000011000100010
010000010101000010011011
010000001001101000001100
001110100001101000100001
001011001110110111111111
001000101110111100001111
000000001101001011111000
111010111100110101011100
110101110101010110010000
110001001011110101000110
110001010011101110000000
101110101101110101001001
110001101110100100101111
110011100101110000111101
110110110100010110011010
111010010000110000110111
111101001111111000000011
000011111101000011111011
001001001001001001111110
001001100000000111000001
001111110100000110011011
010001010101100001011001
010001100010011101001000
001101110100001000001111
000111111110101100001111
001000100001101010110001
000010010100100000101111
111001110001000110100111
111000001110111011110011
110001011000110001001101
110001100101110110000011
110001100110001010101000
110011001100010011000110
110011101110111000000100
111001010000001001110101
111010101111111110111111
000010010100111011110000
000011110001101000111010
001000101110111100010000
001010111101110100100010
010001010010010111101110
010001111000010110110000
010010000000101010100000
001110101000011100010000
000111001111010000001110
000100001010011011000101
111110000101011111111001
111010001100000110100011
110101010011010000010110
110010111111101010011110
101110101111010000001111
101111000111110010111100
101111010000011011100101
110001010000101101011011
111011100111110010110010
111011110100110101001011
000001001101000000111011
000100111000010010100100
001000110000111111110011
001101111010101100110111
001110001110101010110111
001111010101001001110100
001110110101111010011101
001010010010111001110100
001000011000101100101000
000100010110010011100001
000000101010101010001101
110110101111010100101101
110101101110100101101011
110101100001011000010111
101110011010101111101100
101111101001110101011111
110100101010000101001100
110001110010111111010110
110101100101000111110001
111010111100011100110011
111110110001111110111110
000101010011001101011111
001010010001111100110100
001011001100110110010110
001111110000101001010111
010000000001010110011100
001101110101100110010000
001101000001111001100100
001001010011111000101001
000011000001001000110101
111111100101010011110100
111010001101100111111010
111000100111000110100110
110001011010001010010010
110000011100010101000101
101111110111101010101111
110001101100110010011100
110011011100010010001010
111000011100001110101001
111100101100010011111011
000001001010011010111011
000100100110110011101011
001001100000011001000001
001110101111100011001001
010010011100110000001101
010011011001111111110000
001111000011001000011011
001011011010000001110111
001001010110101010001101
000110010110100111111101
111111111101011111101110
111010111101000100011011
111000100100111001000011
110010101100101111110110
110011010000111110001100
101111110000010000110101
101111101110111000110011
110010110110011011010110
110111111010000110000001
111000000001110001101011
111101100111000110100101
001000001000111011000110
000111110010011111111100
001101011000001001100001
001111100111010000110111
001111111010111100001110
001111110110100111110110
001010010100111001100001
001001110110110011010101
000100000111111000101101
000000100110001110100100
111010000101100001001110
110111000111110110001101
110010000111110001010000
101111001000101111111001
101110101000010101001110
101111011000011010011101
110101101100010101100011
110101011010011011010010
111101010101111111101010
000010011110011000001000
000101001111101101001111
000110111110100110010000
001100100000000101001010
010001110100100000100100
001110111100110000000111
001101100011010110100111
001101010011011101100011
001011001111101101000111
000110001000110001000111
111100011010100000001100
111011010011111110001001
110101100110111100001100
110001101000100110011010
110010101010110111111010
101110101001000101000011
101111001111011100010111
110011100111100101100100
110111001000101110001100
111011111010001100111000
111110101111110010011011
000100101110100000011101
001000111011010100101001
001011011010000000100011
001111001010110101010010
010011110000011111001001
001011001001110011111111
001011110010001010000000
000110111100001011100001
000011001010100001101111
000010001110011011000000
111011000001101100011111
110110010111101110101000
110100101010000000010110
101110110110100010000101
101111111010101001001001
110000011011101101100111
110011101001110101010010
110101111101100110011111
111100100111110110000010
111110000010011011010111
000001110101111110101100
001000110111100011010100
001100000001010111111111
001111010000001011001101
010000101011101101110000
010001001010011101001001
001101000000101010000111
001001011010000110111000
000010011001011111110010
111110010010000001101010
111011011011111010110111
110110000100011110100000
110111010011001110010110
101110011101000011001110
101100111010000000111110
110000100111010100001101
110001111111110110010111
110100011101011101110011
111100100011011001011111
111100110010000000101010
000101010010001001010110
000111100011110100100001
001010111100101000110100
001110100011000011010101
010000111101111011111111
001111000000001111111100
001110010001101011001000
000111001110101101000010
000101110101010111111001
111110100111101101111110
111100011000100000011010
110111000100100011001100
110110101101000001100011
110000010011111101000101
101110010011001001110110
101101101010101000011101
110100100010101100101111
110110101001110010000111
111100000101000011011110
111110110011110010111000
000100010111000111111000
000111100001010101111100
001110101100001111111110
001111100000110000101110
010010011110111101001000
001101111011110000110010
001101100110000010010101
001001111101111110010011
000100010000001110100010
000001111101000010111011
111101100000110100100111
111000100000001100010001
110100000010001111001001
101110111101000010001010
101111000111101010110000
110010111100110010011011
110000001000000000101001
110111101101101011110011
111011111001010110000101
000000100011111000000111
001000010011101111101010
001000101101011010001101
001100011111110100000010
001101100100110101101111
001111100100111011011001
001110101010011000010111
001011001101110011001100
001011001000010000100011
001001100100100011101001
111101010000000111101001
111010011101100101100101
110111111101011101110110
110001110000010011111111
101111010111110111001010
101101111010010000110011
110001001000010110011101
110001101000111010101010
111000110000111001111101
111010100111100001111111
000000000000010011011110
000100101101100101011110
001001010110001000100001
001110010000010101001010
010000101010110101011010
010000111011010001111001
001111011101000110000000
001110011110011010000010
001010001110001001101101
000111001101110001110111
111100111111101000010001
111000101110101000101110
110100011010110000100010
110011101000010001100110
110000001110100101011110
101111010001010001010010
110010011000000000010110
110101101001001100101011
111000001001001111111000
111010010110001100111010
000000011110100111110101
000011111001010101111000
000111011100011011000101
001010001011111011111101
001110010110000111101000
001111011110010000110000
010001100100100101010101
001011110010110111010011
001010100010110010010001
000101000001100111001100
111110101110011011101101
111010111111011010100110
110110000010101101110111
110011101010101101010010
110000011010000011001010
101110001011111101111011
101111001000010011011111
110011001111110111110110
110111010100110111010110
111010100010011111010100
000000010001111001100111
000101110011000011101110
001010011111000011111100
001111011001111011000001
001111100011011000100001
010000111101101110111001
010000111111000110110001
001100011010100100011010
000111110111111101000110
000011110100111110101100
000001001010010011000000
111101000101001110100000
110101101000100000001111
110011001110011001000111
110000101000100001101010
101111000110011010110011
110011011000010001101001
110010000110001011100001
110011001001000110011100
111011101100100111111110
000001011101111001111001
000010010101001100010001
001010100110110011101100
001101000011011000011010
001100001011001110011000
001101110000110110001010
001111101010000101010000
001011110111110011010000
001010111100010010010101
000110011000010101001001
000011010100011100000000
111010101010011111100100
111001110001011100011000
110010110100010101110100
110000010110110110001111
101110110101111101111011
110000000111101001101111
110100000001110100100000
110110011101001100001010
111000000010011000001101
000000100111000100100110
000100010000101101100111
001001111000000000111000
001011110100100010001000
010001010011011111110111
010000101101001010111111
001111000010010100001010
001011111010111001010111
001001000000010001110011
000101100010000100011010
111111000110010101101110
111010001101111000011110
110011100101111010011010
110010111010101111100010
110000101000101101111001
110001110011011000101111
101111111011001100011001
110010101110100000110111
111000001111110101100011
111101001100010110010110
111111001110000011001101
000100110010110101000000
001000110001001001100111
001101100000100111001001
001100111011110100110111
010000111101000110001000
010000000010101001000011
001101000111100101010111
000101010110111001110100
000100110110011000010101
111111101011010010101000
111001000101000111100111
110111011110010010101110
110100111100011100000010
110001010011111100110000
110001100101000011101011
101111010101010000111110
110010110001010101100101
110100101011010101101010
111011110011111011001100
000000110010111100101001
000101111011011110100111
000110111101010001111100
001100011100101101001100
001111100001010111101010
001111001001110101000111
001111110100101001011111
001110001011011000011110
001001111010101111110011
000011111011010110000100
111101101100111101111010
111001001111001111001100
110101101001101000011010
110010100111001010111011
110001101011110111100100
110000100101011001011111
101111010110111111011100
110010101010011111100100
110100111011010100010011
111010100001010011101000
000010101010111000001101
000011100111000011111111
001001001000101000011011
001011010001110010100101
010001100100010100110011
010000001000110000000010
001110001010011111001011
001100111101111010100000
001010001111010000011000
000110101110101110000111
111101111101111010100111
111011110001110011011101
111000101001010001100100
110100110101010101111010
110001010100000101111100
110000011111000100111101
110000100011100000000101
110100000010100010000101
110110101001101111100111
111100010000000000010110
111111101100000011110100
000110000000110000101111
001011111110011011111100
001010110111111001110000
001111100100110001100001
010000010110110010010001
010000011001101010010101
001100110001011011000010
001000100110100001101001
000110111111100001010111
111110110111001111001011
111100010000110101100001
110110100000110010101001
110011000110111000010000
101111001111100110011110
110000001111011110111011
101111011010101011010011
110000101000010010011111
110100111101001010101110
110111111110111011011000
000010111011001110110011
000110110010100110110001
001001000011000000010000
001101101100000110101110
001110000100000011001111
010001001101111010001100
010000100111100111010010
001110001001101100100101
001000111110101000001011
000110100010001100101011
111110111001111100110001
111110010110110011000011
110000100001110001011011
110011111010010011000010
101111010101000010111011
110001011001011000000100
110000000111111001001010
110100000001011001000001
110101010110100010000001
111010000110111100101011
000000011000101000111010
000100011000111011101010
001000011111001000010111
001011001101000011100101
001110110101101110001100
010001110001100101111111
010001101110100011000101
001010011011000100101001
001000111110001010110010
000010001010001001001110
111111000100011111010101
111011100001101101001001
110111000000011001000001
110010010100000110011111
101111110111100101111110
101100100100110001111101
110011110001100100010100
110100110111111100110100
110101010010000100100101
111010000100000100100110
000001010111000111010001
000101101010101101110011
001000101110001010110100
001011011101111001100011
001101001001101101101001
010000000101000101011011
001110011010100110010000
001001111100011010111101
001010001001011110100100
000001101000111000100111
000001000111101100001110
111010011000000111010011
110011110010001010010111
110011011011001101111111
110000001111011111001101
101110110110001011010010
110001111001000000011010
110001100100010100111111
110111101100000001001101
111010011011011110011111
000000001010000101001001
000011111000100011111111
001001000100111001010011
001101111010111110110010
010000001111001010010010
001110111010110101010110
001110001111001001011000
001101101011100100110111
001010011010111000111100
000011101010101001000011
111111111010000001010100
111010001000101011100001
110111111110110110001000
110001100001000101100111
101111101000011010100110
110001011111000010101110
101101010111010101010001
110011000000011011010010
110110001110101000010101
111010010000001011110011
111111010110111010100011
000101000110011100000011
001000010010000111000011
001101001011011101100101
010000010111111000101100
010010001000111000010111
001101011010101110100000
001010101101100011000111
001000011101011100011010
000100010101001000111111
111111110000010110101000
111011100110000001110111
110011011011001010001110
110000100010101011011100
110000010110001111001001
110001010111011111010100
101111101101010011001100
110100011100111011010111
110101100111011110111100
111100100111001010000100
000001100010001001100001
000100011010001101000001
001000101110000001010110
001100011011100111000010
001101001101110000110011
010001001011010110110100
010000001000001100101000
001101110101110001110011
001010001101111000010000
000100110000011101110000
111101111111001011000011
111100010001011000101101
110110010010000101100011
110011010101011011110111
101110010000000110010010
101111010110001100011110
110011000011100000011111
110001010110100000011100
110111110111100011111101
111100011111000110011000
000001001101011011101000
000101111111011111111111
001001110010100100101111
001111000010110001000011
001100111110101101000010
001111110010010001101001
001111110000110010110011
001100100010000110010101
001000111111110110000010
000011111100010001001101
000000010100010010010100
111101000101010011011010
110110001001110001000111
110101000001011010011111
110001011110110101000110
110000110111111010000110
110000111010110111101010
110100100110010010001001
110100001001010000000011
111100001011100001011011
111101110011110110011011
000110110110011111110000
001010111101010101011110
001011101111111001100000
001101010001000101101111
010001110100000000000111
001101110110101010001000
001110110000111010000010
001000100110011110110001
000011100010111001000110
000001001000010111000010
111100101100000010010110
110111100010110010101011
110010100011011110101110
110010001011000000001110
110000110101010010011101
110001011101111010111111
110011001110010000111100
110110101001011011100001
111010011011011111011100
000000010110011101101011
000011101001110000110111
001011000110101010000100
001011111001001001100111
001111111101000100000001
010001011011110100111011
001110001110010011110101
001010011000111000101100
001000001100010000101110
000101001110010101010000
000010001001011000000101
111001111000101001110010
111001100001101001010010
110010100100010011010011
110000101010100110010110
110001111001111000100110
110000010101011001100011
110011000000000110110011
110011110110101011000011
111000001000111101011111
111110001111000010011101
000010101010100101100100
001010010010011111001101
001100100000010111011011
001111100001010100011011
001110011010001001011111
001110000011010100100101
001110000101011111111011
001011011011100101010010
000001110011111010111010
000010001000001000001100
111011010010001011000111
110110101100001011010110
110011000011101001000001
101110100011011101011100
101101000001001010001000
110001000011010111011010
110001111101010110010001
111001101111000110010101
111010110010100000010101
111101010110001100100001
000111010100000111010000
001000000110000101101110
001101000111011101011000
010001100001111011110010
010010001101111101100101
010000010101111100001011
001110001110011111111100
001010011010001001010101
000111010101111101010111
111111010001110110101111
110111110010101010111011
110100001101111110100011
110011101100101000001101
110001001000111110001100
110000011011100101100000
101111111011101101100100
110001101000001000001001
110111110010111010011100
111011001101001111001010
111111100101000111101100
000010010111110001010001
000101111111001011010111
001110100000000110100001
010001010001011100010011
010000100101100101001011
001100000100110001101111
001100011000001011010100
001010010000101100100111
000110000000101000101110
111100111110011001001001
111010010011101001011110
110101111001101110100101
110001111010000000011000
110001000100010001110000
110010110010000100101111
110100000010100000011000
110011100101011000100011
110110101010111100001011
111000001001100011011000
000000001101011010111010
000100001111000011101001
001010100101100100101110
001100100100011111011101
001110000110001101100000
001110000011011100011001
001110101101001000111101
001100000010100011011100
000111000101001011100001
001001110110100111001111
111111110000010001000110
111011001000010011010100
110111010111100101110101
110110111110111000001001
110001001011000110010110
110001001110011001011100
101111111101001000110011
110010010010110101000100
110110000111110010001011
111100010110101010010001
000000111111100001111101
000011110100011011101010
000111110111101100111101
001101110010110110111111
001101000001010111001011
010000001101000101110001
010000001111111010001110
001101101010000100111010
001011001010010111100010
000110101000011100011010
111111111111111110000010
111011100110010101101001
110111011001011100100101
110001001100000100011101
101101101000101100101011
101111001010110111010111
